distance,mean_norm_contact
0,0.0593013965790003
40000,0.0376238396963968
80000,0.0183029995099924
120000,0.0136543992949129
160000,0.0111616806543028
2e+05,0.00949195540017205
240000,0.00825710476292227
280000,0.00730941309348677
320000,0.00653026820968442
360000,0.00588318139172668
4e+05,0.00534942047382214
440000,0.0048851923786181
480000,0.00448767605774899
520000,0.00414571369154121
560000,0.00384542100484633
6e+05,0.00358215177216844
640000,0.00334411286569145
680000,0.00312992995304834
720000,0.00294331184846437
760000,0.00276908032245992
8e+05,0.00261596930992684
840000,0.00247283396506046
880000,0.00234443704796851
920000,0.0022257601408062
960000,0.0021157793507998
1e+06,0.0020134755920508
1040000,0.00192322609142601
1080000,0.00183348601266552
1120000,0.00175042447393321
1160000,0.00168069601451479
1200000,0.00161468099211672
1240000,0.00154753664511566
1280000,0.00148775411471491
1320000,0.00142884810684378
1360000,0.00137724937179541
1400000,0.00132994355066396
1440000,0.00128242472255555
1480000,0.00123676329624664
1520000,0.00119706959474807
1560000,0.00115654001983849
1600000,0.00112382143611361
1640000,0.00108694119534822
1680000,0.0010515900190835
1720000,0.00102249434557941
1760000,0.000994335810546196
1800000,0.000965644263004344
1840000,0.000942253745600481
1880000,0.000916094975538657
1920000,0.000897246740342276
1960000,0.00087062198833319
2e+06,0.000849735746094726
2040000,0.000828779967681655
2080000,0.000810683628516141
2120000,0.000788965667694113
2160000,0.000773144858856231
2200000,0.000754498509690257
2240000,0.000739289550981508
2280000,0.000722490314455043
2320000,0.000710609269260075
2360000,0.000695895543533916
2400000,0.000682052830478716
2440000,0.000666834354531723
2480000,0.000656152788661379
2520000,0.000645124215537532
2560000,0.000636015971256784
2600000,0.0006222080578249
2640000,0.000613251160865323
2680000,0.000604134887571031
2720000,0.000593461626758766
2760000,0.000583859730592667
2800000,0.000575282025904621
2840000,0.000565523222399383
2880000,0.000559362758694682
2920000,0.000548923609608456
2960000,0.000542391656679263
3e+06,0.000533532919168303
3040000,0.000528255798528604
3080000,0.000523091828234678
3120000,0.000514773368161891
3160000,0.00050764203047788
3200000,0.00050159584154097
3240000,0.000495278768490675
3280000,0.000488341124115659
3320000,0.000482817685788355
3360000,0.000476979488758958
3400000,0.000471906847282867
3440000,0.000467130380050067
3480000,0.000462670087458306
3520000,0.000458069136274322
3560000,0.000451202787616219
3600000,0.000446738647718974
3640000,0.000442169193927376
3680000,0.000437077163640162
3720000,0.000432995186698947
3760000,0.000428885930165883
3800000,0.00042657554025941
3840000,0.000419398889787733
3880000,0.000416692570083824
3920000,0.000414436307710499
3960000,0.000409076893244599
4e+06,0.000406023380477605
4040000,0.000401686855183197
4080000,0.000398931074720673
4120000,0.000395003150770147
4160000,0.0003944254432142
4200000,0.000390507794170217
4240000,0.000384933173818899
4280000,0.000382381291606521
4320000,0.000381059554939815
4360000,0.000378743073652749
4400000,0.000375924528360458
4440000,0.000373029976194322
4480000,0.000369551137104836
4520000,0.000366777194648309
4560000,0.000364993300077531
4600000,0.000360595175773065
4640000,0.000359793509616026
4680000,0.000355234112581252
4720000,0.000352905774450728
4760000,0.000349249129881771
4800000,0.000348943992026023
4840000,0.000346878568024159
4880000,0.000343242713640588
4920000,0.000342318244297126
4960000,0.000339913265781565
5e+06,0.000338452546361573
5040000,0.000335537559389982
5080000,0.000334124055412693
5120000,0.000332008079393577
5160000,0.000330461112103839
5200000,0.000327398214502508
5240000,0.000326215250644587
5280000,0.000324470844425636
5320000,0.000322012520827606
5360000,0.000320971506450425
5400000,0.000319857219102183
5440000,0.000317195536826594
5480000,0.000315763779124749
5520000,0.000314444083424344
5560000,0.000312244874819607
5600000,0.000312110028004213
5640000,0.000309588690356693
5680000,0.000308491717204032
5720000,0.000307709577120926
5760000,0.000305710677439972
5800000,0.000303926238705262
5840000,0.000303307943068696
5880000,0.000302702573031767
5920000,0.000301364572910027
5960000,0.000299108318722436
6e+06,0.00029841141535446
6040000,0.000298241858203189
6080000,0.000296045547195408
6120000,0.000295610344229889
6160000,0.000292865820797412
6200000,0.000292998717351617
6240000,0.000289752526953058
6280000,0.000288874269420862
6320000,0.000286751331948145
6360000,0.000287621245392409
6400000,0.000285900552111122
6440000,0.000284098429147852
6480000,0.000284090865774621
6520000,0.000282801911958761
6560000,0.000281469991557458
6600000,0.000279730938391115
6640000,0.000279495654717465
6680000,0.000278731214406019
6720000,0.0002790262203697
6760000,0.000276609118940006
6800000,0.000276097982483587
6840000,0.000275300759564051
6880000,0.000273618164306366
6920000,0.000274434704426842
6960000,0.000272246442765024
7e+06,0.000271976810845234
7040000,0.00027127982084247
7080000,0.00027059188148583
7120000,0.000269011519923133
7160000,0.000269863375381913
7200000,0.00026905169210349
7240000,0.000267878115577781
7280000,0.000266606903660662
7320000,0.000265841975399518
7360000,0.000264637320865498
7400000,0.000263617612401804
7440000,0.000263437578566356
7480000,0.000263104940973791
7520000,0.000262275731117466
7560000,0.000262158372806602
7600000,0.00025968172240165
7640000,0.000261093613720726
7680000,0.000260304421319781
7720000,0.000260194833922241
7760000,0.000258703271187943
7800000,0.000258766356696773
7840000,0.000258321531275398
7880000,0.000257396803267024
7920000,0.000257376832080278
7960000,0.000255984094892309
8e+06,0.000255066413120944
8040000,0.000255362731274888
8080000,0.000254992440187922
8120000,0.00025383170002308
8160000,0.000251529190865432
8200000,0.000251825965042174
8240000,0.000251393412814614
8280000,0.000251799418748918
8320000,0.000250709911557686
8360000,0.000249588440745229
8400000,0.000250244784392236
8440000,0.00025089264455562
8480000,0.000249196517287753
8520000,0.000247363186101737
8560000,0.000247448646215767
8600000,0.000246417012688406
8640000,0.000246817210820819
8680000,0.000245879597166269
8720000,0.000246472925359114
8760000,0.000244780607867888
8800000,0.000245247069979556
8840000,0.000243699755178831
8880000,0.000241941946134831
8920000,0.000242209175638211
8960000,0.000241853299762776
9e+06,0.000242812397316361
9040000,0.00024114735041498
9080000,0.000239734031852972
9120000,0.000241335221446305
9160000,0.000240533831297791
9200000,0.000238100484551336
9240000,0.000240196520694245
9280000,0.000238744474173953
9320000,0.000238408653453253
9360000,0.00023855405632514
9400000,0.000237091705039914
9440000,0.00023648011465048
9480000,0.000236407144747224
9520000,0.000235216500513602
9560000,0.000236315974147049
9600000,0.000236853750671369
9640000,0.00023491722597142
9680000,0.000235884215724014
9720000,0.000234100704555398
9760000,0.000234352253418361
9800000,0.000232679193959742
9840000,0.000233708243388446
9880000,0.000233681033088392
9920000,0.000232888084879263
9960000,0.00023293963324198
1e+07,0.00023219468510196
10040000,0.000232454273149825
10080000,0.000231395032322636
10120000,0.00023142749039494
10160000,0.000230844392913154
10200000,0.000230225631017347
10240000,0.000231061447478537
10280000,0.000229447183713238
10320000,0.000230003669002538
10360000,0.000229654618721698
10400000,0.000228983915166799
10440000,0.00022837705964022
10480000,0.000227187639429318
10520000,0.00022819025611842
10560000,0.000228463567619524
10600000,0.000226382694812203
10640000,0.000225833995659189
10680000,0.000226048571360458
10720000,0.000226356981794423
10760000,0.000224949001482461
10800000,0.000225897029520706
10840000,0.00022603976803635
10880000,0.000224570094035213
10920000,0.000224082300448097
10960000,0.000224333475455179
1.1e+07,0.000224143110726451
11040000,0.00022325074339968
11080000,0.000223859166811382
11120000,0.000222756492315093
11160000,0.000223846146136448
11200000,0.00022266609549601
11240000,0.000222661693934044
11280000,0.000221061693595885
11320000,0.000221070325608232
11360000,0.000222056524882101
11400000,0.000221956736484024
11440000,0.000220702670703399
11480000,0.00022103123590014
11520000,0.000221551911796642
11560000,0.000219800167235352
11600000,0.00022102254510601
11640000,0.000220685863724524
11680000,0.000218998593996894
11720000,0.000219868053521531
11760000,0.000219380749952732
11800000,0.000217814765119359
11840000,0.000217757165010659
11880000,0.000218385585455624
11920000,0.000218365539582197
11960000,0.000218050533812267
1.2e+07,0.00021867244171608
12040000,0.000218752977883282
12080000,0.000217381421695383
12120000,0.000218555202248954
12160000,0.000217680302598466
12200000,0.00021642829407879
12240000,0.000216527307038471
12280000,0.000215442443589009
12320000,0.00021489608053125
12360000,0.000215535964976973
12400000,0.000214655505187679
12440000,0.000213204342690962
12480000,0.000215026241044022
12520000,0.000214877437015951
12560000,0.000214729632958193
12600000,0.000214324653509976
12640000,0.000213502483761659
12680000,0.000213958222595108
12720000,0.000213699983655328
12760000,0.000213415241793109
12800000,0.000213190621264211
12840000,0.000212919551609266
12880000,0.000212591835092378
12920000,0.000212769015680064
12960000,0.000212866983467994
1.3e+07,0.000211124844696055
13040000,0.000212173722287268
13080000,0.000211300539874775
13120000,0.000210833354547419
13160000,0.000210451398440279
13200000,0.000210524404694777
13240000,0.000211103475672267
13280000,0.000211203543089123
13320000,0.000210546381448055
13360000,0.000208880382187329
13400000,0.000210525841648035
13440000,0.000210922614277036
13480000,0.000209146082157296
13520000,0.000208608146129785
13560000,0.000210808055880206
13600000,0.000210264585801248
13640000,0.000209967456362785
13680000,0.000209230453112006
13720000,0.000209051921725849
13760000,0.000207973641414753
13800000,0.000208439921245342
13840000,0.000208805863179659
13880000,0.000208342070000172
13920000,0.000206632223190072
13960000,0.000207965404668059
1.4e+07,0.000207282445190953
14040000,0.000207058241987737
14080000,0.000206684044214528
14120000,0.000206138479951293
14160000,0.000206769482177243
14200000,0.000206038699788654
14240000,0.00020605955402522
14280000,0.000205789379386889
14320000,0.000205582770009844
14360000,0.000205804987043704
14400000,0.000205608641331307
14440000,0.000205134910544264
14480000,0.000204332024149538
14520000,0.000205934266245675
14560000,0.000205640680914591
14600000,0.000205985730065287
14640000,0.000204804947683304
14680000,0.000204420298818632
14720000,0.000205161533213055
14760000,0.000204434347496434
14800000,0.00020510008831486
14840000,0.000203674568049855
14880000,0.000203471229005263
14920000,0.000203807023579303
14960000,0.000204630100196641
1.5e+07,0.000202936778807638
15040000,0.000203945958018975
15080000,0.000203104271749694
15120000,0.00020336061035491
15160000,0.000203625713878629
15200000,0.000202537044854357
15240000,0.000202631791171588
15280000,0.000202423701929485
15320000,0.000201440265883865
15360000,0.00020223678316443
15400000,0.000201940925660687
15440000,0.000201712319943462
15480000,0.000201097645085153
15520000,0.000201430530467931
15560000,0.000200411596834842
15600000,0.000201232276630004
15640000,0.000200770738066887
15680000,0.000201657912019344
15720000,0.000199278969136934
15760000,0.000202053228433692
15800000,0.00020070643192989
15840000,0.000199528138421672
15880000,0.000200346045566366
15920000,0.000200339457248695
15960000,0.000200301021929842
1.6e+07,0.000200063420656052
16040000,0.000199808196339773
16080000,0.000199935822336607
16120000,0.000199876401306999
16160000,0.000198708791688276
16200000,0.00019931848544395
16240000,0.000198588365323301
16280000,0.000198553593877477
16320000,0.000197951630988321
16360000,0.00019858818296134
16400000,0.000196675428426492
16440000,0.000198726593695919
16480000,0.000197548077464088
16520000,0.000198618704492541
16560000,0.00019798287036588
16600000,0.000197740570671961
16640000,0.000197442128056682
16680000,0.000198525756260816
16720000,0.000197497838693265
16760000,0.000197716475112786
16800000,0.000196689458102298
16840000,0.000197136628407957
16880000,0.000196568910276014
16920000,0.000196199562377459
16960000,0.000196997452304515
1.7e+07,0.00019756139101715
17040000,0.000196249996140296
17080000,0.000196590088895311
17120000,0.000196998298393555
17160000,0.000196182901654376
17200000,0.000197172180856461
17240000,0.000195758919909426
17280000,0.00019573110608806
17320000,0.000196217404448126
17360000,0.000195808100185137
17400000,0.000195630756441726
17440000,0.000195604510552492
17480000,0.000194437826165475
17520000,0.000194226406236729
17560000,0.000195293999667633
17600000,0.000194271144700953
17640000,0.000194038727872661
17680000,0.000192579230292737
17720000,0.000193449971131228
17760000,0.000193126671481089
17800000,0.000194223870267837
17840000,0.000192536859635141
17880000,0.000193640109318969
17920000,0.000193345724434691
17960000,0.00019233347390489
1.8e+07,0.000192031374265196
18040000,0.000193553863037411
18080000,0.000193245320920006
18120000,0.000193588709514566
18160000,0.000193117952289916
18200000,0.000191811704731311
18240000,0.000193770364197777
18280000,0.000193276678726907
18320000,0.000193782920595425
18360000,0.000192116830544099
18400000,0.000191778396098394
18440000,0.000193067285856469
18480000,0.000190865117807754
18520000,0.00019394378625822
18560000,0.000191615870056911
18600000,0.000191595632875643
18640000,0.000192844834533691
18680000,0.000192953701571668
18720000,0.000192398422318937
18760000,0.000192532489186014
18800000,0.000191847225364893
18840000,0.000191393963668094
18880000,0.000192479713594642
18920000,0.000190852970091973
18960000,0.000191386943822067
1.9e+07,0.000191273488470397
19040000,0.000192258426747835
19080000,0.00019103150391848
19120000,0.000191141380121733
19160000,0.000191345014461195
19200000,0.000191988866710829
19240000,0.000190833113276696
19280000,0.000189906869242227
19320000,0.000191484840133066
19360000,0.000190386035954017
19400000,0.000189953972495239
19440000,0.000189336428473457
19480000,0.000190017567166117
19520000,0.000189050762854908
19560000,0.000188267937852038
19600000,0.000189638162720341
19640000,0.000190571015305599
19680000,0.000188198875074774
19720000,0.000189138355690972
19760000,0.000188656804254017
19800000,0.000188274103983878
19840000,0.000188762930218266
19880000,0.00018868988219409
19920000,0.000188986060441522
19960000,0.000189096196792723
2e+07,0.00018812754220089
20040000,0.000186913127208495
20080000,0.000188612234563743
20120000,0.000188366806392419
20160000,0.000188171319259603
20200000,0.000187969716809579
20240000,0.000186941755482297
20280000,0.000186553688027219
20320000,0.000186371930757086
20360000,0.000188233314955485
20400000,0.000188247327759401
20440000,0.000186989354943793
20480000,0.000186540548308232
20520000,0.000186798416958076
20560000,0.000187463403230857
20600000,0.000186495905613334
20640000,0.000186093713609429
20680000,0.000186627381858022
20720000,0.000186604071166606
20760000,0.000186059287621703
20800000,0.000185465996506015
20840000,0.00018614928620618
20880000,0.000185534935787996
20920000,0.000185138322933818
20960000,0.000186181817253349
2.1e+07,0.000185813698697824
21040000,0.000185348174052194
21080000,0.000185862792074875
21120000,0.000186416874965455
21160000,0.000184706628772929
21200000,0.000183827750762584
21240000,0.00018451193076102
21280000,0.000184556289216446
21320000,0.000185306999076828
21360000,0.000184262828670396
21400000,0.000183178511460799
21440000,0.000184389712652701
21480000,0.000184360736924869
21520000,0.000183086373294782
21560000,0.000184174261336725
21600000,0.000183467416264289
21640000,0.000184299586615081
21680000,0.00018399045844552
21720000,0.000184376428137537
21760000,0.000183497319621163
21800000,0.000183552747629781
21840000,0.000183289891560076
21880000,0.000182144983183388
21920000,0.000182321528871114
21960000,0.000183235736996643
2.2e+07,0.00018241880812147
22040000,0.000183886348696727
22080000,0.000183278775498941
22120000,0.000182947703133319
22160000,0.000182644635302568
22200000,0.000183151838369426
22240000,0.000184398596587063
22280000,0.000182523970361741
22320000,0.00018214392119061
22360000,0.000180898894841072
22400000,0.000182558833327149
22440000,0.000181627115620477
22480000,0.000181139823843291
22520000,0.00018071518590781
22560000,0.00018089650431457
22600000,0.0001826396487309
22640000,0.000182411454098535
22680000,0.000181815850115852
22720000,0.000180826039688635
22760000,0.000181271128506926
22800000,0.000181738427970347
22840000,0.000179700596578942
22880000,0.00018121466712702
22920000,0.000180262024918488
22960000,0.000180827345949624
2.3e+07,0.000179492753940519
23040000,0.000179636474783479
23080000,0.000180018956310494
23120000,0.000179686691329746
23160000,0.000181047302558709
23200000,0.000179899854433366
23240000,0.000179870059866619
23280000,0.000181367145404532
23320000,0.000180358901369635
23360000,0.00017943853940049
23400000,0.00017874718368895
23440000,0.000180694022194657
23480000,0.000180730127298111
23520000,0.000179289460903311
23560000,0.000179345282308595
23600000,0.000179429832926949
23640000,0.000178724920077285
23680000,0.000179750253948385
23720000,0.000179118661192698
23760000,0.000178811165134228
23800000,0.000179135088326906
23840000,0.000177802621096321
23880000,0.000177049250307611
23920000,0.000177448675819657
23960000,0.000178130141319383
2.4e+07,0.000178723347275127
24040000,0.000180001451273557
24080000,0.000178707826132063
24120000,0.000179374111085169
24160000,0.000178984861120179
24200000,0.000179839764136612
24240000,0.000178768865625922
24280000,0.000178810961566945
24320000,0.000178197334467352
24360000,0.00017740651943008
24400000,0.000178514499795234
24440000,0.00017965141805341
24480000,0.000178008441304913
24520000,0.00017934643395867
24560000,0.000179481734038135
24600000,0.000178865678957202
24640000,0.000180520239738108
24680000,0.000178235958141946
24720000,0.000179730137268313
24760000,0.000178280458285817
24800000,0.0001787077054454
24840000,0.00017799632382376
24880000,0.000176692446337361
24920000,0.000177061980495299
24960000,0.000176560783210714
2.5e+07,0.000176332352316285
25040000,0.000177082813339419
25080000,0.000177300067059597
25120000,0.000176434065945692
25160000,0.000176124202358474
25200000,0.000176569386372865
25240000,0.000175508225140947
25280000,0.000176591752848712
25320000,0.00017565858708954
25360000,0.000175482709466188
25400000,0.00017674424130201
25440000,0.00017654242162474
25480000,0.000176043682087995
25520000,0.000176482002075792
25560000,0.000174525801276578
25600000,0.000175701072752555
25640000,0.00017589534264029
25680000,0.000176125157659827
25720000,0.000176047540293213
25760000,0.00017655968453278
25800000,0.000176281569014361
25840000,0.00017481240704662
25880000,0.000175197616090575
25920000,0.000175406605093409
25960000,0.000174757575683361
2.6e+07,0.000174692875951228
26040000,0.000174361476920982
26080000,0.000175521689950493
26120000,0.000174627754482254
26160000,0.00017416930157737
26200000,0.000174353448521088
26240000,0.00017311146104859
26280000,0.000173633475164151
26320000,0.000174024371015758
26360000,0.000173742079496263
26400000,0.000172959135305625
26440000,0.000173228375453741
26480000,0.000174483763696663
26520000,0.00017392710423382
26560000,0.000173712494971374
26600000,0.000173590970679236
26640000,0.000174095643042435
26680000,0.000172947325606159
26720000,0.000174325126083092
26760000,0.000174070584933575
26800000,0.000173769584967023
26840000,0.000173328716444345
26880000,0.000173732031207291
26920000,0.00017387773748035
26960000,0.000172576423727161
2.7e+07,0.000173191202198481
27040000,0.000174451100477783
27080000,0.000171237627907515
27120000,0.000172934504809694
27160000,0.000171740778381504
27200000,0.000171445526865715
27240000,0.000171812699089478
27280000,0.000170795421826742
27320000,0.000171568356035184
27360000,0.000170998154748529
27400000,0.000171407354985342
27440000,0.000172265315870047
27480000,0.000172651743595201
27520000,0.00017181101009226
27560000,0.000171243040433896
27600000,0.000171289261419908
27640000,0.000171933319807648
27680000,0.000170409663335539
27720000,0.00017191433072124
27760000,0.000170729212172076
27800000,0.00017061509013909
27840000,0.000171399935255783
27880000,0.000171267615008244
27920000,0.000171222623792624
27960000,0.000170811263645651
2.8e+07,0.000170995630922688
28040000,0.000171341967971352
28080000,0.000171447293619767
28120000,0.000170882877282949
28160000,0.000170088936661012
28200000,0.000170524059028915
28240000,0.000169826715612161
28280000,0.000169384388355526
28320000,0.000171328277671557
28360000,0.000170340427548215
28400000,0.000169097376692701
28440000,0.000170814422561164
28480000,0.000170137779539078
28520000,0.000170512508085006
28560000,0.000170379026398624
28600000,0.000170752925498543
28640000,0.000170260551437466
28680000,0.00016905017761276
28720000,0.000169536972751968
28760000,0.000170292387715807
28800000,0.000170434766794072
28840000,0.000169563081254422
28880000,0.000170010328559015
28920000,0.000169778548578239
28960000,0.000169822378306328
2.9e+07,0.000169055894781179
29040000,0.000168762335218853
29080000,0.000169793944068608
29120000,0.000169530669943415
29160000,0.000168955682728025
29200000,0.000169085577235129
29240000,0.000168935946414809
29280000,0.000168567695609516
29320000,0.000167297428952708
29360000,0.000168178400387411
29400000,0.000168019107346579
29440000,0.000167932122144503
29480000,0.000167508055535545
29520000,0.00016739545807958
29560000,0.000168257944353013
29600000,0.000168577945804997
29640000,0.000167471849187162
29680000,0.000168356374275605
29720000,0.000167882190600911
29760000,0.000166766328067555
29800000,0.000166526426313137
29840000,0.000166963639806771
29880000,0.000167443559428069
29920000,0.000166052633469204
29960000,0.000166977364143131
3e+07,0.000166933496115547
30040000,0.000165371457914352
30080000,0.00016642969772494
30120000,0.000165725298885156
30160000,0.000165786725120013
30200000,0.00016714665685813
30240000,0.000166731250031615
30280000,0.000166684689885265
30320000,0.000166486490054544
30360000,0.000167540238475318
30400000,0.000166061255942779
30440000,0.000166517896292983
30480000,0.000165562566647301
30520000,0.000165930909713972
30560000,0.000165303446806721
30600000,0.000165110594765112
30640000,0.000165954572408518
30680000,0.000166083758962041
30720000,0.000165404541295197
30760000,0.000165296132595379
30800000,0.000165415535874793
30840000,0.000164714424452616
30880000,0.000164832755306477
30920000,0.000164327932863484
30960000,0.000164648334993125
3.1e+07,0.000163807912135457
31040000,0.000163843306532296
31080000,0.000163944350137423
31120000,0.000164588254957438
31160000,0.000164790346661019
31200000,0.000163438801992324
31240000,0.000163539965361832
31280000,0.000163757412724244
31320000,0.000164145335841938
31360000,0.000164062569340613
31400000,0.000163944613606715
31440000,0.000161839363354358
31480000,0.000164751964213677
31520000,0.000163959669718633
31560000,0.00016348856942304
31600000,0.000163560584455274
31640000,0.000163351120757751
31680000,0.000163266205085157
31720000,0.000163636220231185
31760000,0.00016447509364411
31800000,0.000162891902561191
31840000,0.000162907008849603
31880000,0.000163836604024964
31920000,0.000163095485950376
31960000,0.000161651696501031
3.2e+07,0.000162905755068653
32040000,0.000163001197505742
32080000,0.000162561496091659
32120000,0.000163009619498065
32160000,0.000162250582861622
32200000,0.000162664156914924
32240000,0.000162385439120102
32280000,0.00016336094485078
32320000,0.000162152616734098
32360000,0.000162186391090105
32400000,0.000162396079745502
32440000,0.000161929108122026
32480000,0.000161805070091118
32520000,0.000161863531397249
32560000,0.000162770433141409
32600000,0.000162292161906444
32640000,0.000161770849243852
32680000,0.000162200888815124
32720000,0.000161999533533914
32760000,0.000162161585182301
32800000,0.000160428354838887
32840000,0.000160934565896638
32880000,0.000161508389465887
32920000,0.000161706872618535
32960000,0.000161278441642956
3.3e+07,0.000160428007737918
33040000,0.000160254249889426
33080000,0.000160902020603725
33120000,0.000160819753407104
33160000,0.000160144717335805
33200000,0.000161503012688496
33240000,0.000159690228073888
33280000,0.0001600372045417
33320000,0.000159696644327369
33360000,0.000160695749120259
33400000,0.000160563232885422
33440000,0.000159794607882434
33480000,0.000160064832267815
33520000,0.000160425700408688
33560000,0.000159788864108983
33600000,0.000159922402165314
33640000,0.000159980725856758
33680000,0.000159792532219453
33720000,0.000160651186907364
33760000,0.000160015664954978
33800000,0.000158840642589127
33840000,0.000159468359058459
33880000,0.000160276618652354
33920000,0.00015990543555679
33960000,0.000159753049824673
3.4e+07,0.000158859051031327
34040000,0.000159530494159219
34080000,0.000159187572121635
34120000,0.000159724601947658
34160000,0.000158876278665008
34200000,0.00015936811725703
34240000,0.000159514438598871
34280000,0.000158913233199444
34320000,0.000158561689698721
34360000,0.000158864524852929
34400000,0.000158335410855086
34440000,0.000158016255195035
34480000,0.000158499031320534
34520000,0.000157602360116521
34560000,0.00015869845491754
34600000,0.000158799815559196
34640000,0.000158868766054619
34680000,0.000157859107744175
34720000,0.00015814789034311
34760000,0.000157557996639777
34800000,0.000157959819161357
34840000,0.000157494955320776
34880000,0.000158165114691895
34920000,0.000157918650198102
34960000,0.000158006940133099
3.5e+07,0.000158371215066339
35040000,0.000157393740657902
35080000,0.000156918693904052
35120000,0.00015761025915901
35160000,0.000158711039430094
35200000,0.000156865962135876
35240000,0.000157387042140319
35280000,0.000157233745087591
35320000,0.000156878684689288
35360000,0.000156667910754667
35400000,0.000157506254003453
35440000,0.00015624539542498
35480000,0.000156969581353719
35520000,0.000156629319831561
35560000,0.00015621242113871
35600000,0.000156894579642376
35640000,0.000155619218750945
35680000,0.000156139537822867
35720000,0.00015665253089131
35760000,0.000156058056598464
35800000,0.000156574931539769
35840000,0.000155264708512597
35880000,0.000156008507867155
35920000,0.000156207675525306
35960000,0.000152859195269577
3.6e+07,0.000155291076497782
36040000,0.000154189999246211
36080000,0.000156024440483614
36120000,0.000154640050240599
36160000,0.000155441935083913
36200000,0.000154570554110519
36240000,0.000155112586060479
36280000,0.00015422377904936
36320000,0.000155214611344408
36360000,0.000155939299308024
36400000,0.000154647172667625
36440000,0.000154269609704102
36480000,0.000155446229258033
36520000,0.000154584771201211
36560000,0.000154246522732465
36600000,0.000153442625526626
36640000,0.000153718648873558
36680000,0.000153401423339428
36720000,0.000154263045837827
36760000,0.000154003535370218
36800000,0.000154618051793792
36840000,0.000154043824348611
36880000,0.000154727410565361
36920000,0.000153467119958905
36960000,0.000154789770574898
3.7e+07,0.000153703305494268
37040000,0.000152972648385922
37080000,0.000154818287995718
37120000,0.000153461891411202
37160000,0.000154085586722762
37200000,0.000153394294083597
37240000,0.000153532516369588
37280000,0.000152972551742988
37320000,0.000154018008419272
37360000,0.00015268421339256
37400000,0.000153753760337343
37440000,0.000154266658750659
37480000,0.000153704484863485
37520000,0.000154017977666657
37560000,0.00015357690065493
37600000,0.00015319084046811
37640000,0.000153422805818305
37680000,0.00015213767736048
37720000,0.000153930826606839
37760000,0.000152615450286924
37800000,0.000153036147017764
37840000,0.000152538770319604
37880000,0.000152119193041856
37920000,0.000152776880180939
37960000,0.000151984489734181
3.8e+07,0.000153472426555212
38040000,0.000152384570366814
38080000,0.000153184982057924
38120000,0.00015194397157633
38160000,0.000153839072077422
38200000,0.00015290384273424
38240000,0.000151845042264182
38280000,0.000153273851106104
38320000,0.000152935471574623
38360000,0.000153712322288227
38400000,0.000153107950144566
38440000,0.000152528707046621
38480000,0.000152681221473634
38520000,0.000152319175357982
38560000,0.000152370801358483
38600000,0.000152683430425721
38640000,0.000152645454263014
38680000,0.000152029714276024
38720000,0.000151659230548176
38760000,0.0001524279640908
38800000,0.000152876698345584
38840000,0.000151992385233402
38880000,0.000152451539171246
38920000,0.000151691716148205
38960000,0.000153071321853443
3.9e+07,0.000152790444821491
39040000,0.00015167819495103
39080000,0.000152242067009473
39120000,0.000151024163159276
39160000,0.000152235912027508
39200000,0.000150831541048138
39240000,0.000151615122119299
39280000,0.00015145391541785
39320000,0.000151436995473629
39360000,0.000151837952782042
39400000,0.000152070706197882
39440000,0.000151382713769228
39480000,0.000152879856607401
39520000,0.000150769479316686
39560000,0.000151284074394109
39600000,0.00015082831492157
39640000,0.000151236112188202
39680000,0.000151562936142042
39720000,0.000151913591662003
39760000,0.00015137339860678
39800000,0.000150333842127277
39840000,0.000149810174729361
39880000,0.000151313096295119
39920000,0.000151053330817038
39960000,0.000150199663246635
4e+07,0.00015105765083625
40040000,0.000151155465093439
40080000,0.000152144648599095
40120000,0.000151123203833341
40160000,0.000150081385944257
40200000,0.000150937016076612
40240000,0.000150715909159744
40280000,0.000149869454870306
40320000,0.000150290818813026
40360000,0.000150096254346562
40400000,0.000150356419703177
40440000,0.00015001287036417
40480000,0.000150758556240022
40520000,0.000149616791348971
40560000,0.000151871239055016
40600000,0.000151435485352478
40640000,0.000151679703667503
40680000,0.00015004939064102
40720000,0.000150574799023791
40760000,0.000149366890218228
40800000,0.000150844642864621
40840000,0.000149500751608655
40880000,0.000149745795876902
40920000,0.000149332947582842
40960000,0.000149715533464052
4.1e+07,0.000149721609714498
41040000,0.000150466248728448
41080000,0.000148928244348324
41120000,0.00014986326494665
41160000,0.000149996250024419
41200000,0.000149980670223642
41240000,0.000147852432400249
41280000,0.000149340107481873
41320000,0.000149533805817615
41360000,0.000149573023103531
41400000,0.000150288456240132
41440000,0.000149331527037755
41480000,0.000148591765147304
41520000,0.000149015239311226
41560000,0.000148860008246914
41600000,0.00014831018115919
41640000,0.00014895769547247
41680000,0.000148913345069939
41720000,0.000147476911189114
41760000,0.00014849092180416
41800000,0.000148344485822128
41840000,0.000148334501583522
41880000,0.000148673237819939
41920000,0.000149873409369311
41960000,0.000149454803324353
4.2e+07,0.000149869489596122
42040000,0.000149468854690038
42080000,0.000148647409801244
42120000,0.00014725728256693
42160000,0.000149772801617047
42200000,0.000147687307046308
42240000,0.00014897328351375
42280000,0.000148761430586808
42320000,0.000148693135833631
42360000,0.000149355337849076
42400000,0.000147666341789516
42440000,0.000147405971306302
42480000,0.000148417175064949
42520000,0.000148910673194735
42560000,0.000148791031987118
42600000,0.000147498520879922
42640000,0.000148590608464534
42680000,0.000148899395862567
42720000,0.000148351090762878
42760000,0.000149208836641812
42800000,0.000148961472371256
42840000,0.000147868541970111
42880000,0.000148878805413589
42920000,0.000148016087007366
42960000,0.000148147595713844
4.3e+07,0.000148131211478545
43040000,0.000148061840467821
43080000,0.000147606133815045
43120000,0.000147806049179634
43160000,0.000147162672181606
43200000,0.000147961825881879
43240000,0.000148590156014185
43280000,0.000147153658184461
43320000,0.000147332729820946
43360000,0.000147967994740598
43400000,0.000147932895668177
43440000,0.000146888658750847
43480000,0.000147993499478185
43520000,0.000146308861589738
43560000,0.000147400743555402
43600000,0.000148131475532496
43640000,0.000147411747415405
43680000,0.000147175300756147
43720000,0.000146025598826472
43760000,0.000146964313260001
43800000,0.000146735070431675
43840000,0.000147255966142575
43880000,0.000146689969760748
43920000,0.000147883389924741
43960000,0.000146763642424714
4.4e+07,0.000146596490464225
44040000,0.000147217596021661
44080000,0.000147005201678645
44120000,0.000147789343849625
44160000,0.000146802944203763
44200000,0.000146165092097087
44240000,0.000146543417575587
44280000,0.000145351276499764
44320000,0.000146291391089901
44360000,0.000145749313303822
44400000,0.000146165449640585
44440000,0.000145947853058315
44480000,0.000146002827031272
44520000,0.000146378155868397
44560000,0.00014636778563085
44600000,0.00014496301734955
44640000,0.000145592255173092
44680000,0.000145616446501156
44720000,0.00014503457962688
44760000,0.000145471639591512
44800000,0.000145448113767154
44840000,0.00014689420078641
44880000,0.000145100811260641
44920000,0.000145322394732016
44960000,0.000146360679865481
4.5e+07,0.000146687188728752
45040000,0.000146949331983587
45080000,0.000145744899743253
45120000,0.000146605253010395
45160000,0.000148053318243396
45200000,0.00014779014437567
45240000,0.00014699970666495
45280000,0.000146855153443457
45320000,0.00014650275066706
45360000,0.000147224707911818
45400000,0.000145816319572006
45440000,0.000145548191683908
45480000,0.000146734933110417
45520000,0.000145866747187955
45560000,0.000145655423988696
45600000,0.000145009265606011
45640000,0.000145284609717257
45680000,0.00014515091760331
45720000,0.000144522432718534
45760000,0.00014535431882818
45800000,0.000145393755888152
45840000,0.000144874884365823
45880000,0.000146411901161388
45920000,0.000144418710953322
45960000,0.00014522192858356
4.6e+07,0.000144215014018192
46040000,0.000144843170008702
46080000,0.000145439263998927
46120000,0.00014537040638117
46160000,0.000145251030660369
46200000,0.000145078490637609
46240000,0.000143777359462345
46280000,0.000143221751060137
46320000,0.0001444274488782
46360000,0.000144890207371388
46400000,0.000144134502708259
46440000,0.000143751737701384
46480000,0.000144919138822598
46520000,0.000144513295725407
46560000,0.000143146062652459
46600000,0.000143668656755551
46640000,0.000144236705630647
46680000,0.000144806718277459
46720000,0.000144753841350354
46760000,0.00014478378881183
46800000,0.000146738971325061
46840000,0.000143805732439381
46880000,0.000144700668934658
46920000,0.000143919742201575
46960000,0.00014422105912467
4.7e+07,0.000143392210387118
47040000,0.000144802910718063
47080000,0.000144173981216162
47120000,0.0001431528796663
47160000,0.000144223411786663
47200000,0.000142884025682932
47240000,0.00014359073035399
47280000,0.000143685080682992
47320000,0.000144121780734354
47360000,0.000143575518056063
47400000,0.000143092740707184
47440000,0.000144871233557101
47480000,0.00014370940857874
47520000,0.000142756556973584
47560000,0.000143794867187383
47600000,0.000143676625027128
47640000,0.00014393689170331
47680000,0.000143492764803593
47720000,0.000144217464152532
47760000,0.000143070366183464
47800000,0.000143415595168514
47840000,0.000143208919223318
47880000,0.000143264447256121
47920000,0.000143787554274545
47960000,0.00014424839554559
4.8e+07,0.000143423891214999
48040000,0.000144267184611593
48080000,0.000142489124539246
48120000,0.000142895519958508
48160000,0.000142955701020693
48200000,0.000143046623100813
48240000,0.000143322741310831
48280000,0.000142709741401229
48320000,0.000142578020844058
48360000,0.00014246869769886
48400000,0.000141883745719356
48440000,0.000143397474427487
48480000,0.000143420542628854
48520000,0.000142635928744599
48560000,0.000142289307032506
48600000,0.000142189340835837
48640000,0.000142812071334761
48680000,0.000143550653072223
48720000,0.000142636535874363
48760000,0.000142979358066873
48800000,0.00014334967072542
48840000,0.000142783697705451
48880000,0.000142739940999341
48920000,0.000142807349956978
48960000,0.000142518493072467
4.9e+07,0.000143864704522824
49040000,0.00014357571579401
49080000,0.000142207488940104
49120000,0.000142054856468494
49160000,0.000141088924886584
49200000,0.00014246169109854
49240000,0.000140896274015244
49280000,0.000141785353498395
49320000,0.000141744286158386
49360000,0.000142105033624192
49400000,0.000142736691910792
49440000,0.000142385514521991
49480000,0.000141965387995029
49520000,0.000141795567729742
49560000,0.000141691591134582
49600000,0.000142481535625502
49640000,0.000142148313184091
49680000,0.000142205652683575
49720000,0.000140759372231406
49760000,0.000141835239268596
49800000,0.000142015283858693
49840000,0.000140639395845897
49880000,0.000142214263946914
49920000,0.00014165344934758
49960000,0.000141946793894291
5e+07,0.000140401817394637
50040000,0.000141849801168154
50080000,0.000141126920489712
50120000,0.000141351988798831
50160000,0.000140531099151066
50200000,0.000140357874134236
50240000,0.00014080425922443
50280000,0.000140258264612835
50320000,0.000140048399225217
50360000,0.000140285912382147
50400000,0.000141521887773832
50440000,0.000142448107448526
50480000,0.000140462705947096
50520000,0.000141373446716158
50560000,0.000140411987306626
50600000,0.000140233139833845
50640000,0.000140569233770848
50680000,0.00014093355987014
50720000,0.000140812657377525
50760000,0.000139850088530612
50800000,0.00014151263132744
50840000,0.000141231979275531
50880000,0.000141454751467855
50920000,0.000139871402371889
50960000,0.000139846044069881
5.1e+07,0.000140357808449988
51040000,0.000139958669738576
51080000,0.000139206115415573
51120000,0.000139837146204541
51160000,0.000139401801942462
51200000,0.000140177968610539
51240000,0.000139913443742619
51280000,0.000141022972564481
51320000,0.000139839134697982
51360000,0.000139129537914788
51400000,0.00014060395864943
51440000,0.000140496928328236
51480000,0.000140102848789085
51520000,0.00014055664273979
51560000,0.00013997176547644
51600000,0.000139016536472006
51640000,0.000138928600324363
51680000,0.000141208565290261
51720000,0.00013823671757965
51760000,0.000139467203380628
51800000,0.000138857837343734
51840000,0.000139263357638038
51880000,0.000139421546344666
51920000,0.000139618361487136
51960000,0.00013934702970171
5.2e+07,0.000138937196196874
52040000,0.000139397551471453
52080000,0.000138736851545664
52120000,0.000138657118358442
52160000,0.000139189137136729
52200000,0.000138847986771632
52240000,0.000140567260874313
52280000,0.000137466900467506
52320000,0.000139470417731294
52360000,0.000138989382227538
52400000,0.000140591990314097
52440000,0.000138378515856661
52480000,0.000139213128199751
52520000,0.000138848225954379
52560000,0.000138117041043592
52600000,0.000138786234689837
52640000,0.000139386313488576
52680000,0.000139686282491219
52720000,0.000139031516751771
52760000,0.000138079523678516
52800000,0.00013936584698777
52840000,0.000139673575957441
52880000,0.000139499803907543
52920000,0.000139122209188425
52960000,0.000139045179268602
5.3e+07,0.000138635860132291
53040000,0.000139251651376293
53080000,0.000139761133559467
53120000,0.00013748314848868
53160000,0.000138844717252585
53200000,0.000138590963882947
53240000,0.000138504433328893
53280000,0.000139223556761018
53320000,0.000139283779620377
53360000,0.000138567721532923
53400000,0.000138719960432969
53440000,0.000136640735631489
53480000,0.000138773106893938
53520000,0.000138800568159367
53560000,0.000138364997761231
53600000,0.000139179947799113
53640000,0.000138719107026592
53680000,0.000137718234004592
53720000,0.000137003530137347
53760000,0.000137927127359143
53800000,0.000137379324648275
53840000,0.00013801549053988
53880000,0.000138635538836137
53920000,0.000138305358612106
53960000,0.000138816060371912
5.4e+07,0.000138210508511647
54040000,0.000138357191787309
54080000,0.000138388099672739
54120000,0.000138620944444614
54160000,0.000138136838355975
54200000,0.000138569923203202
54240000,0.000137830059316224
54280000,0.000138227780149971
54320000,0.00013776553474088
54360000,0.00013886591732647
54400000,0.00013805973170503
54440000,0.000138564334058387
54480000,0.000137602986990037
54520000,0.000138572844437162
54560000,0.000139637122765694
54600000,0.000137414133564217
54640000,0.00013588176053676
54680000,0.000138797322183027
54720000,0.000136664815930272
54760000,0.000137158375730879
54800000,0.000136561753032608
54840000,0.000136552536503395
54880000,0.000137470973763947
54920000,0.000137702913484974
54960000,0.000138298106379858
5.5e+07,0.000138357918617651
55040000,0.000137843165196536
55080000,0.000136430610381861
55120000,0.000136078478565946
55160000,0.000138148723679527
55200000,0.000136942975484566
55240000,0.000137527653549188
55280000,0.000136327932883735
55320000,0.000137118329536031
55360000,0.000137204652440327
55400000,0.000136884057199931
55440000,0.000136554352710268
55480000,0.000137776485789659
55520000,0.000136291653302961
55560000,0.000138118682616505
55600000,0.000136134348096073
55640000,0.000136913345427311
55680000,0.000136737131990806
55720000,0.000138024483381352
55760000,0.000136786298784148
55800000,0.000137089300826634
55840000,0.000136983072585253
55880000,0.000136461053057575
55920000,0.000137761306351772
55960000,0.000136249608300396
5.6e+07,0.000136592591692922
56040000,0.000135835142214847
56080000,0.000137408637013538
56120000,0.000137838084924843
56160000,0.000136454774585661
56200000,0.000136382227137287
56240000,0.000137914118870121
56280000,0.000136555514074293
56320000,0.000137975674453631
56360000,0.000136685159167369
56400000,0.000138773399884214
56440000,0.000137649473026569
56480000,0.000137125994221775
56520000,0.000136639187349773
56560000,0.000137135321667566
56600000,0.000136233805664045
56640000,0.000138224618496179
56680000,0.000137585740620733
56720000,0.000137441976898656
56760000,0.000137335754834453
56800000,0.000136034556798385
56840000,0.000136594298141889
56880000,0.000137387653574585
56920000,0.000134663678866265
56960000,0.000137090336973975
5.7e+07,0.000137041809137295
57040000,0.000136224700482137
57080000,0.000136563881789335
57120000,0.000137503595076187
57160000,0.000136990780549807
57200000,0.000136497578727567
57240000,0.000136389965272118
57280000,0.000136799081010986
57320000,0.000137076228785864
57360000,0.000136040683297712
57400000,0.000136695593852125
57440000,0.000137099602463628
57480000,0.000136628338492418
57520000,0.00013661302857955
57560000,0.000137056061711459
57600000,0.000136704317535478
57640000,0.000136771654871536
57680000,0.00013798472033012
57720000,0.000136063342247288
57760000,0.000137247686889667
57800000,0.000136939578954408
57840000,0.000137862918553811
57880000,0.000137670354095693
57920000,0.000136215648035325
57960000,0.00013590521354095
5.8e+07,0.000137074747355885
58040000,0.000136669248418324
58080000,0.000137218223685845
58120000,0.000136477572738305
58160000,0.000135552346198888
58200000,0.000137277056078147
58240000,0.000135356904659969
58280000,0.000136796211504052
58320000,0.000136623030037384
58360000,0.000135835055909156
58400000,0.000136256971185547
58440000,0.000136541107176242
58480000,0.000136219127810805
58520000,0.000135394626552085
58560000,0.000135273135855868
58600000,0.000135693428031196
58640000,0.000136178768496714
58680000,0.000136548218955079
58720000,0.000136240763911501
58760000,0.00013496745148309
58800000,0.000136585957950716
58840000,0.000136427799491377
58880000,0.000135608440716011
58920000,0.000136467197137727
58960000,0.000136664144753442
5.9e+07,0.000137766351560037
59040000,0.000136870097475839
59080000,0.000135392623527277
59120000,0.000136377201430256
59160000,0.000137494353214358
59200000,0.000135687276884463
59240000,0.000136020158175016
59280000,0.000133853237384408
59320000,0.000136641845891762
59360000,0.000135569123006948
59400000,0.000136301023909915
59440000,0.00013518582006196
59480000,0.000135520954261094
59520000,0.000135582607750291
59560000,0.000136052825025077
59600000,0.000135871988592965
59640000,0.000135835296029533
59680000,0.000135758957419684
59720000,0.000136743332241279
59760000,0.000135828953965045
59800000,0.00013602317593761
59840000,0.000136490782647388
59880000,0.000134294434918353
59920000,0.000135029881780801
59960000,0.00013459500541965
6e+07,0.000133921867879066
60040000,0.000135029054588443
60080000,0.000135508696442819
60120000,0.000134717638071442
60160000,0.000134267447953727
60200000,0.000134337934249769
60240000,0.000134049150779286
60280000,0.000136222319188081
60320000,0.000135184129560839
60360000,0.000134966514532592
60400000,0.000134654074105845
60440000,0.000135752671557602
60480000,0.000134180308408382
60520000,0.000136042729923659
60560000,0.000134262724395234
60600000,0.000135477514079069
60640000,0.000133908051164446
60680000,0.000134725937562445
60720000,0.000135353181423322
60760000,0.00013546084647642
60800000,0.00013519613719868
60840000,0.000134590233420772
60880000,0.00013566173911014
60920000,0.000134895121554188
60960000,0.000133475757982977
6.1e+07,0.000134089848556708
61040000,0.000133529882296381
61080000,0.000133963699607156
61120000,0.000133601520563295
61160000,0.000133325564549176
61200000,0.000134144703575759
61240000,0.000134774660174531
61280000,0.000133447848715755
61320000,0.00013433260057089
61360000,0.000133614097078693
61400000,0.000134664441306388
61440000,0.000133639180664814
61480000,0.000134067989663975
61520000,0.000133388614375465
61560000,0.000133456358637718
61600000,0.000133742608712299
61640000,0.000134469801653967
61680000,0.000134489632741513
61720000,0.00013410726411797
61760000,0.000135498412103419
61800000,0.00013424839821574
61840000,0.000134200265881385
61880000,0.000134633758916103
61920000,0.000133327056863217
61960000,0.000133900456646744
6.2e+07,0.000134327359885004
62040000,0.000134223168450641
62080000,0.000135018501256622
62120000,0.00013571382524503
62160000,0.000134891943138207
62200000,0.000134737604768843
62240000,0.00013392572331742
62280000,0.000134800036407391
62320000,0.000133049073243812
62360000,0.00013500118542131
62400000,0.000132671994952152
62440000,0.000133945567640826
62480000,0.000136153172590419
62520000,0.000134200309991792
62560000,0.000134175999173567
62600000,0.000133927402458835
62640000,0.000135174884858916
62680000,0.000133851902558673
62720000,0.000132022617252074
62760000,0.000133948010087431
62800000,0.00013283287882731
62840000,0.000132998694789023
62880000,0.000133056696023535
62920000,0.000133013214954492
62960000,0.000134385159741698
6.3e+07,0.000132024393818717
63040000,0.00013373368263876
63080000,0.000133964074645337
63120000,0.000132699104704843
63160000,0.000133063440192299
63200000,0.000133050312309758
63240000,0.000132638072310955
63280000,0.00013223528324817
63320000,0.000133452370198585
63360000,0.000132541049152843
63400000,0.000133328632104425
63440000,0.000133221223528142
63480000,0.000133474276930468
63520000,0.0001334729067703
63560000,0.000133178194910414
63600000,0.000133760109600349
63640000,0.000132997212791641
63680000,0.000131637738304125
63720000,0.000132337816320836
63760000,0.000132438858552969
63800000,0.000132369543472595
63840000,0.000131766435371187
63880000,0.000132531830670546
63920000,0.000132690341497552
63960000,0.000131437006826373
6.4e+07,0.000132687123829476
64040000,0.000132767157471278
64080000,0.000133255224115668
64120000,0.00013261951113566
64160000,0.000131860540437884
64200000,0.000133227728656728
64240000,0.000133618300125086
64280000,0.000133003361242416
64320000,0.000133132304422729
64360000,0.00013339646183631
64400000,0.000132611874107255
64440000,0.000134293656082784
64480000,0.000132809136154313
64520000,0.000133252781705635
64560000,0.000132753432423106
64600000,0.000132753635638637
64640000,0.000132624826595576
64680000,0.000131809333699045
64720000,0.000132561907595556
64760000,0.000132945303682355
64800000,0.00013222019994728
64840000,0.000131867374920883
64880000,0.000132649842666498
64920000,0.000131928348050022
64960000,0.000132270169751714
6.5e+07,0.000132610909616438
65040000,0.000132433888242539
65080000,0.000132544629132032
65120000,0.000131508659950998
65160000,0.000132286671043971
65200000,0.000132685679650961
65240000,0.000131099692286979
65280000,0.000132868490975516
65320000,0.000130878123007367
65360000,0.000131884944823009
65400000,0.000131865902597962
65440000,0.000132297061364674
65480000,0.000130678761064376
65520000,0.000130270667072493
65560000,0.000132701150968699
65600000,0.000130934981572413
65640000,0.000131916181311852
65680000,0.000131171023237387
65720000,0.000130859180525153
65760000,0.000129120568604767
65800000,0.000129931182940217
65840000,0.000132529822840333
65880000,0.000131543714893363
65920000,0.000133962422881758
65960000,0.000132665086408809
6.6e+07,0.00013101948140951
66040000,0.000131661739660698
66080000,0.000132745792633885
66120000,0.000131897198992335
66160000,0.000132095868069719
66200000,0.000131966401624923
66240000,0.00013295111058055
66280000,0.000131219867861407
66320000,0.000132368960058851
66360000,0.000131175157187085
66400000,0.00013188857335967
66440000,0.000132640806306037
66480000,0.000131753872973651
66520000,0.000131605029467733
66560000,0.000132108041557627
66600000,0.000130979424462026
66640000,0.00013147287499869
66680000,0.000130832306251678
66720000,0.000131546289845926
66760000,0.000132331498678166
66800000,0.000131680141181007
66840000,0.000131461481918461
66880000,0.000131302553391964
66920000,0.000132809175179349
66960000,0.00013377084083104
6.7e+07,0.00013408104497565
67040000,0.000134328088573355
67080000,0.000133235731457931
67120000,0.000132288054766387
67160000,0.000132001055520296
67200000,0.000132750488874167
67240000,0.000132510825018126
67280000,0.000132515798011731
67320000,0.000131652681448325
67360000,0.000130846615236334
67400000,0.000131233581961917
67440000,0.000131565175455531
67480000,0.000131663512352412
67520000,0.000131419565716714
67560000,0.000131574248025554
67600000,0.000131966433965351
67640000,0.000130578327669723
67680000,0.000131997087030939
67720000,0.000132729498733066
67760000,0.000130561956535024
67800000,0.000131478657389921
67840000,0.000130484549408073
67880000,0.000130535529239798
67920000,0.000130507620594404
67960000,0.000130492603789071
6.8e+07,0.000129912321701303
68040000,0.000129880394895263
68080000,0.000129967923755867
68120000,0.000132183226402621
68160000,0.000130684639833842
68200000,0.000131852775998589
68240000,0.000131574435721976
68280000,0.000130353914262399
68320000,0.000129063387816728
68360000,0.000130783977270102
68400000,0.000129569353888186
68440000,0.000129198163674756
68480000,0.000130299484690364
68520000,0.000132066655386574
68560000,0.000129834901137167
68600000,0.000129113586358136
68640000,0.000130493986430112
68680000,0.000129329863931351
68720000,0.000130612909549537
68760000,0.000129319738550091
68800000,0.000129418497006984
68840000,0.000129164123411765
68880000,0.00012994395128098
68920000,0.00012979521701627
68960000,0.00012924612819112
6.9e+07,0.000129694830610363
69040000,0.000131092328703805
69080000,0.000129640289079025
69120000,0.000129978606554965
69160000,0.000129599769264532
69200000,0.000128841757250561
69240000,0.000130016920958438
69280000,0.000130781787652528
69320000,0.000129198466188773
69360000,0.000130280927357857
69400000,0.000130597137126281
69440000,0.000130005757327894
69480000,0.000128799231792738
69520000,0.000129650598629876
69560000,0.00012873264064768
69600000,0.000129183323474642
69640000,0.000129915050533127
69680000,0.000129414252810402
69720000,0.00012947188272111
69760000,0.000129860591698416
69800000,0.00012922050480239
69840000,0.000128522352015557
69880000,0.000130134412322804
69920000,0.000129613179285147
69960000,0.000129110946130331
7e+07,0.000129037204196429
70040000,0.00012896400704621
70080000,0.000128002277586248
70120000,0.000128981060102267
70160000,0.000128416027956281
70200000,0.000129922652002964
70240000,0.000129677232640743
70280000,0.000128979452603102
70320000,0.000131665115932705
70360000,0.000129601007587658
70400000,0.000130042762151663
70440000,0.000128798635113106
70480000,0.000129933680561312
70520000,0.000130031910076211
70560000,0.000130318249515199
70600000,0.000128815335801552
70640000,0.000129501517517581
70680000,0.000129752211146503
70720000,0.000129114629165167
70760000,0.000128810499041587
70800000,0.000130411134803219
70840000,0.000128822966730724
70880000,0.000128185368967595
70920000,0.000129159687338118
70960000,0.000128604939071904
7.1e+07,0.000128910393418436
71040000,0.00012903202428992
71080000,0.000129614129051583
71120000,0.000127418214321987
71160000,0.000127988726122661
71200000,0.0001281387777146
71240000,0.00013009124895534
71280000,0.00012891714278769
71320000,0.000128934990122497
71360000,0.000128114013319168
71400000,0.000129049968011897
71440000,0.000128034748429413
71480000,0.000128471277895091
71520000,0.000128683600144145
71560000,0.000129432868868816
71600000,0.000129752944206392
71640000,0.000129518213404387
71680000,0.000128880034636956
71720000,0.000129342287644209
71760000,0.000128759609456213
71800000,0.000129731871550718
71840000,0.000129495910123518
71880000,0.000128929530708091
71920000,0.00012889973063729
71960000,0.000129447512437005
7.2e+07,0.00012818319424289
72040000,0.000128693983699539
72080000,0.000129413123157666
72120000,0.00012799236344424
72160000,0.00012868068318119
72200000,0.000128702824762636
72240000,0.000127381838885322
72280000,0.000129550936759955
72320000,0.000127996249519386
72360000,0.000128770373191162
72400000,0.000128728183427543
72440000,0.000128950070489573
72480000,0.000128386334548891
72520000,0.000128716364701891
72560000,0.000128561250938754
72600000,0.000127394469875281
72640000,0.000128329854205195
72680000,0.00012888160910832
72720000,0.00012973128524323
72760000,0.000129264365245062
72800000,0.000129323736860379
72840000,0.000128297239842394
72880000,0.000129433503381677
72920000,0.000128098829451448
72960000,0.000127706138383546
7.3e+07,0.000129939813021598
73040000,0.000127628557691431
73080000,0.000128702826670104
73120000,0.000127820762953243
73160000,0.000128449472614572
73200000,0.000128705312441647
73240000,0.00012775151217949
73280000,0.000128385280181244
73320000,0.000128875527348294
73360000,0.000127487550300461
73400000,0.000128448661104632
73440000,0.000128536496298184
73480000,0.000128553894013281
73520000,0.000127081371299553
73560000,0.000127501768076563
73600000,0.000128406237122936
73640000,0.000127433818619843
73680000,0.000127771011561892
73720000,0.000128702770342796
73760000,0.000128420284207025
73800000,0.000127061694330878
73840000,0.000127750246559798
73880000,0.000128769039316729
73920000,0.000128433355630968
73960000,0.000126988496595979
7.4e+07,0.000127615868492407
74040000,0.000129931875162812
74080000,0.000129088814820815
74120000,0.000128571328348254
74160000,0.000127698688010741
74200000,0.000127562354484689
74240000,0.000126652506622188
74280000,0.000128050781344535
74320000,0.00012802003272697
74360000,0.000129491260844907
74400000,0.000127542571300961
74440000,0.000127797223632
74480000,0.000127886905656437
74520000,0.000128339182821083
74560000,0.000127523445485388
74600000,0.000127211429436425
74640000,0.000128055293740035
74680000,0.000127660841160056
74720000,0.000128152493694734
74760000,0.000128138590844512
74800000,0.000128061490298993
74840000,0.000127888680384235
74880000,0.000127050951728321
74920000,0.000127988811863678
74960000,0.00012810404971194
7.5e+07,0.000127106955746575
75040000,0.000127451098567289
75080000,0.000127602222939923
75120000,0.000126413115249577
75160000,0.000127683238908015
75200000,0.000128439425080337
75240000,0.000126387575833506
75280000,0.000128382622730552
75320000,0.000126724299822347
75360000,0.000127537095469131
75400000,0.000126723164449496
75440000,0.000126901119545693
75480000,0.000126781665365336
75520000,0.000129176134601213
75560000,0.000128640553856117
75600000,0.000127793008921959
75640000,0.000127837160947837
75680000,0.00012745124010499
75720000,0.00012648123071929
75760000,0.000127293686065343
75800000,0.000126383207662153
75840000,0.000127902775815639
75880000,0.000125888291392446
75920000,0.000127249770272416
75960000,0.000127968100571121
7.6e+07,0.000127589904860619
76040000,0.000128003032938814
76080000,0.000127265885706229
76120000,0.000127295715858487
76160000,0.000127007773424928
76200000,0.000126710440952691
76240000,0.000127388585353797
76280000,0.000129213234069977
76320000,0.000127448497068454
76360000,0.000126092964299673
76400000,0.000127679040830627
76440000,0.000127984197736362
76480000,0.000126310350580575
76520000,0.000127042002367784
76560000,0.000126917130193331
76600000,0.000128061990190698
76640000,0.000126329619661932
76680000,0.000126139223211826
76720000,0.000126984501974372
76760000,0.000127309985796837
76800000,0.000125832376803411
76840000,0.000126415561984129
76880000,0.000127532756028831
76920000,0.000126602761609521
76960000,0.000127769766516047
7.7e+07,0.000128777420367961
77040000,0.000127482309538715
77080000,0.000126752019398502
77120000,0.0001266135847561
77160000,0.000128748490200383
77200000,0.000126941549904129
77240000,0.000126301043093664
77280000,0.000126502796605592
77320000,0.00012603505836175
77360000,0.000126562879619351
77400000,0.000126832574739386
77440000,0.000127789862282793
77480000,0.00012670464078598
77520000,0.000126782415965348
77560000,0.00012628295053799
77600000,0.00012579319051948
77640000,0.000128546015082704
77680000,0.000127898683400287
77720000,0.000127651974809505
77760000,0.0001257956027001
77800000,0.000126683296798989
77840000,0.000125999477333006
77880000,0.00012680891892811
77920000,0.000127830272006668
77960000,0.000126775449178262
7.8e+07,0.000125466401207331
78040000,0.000126544296894769
78080000,0.000128287167066569
78120000,0.000125744320947594
78160000,0.000125468672847203
78200000,0.00012400267290828
78240000,0.000125980656774483
78280000,0.000125167691675446
78320000,0.000126940159022718
78360000,0.000127371033530076
78400000,0.00012689397537054
78440000,0.000126096626819557
78480000,0.00012612487356823
78520000,0.00012707250214543
78560000,0.00012576130091902
78600000,0.00012608682811611
78640000,0.000127346083656871
78680000,0.000127304101716582
78720000,0.000127022626270034
78760000,0.000127064523043986
78800000,0.000125503471906503
78840000,0.000126627663375545
78880000,0.000127051882732222
78920000,0.000125977802532453
78960000,0.000125621584726651
7.9e+07,0.000124832710405184
79040000,0.000125688220284705
79080000,0.000124714479673187
79120000,0.00012601047251736
79160000,0.000125632760013757
79200000,0.000126518663611893
79240000,0.000126506577089204
79280000,0.000126873226922874
79320000,0.000126350467862268
79360000,0.000125107315343937
79400000,0.000125024601660563
79440000,0.000125346373673546
79480000,0.000125425913138783
79520000,0.000125199283458131
79560000,0.000125907385320445
79600000,0.000125925332710888
79640000,0.000125170503772481
79680000,0.000125533149854824
79720000,0.000125759444607012
79760000,0.000124856308925811
79800000,0.000125048075771527
79840000,0.000124832075574231
79880000,0.000124707569114722
79920000,0.000126413994816541
79960000,0.000126250883488207
8e+07,0.000126507195851519
80040000,0.00012498427377343
80080000,0.000125142204458004
80120000,0.000125320289954037
80160000,0.000127209617598344
80200000,0.000126359226779522
80240000,0.000125619764462294
80280000,0.000125655963830227
80320000,0.000126880368393212
80360000,0.000125611222767156
80400000,0.000125946835144607
80440000,0.000128092040581396
80480000,0.000125595874413238
80520000,0.000125898457999243
80560000,0.000125716606449641
80600000,0.000126059404423118
80640000,0.000125803717331051
80680000,0.000124561513158266
80720000,0.00012596456242974
80760000,0.000125939055837304
80800000,0.00012608129937711
80840000,0.000126181674693072
80880000,0.000125484665022982
80920000,0.000124609977720838
80960000,0.000125173852514672
8.1e+07,0.000126025378578572
81040000,0.000127746754063995
81080000,0.000126944134418019
81120000,0.000124014424281046
81160000,0.000124502687268611
81200000,0.000124874513011886
81240000,0.000125130641095067
81280000,0.000125350061184514
81320000,0.000125850359917733
81360000,0.000125206661040485
81400000,0.000123315763092584
81440000,0.000124576316955675
81480000,0.000125097466920815
81520000,0.000125977207245514
81560000,0.000124389839221046
81600000,0.000124648467007441
81640000,0.000125059574000382
81680000,0.000124726907656137
81720000,0.000125741769944418
81760000,0.000124815600488136
81800000,0.000125291204264946
81840000,0.000123067505348092
81880000,0.000124321458775296
81920000,0.000124272950533641
81960000,0.000125805395503254
8.2e+07,0.000124796831246161
82040000,0.000124791210121264
82080000,0.000126969195716354
82120000,0.000125692040004179
82160000,0.000125120721583031
82200000,0.000125093997792941
82240000,0.00012580303159691
82280000,0.000125320839703502
82320000,0.000126132693090061
82360000,0.000125656666268409
82400000,0.000126016599812785
82440000,0.000124940046563237
82480000,0.000124116274445599
82520000,0.000124017894280254
82560000,0.000125067664195038
82600000,0.000124516084722617
82640000,0.000125900775981982
82680000,0.000122904994848099
82720000,0.000126450810358961
82760000,0.000124488046009619
82800000,0.000124476511686394
82840000,0.000124212611885071
82880000,0.000124378949426001
82920000,0.000124788818237332
82960000,0.000123886231732221
8.3e+07,0.00012539612941726
83040000,0.000124911498836676
83080000,0.000126416951590531
83120000,0.000125117484059857
83160000,0.000124391939668331
83200000,0.000123991838837949
83240000,0.000123667078259168
83280000,0.000124979561081672
83320000,0.000123626699039679
83360000,0.000124995733582191
83400000,0.000123377311957715
83440000,0.000124535638069523
83480000,0.000123395533300924
83520000,0.000124085055561234
83560000,0.0001253174323252
83600000,0.000123446095784975
83640000,0.000124833729294777
83680000,0.000123855770796861
83720000,0.000124891744644446
83760000,0.000124832916299811
83800000,0.00012375345940453
83840000,0.000124029045863309
83880000,0.000124245059597255
83920000,0.000124416820449185
83960000,0.000124580910949524
8.4e+07,0.000124398305745649
84040000,0.000122885139250333
84080000,0.000123803152633507
84120000,0.000125168439581275
84160000,0.000124578548032286
84200000,0.000125313207122068
84240000,0.000123549123992253
84280000,0.000123998976025139
84320000,0.000122679635474038
84360000,0.000123994551641461
84400000,0.000123336037991044
84440000,0.000123394338810292
84480000,0.000123312802165161
84520000,0.000124523679982835
84560000,0.00012330473766564
84600000,0.000123888121055199
84640000,0.000122628003071198
84680000,0.00012373988982443
84720000,0.000124550628762748
84760000,0.000124400643418899
84800000,0.000123381989933632
84840000,0.00012274860758571
84880000,0.00012425015618725
84920000,0.000125708255915443
84960000,0.000124427991071913
8.5e+07,0.000124498812724579
85040000,0.000124362380784076
85080000,0.000124247178364059
85120000,0.000122707243393413
85160000,0.00012465190934238
85200000,0.000123276985509829
85240000,0.000123692830677622
85280000,0.000125467028527366
85320000,0.000126084478500357
85360000,0.000126919333861419
85400000,0.000126257524730546
85440000,0.000126304956913302
85480000,0.000126301916791462
85520000,0.000124001470105166
85560000,0.000123390454927872
85600000,0.000124542361255607
85640000,0.000125452841691169
85680000,0.000123854020059694
85720000,0.000125251496655119
85760000,0.000129388790162104
85800000,0.000124632011298732
85840000,0.000123483233717242
85880000,0.000123894221034503
85920000,0.000124454543940665
85960000,0.000124117843278421
8.6e+07,0.000123190734363698
86040000,0.000124728278021218
86080000,0.000124068933055471
86120000,0.000123120375499866
86160000,0.000122323740481139
86200000,0.000122225707255173
86240000,0.000123344043223796
86280000,0.000124671195680374
86320000,0.00012215921466914
86360000,0.000123921279135474
86400000,0.000122939614349898
86440000,0.000122928890035103
86480000,0.000123256456192864
86520000,0.000121712675444133
86560000,0.000122531548719671
86600000,0.000124060946172167
86640000,0.000122658734721052
86680000,0.000123972695815944
86720000,0.000123020622353818
86760000,0.000121253996605443
86800000,0.000122075126130259
86840000,0.000121785369654077
86880000,0.000123796017634856
86920000,0.000123170503182414
86960000,0.000121496368324221
8.7e+07,0.000123828320857886
87040000,0.000121878819121541
87080000,0.000121577214633317
87120000,0.000121208921884459
87160000,0.000122792247759469
87200000,0.000121149794385538
87240000,0.000123134424289038
87280000,0.000122412740690523
87320000,0.000122461744936719
87360000,0.000122634520343317
87400000,0.000122588571073445
87440000,0.00012179614599396
87480000,0.000122646370263967
87520000,0.000121460587951017
87560000,0.000122823679219775
87600000,0.000121098759917791
87640000,0.000123127419453292
87680000,0.000121151071250316
87720000,0.00012121044374321
87760000,0.000121559487171109
87800000,0.000123055553811294
87840000,0.000123752504277052
87880000,0.000123054992470657
87920000,0.000122384917116109
87960000,0.000122763861301934
8.8e+07,0.000122377734294054
88040000,0.00012449604372163
88080000,0.000122729752385818
88120000,0.00012194247074273
88160000,0.000120834373276921
88200000,0.000122351880970089
88240000,0.000122558379809193
88280000,0.000121578282068078
88320000,0.000121505288851937
88360000,0.00012272316643284
88400000,0.000123044191504297
88440000,0.000122366217821392
88480000,0.00012286117476738
88520000,0.000121646914001425
88560000,0.000120794960820782
88600000,0.000121561997639381
88640000,0.000122966087829528
88680000,0.000122682275625607
88720000,0.00012092302067175
88760000,0.000121310435306872
88800000,0.000122302560135025
88840000,0.000121774987124137
88880000,0.000121973573375525
88920000,0.000121575868707386
88960000,0.000120602639114765
8.9e+07,0.000122036072277151
89040000,0.000120112854839607
89080000,0.000121467544129293
89120000,0.000120703999087366
89160000,0.000121289516802489
89200000,0.000122695714836075
89240000,0.000122154581426381
89280000,0.000120639481513474
89320000,0.000122124743169217
89360000,0.000122179710698775
89400000,0.000121482821869613
89440000,0.00012062929002696
89480000,0.000121534808525111
89520000,0.000120154649869406
89560000,0.000120166760957074
89600000,0.000119864044365858
89640000,0.000121890937936726
89680000,0.000121897509906957
89720000,0.000121602634641165
89760000,0.000121607870619231
89800000,0.000122456058989435
89840000,0.000121528458841198
89880000,0.000119890504738006
89920000,0.000120364029025176
89960000,0.000119872524827662
9e+07,0.00012078899844484
90040000,0.000120315267302083
90080000,0.000120549743166898
90120000,0.000120314770650075
90160000,0.000119439410624714
90200000,0.000120387413656412
90240000,0.000118606343081297
90280000,0.000122199068864023
90320000,0.000119891326684636
90360000,0.000119373706116754
90400000,0.000120043243661906
90440000,0.000120605496141793
90480000,0.000121097365418699
90520000,0.00012198884975907
90560000,0.000120379691510027
90600000,0.000119860827248152
90640000,0.000119198271396287
90680000,0.000120391238135167
90720000,0.000120772658895429
90760000,0.000119372219086021
90800000,0.000119491708213542
90840000,0.000118963389469428
90880000,0.000120208123992066
90920000,0.000119929590766796
90960000,0.000120551855277131
9.1e+07,0.000118786011541411
91040000,0.000119431460419609
91080000,0.000121180841591531
91120000,0.000117966757317969
91160000,0.000119273431350184
91200000,0.000119748748310879
91240000,0.000119107275859059
91280000,0.000120028421784971
91320000,0.00012080741785727
91360000,0.000119251481666196
91400000,0.000119269128721978
91440000,0.000117980060486203
91480000,0.000120001796002603
91520000,0.000120726393728752
91560000,0.000119514601729631
91600000,0.000118594082032802
91640000,0.000120116763760284
91680000,0.000120734498004748
91720000,0.000119138393169226
91760000,0.000118669607250218
91800000,0.000119746948092517
91840000,0.000118960778921838
91880000,0.000119950643411669
91920000,0.000118822232598179
91960000,0.000118124920872266
9.2e+07,0.000120001455529199
92040000,0.000120372789358956
92080000,0.000118720077630473
92120000,0.000118426014891794
92160000,0.000119126573698393
92200000,0.000119539866895865
92240000,0.000119777705327509
92280000,0.000119996508017899
92320000,0.000117827582783102
92360000,0.000118348567158822
92400000,0.000119474770627432
92440000,0.000118356901380749
92480000,0.000118407382730481
92520000,0.000119451664593425
92560000,0.00011926355879951
92600000,0.000119452948907474
92640000,0.000119492379800609
92680000,0.000118831618146943
92720000,0.000119864691944732
92760000,0.00012073794995098
92800000,0.000119195995554223
92840000,0.000118358993102044
92880000,0.000118699710287207
92920000,0.000118686076546717
92960000,0.000119651378691663
9.3e+07,0.000119705591402645
93040000,0.000118630670451883
93080000,0.000117523779369969
93120000,0.000116923484250455
93160000,0.000117627695701279
93200000,0.000117988954525425
93240000,0.000118265336210156
93280000,0.000118901162102289
93320000,0.000118965907676916
93360000,0.000118749988633762
93400000,0.000117550088982783
93440000,0.000118715002539054
93480000,0.000119107752739899
93520000,0.000119035086844634
93560000,0.000117274156927524
93600000,0.000119032060939525
93640000,0.000117905539178094
93680000,0.000119751918222887
93720000,0.000118240655464217
93760000,0.000119424125645109
93800000,0.000118989189096226
93840000,0.000118227504546089
93880000,0.0001182791952762
93920000,0.000118484966108644
93960000,0.00011790059082277
9.4e+07,0.000118129894576324
94040000,0.000120239485165667
94080000,0.00011824403585979
94120000,0.000118474000456287
94160000,0.000119462532118708
94200000,0.000119022976116074
94240000,0.000119135806789071
94280000,0.000118441394468273
94320000,0.000119234255042205
94360000,0.000118141002060829
94400000,0.000118181772066261
94440000,0.000120242032200342
94480000,0.000119396653087154
94520000,0.000118390255172109
94560000,0.000119292803458592
94600000,0.000118165284452837
94640000,0.000118769949686018
94680000,0.000118353459552283
94720000,0.000117539523769333
94760000,0.000117361475103179
94800000,0.000119195245376488
94840000,0.000117385238127708
94880000,0.000118192021999912
94920000,0.000118593832276782
94960000,0.000119426676382174
9.5e+07,0.000118179196924499
95040000,0.000117517285494758
95080000,0.000119077988071247
95120000,0.000117788636530561
95160000,0.000118307728112056
95200000,0.000118044306340496
95240000,0.000116953860311684
95280000,0.000118606374925004
95320000,0.000118103712879327
95360000,0.000118219034149637
95400000,0.000119942550892726
95440000,0.000117902716424766
95480000,0.000118573346785642
95520000,0.000119450083961769
95560000,0.000119388580329969
95600000,0.000118784211254304
95640000,0.000118226011391676
95680000,0.000118230940455492
95720000,0.000116668125303024
95760000,0.000117755136500914
95800000,0.000117852806325733
95840000,0.000119682121384394
95880000,0.00011912439090048
95920000,0.000118343646497873
95960000,0.00011900889470563
9.6e+07,0.000119374686375519
96040000,0.000117504919691897
96080000,0.000117462632809907
96120000,0.000117681560053464
96160000,0.00011808656051668
96200000,0.000118955658102849
96240000,0.000116954284706099
96280000,0.000118109730094366
96320000,0.000117936048881171
96360000,0.00011940971762872
96400000,0.000118215474008382
96440000,0.000118291962282313
96480000,0.000119522446472751
96520000,0.000117983685149872
96560000,0.000115619823277893
96600000,0.000116474377298892
96640000,0.000116570739346226
96680000,0.000117791044006387
96720000,0.000117870389102366
96760000,0.000118559355798248
96800000,0.000117140490602026
96840000,0.000117785117364017
96880000,0.000116328062796477
96920000,0.000117445779729383
96960000,0.000116983288619619
9.7e+07,0.000117906294908941
97040000,0.000117755490478085
97080000,0.0001178685249243
97120000,0.000117079738592232
97160000,0.000117997557701482
97200000,0.000118600342096626
97240000,0.00011879220943847
97280000,0.000116924105452494
97320000,0.000116418111834246
97360000,0.000117300333157795
97400000,0.000117319344231131
97440000,0.000117463122520577
97480000,0.000115959875931534
97520000,0.000117602531931891
97560000,0.000116240434613791
97600000,0.000118204794763296
97640000,0.000115970293062215
97680000,0.000117086966965018
97720000,0.000115769641529203
97760000,0.00011802841275821
97800000,0.000116287720707719
97840000,0.000116713604186777
97880000,0.000117439489856097
97920000,0.000118876865967022
97960000,0.000115293989129591
9.8e+07,0.000117400459781657
98040000,0.000116363596777553
98080000,0.000116459597270597
98120000,0.000116450880674501
98160000,0.000116605400791923
98200000,0.000117823101036574
98240000,0.000116845228765453
98280000,0.000117084198085206
98320000,0.000116725841733675
98360000,0.0001168274507677
98400000,0.000118060416587944
98440000,0.000117375327523086
98480000,0.000116081963047283
98520000,0.000116328092445267
98560000,0.000118078076863694
98600000,0.000117091842560899
98640000,0.000117603413960194
98680000,0.000118070224818142
98720000,0.000118303897339981
98760000,0.000117755447539542
98800000,0.000116068329864035
98840000,0.000119465323962302
98880000,0.000118716000908561
98920000,0.000118856246137844
98960000,0.000117681995552701
9.9e+07,0.000118430221172014
99040000,0.000118335834642049
99080000,0.000117859229409699
99120000,0.000118261864217891
99160000,0.000119082304456355
99200000,0.000118197191054066
99240000,0.000115082113060726
99280000,0.000117351299937005
99320000,0.000117216031454719
99360000,0.000117108691079719
99400000,0.000116666893127299
99440000,0.000117602373626129
99480000,0.000116389499137137
99520000,0.000116708517575672
99560000,0.000118306502609518
99600000,0.000116086752876063
99640000,0.000116325311299368
99680000,0.00011653993499684
99720000,0.000117519638445365
99760000,0.000116120685348695
99800000,0.000116433064543846
99840000,0.000116336910116392
99880000,0.000116110838762395
99920000,0.000117382113796112
99960000,0.00011632455123153
1e+08,0.000116529127768358
100040000,0.000115811901755485
100080000,0.000117083210253259
100120000,0.000116569235394169
100160000,0.00011637520818963
100200000,0.0001171453193069
100240000,0.000115680142882479
100280000,0.000116719539291085
100320000,0.000116089274153451
100360000,0.000115797159642622
100400000,0.000114536148934725
100440000,0.000116496402997611
100480000,0.000117218611037795
100520000,0.000118010279347242
100560000,0.000116039881575055
100600000,0.000117339642363115
100640000,0.000116593325080698
100680000,0.000116676950561979
100720000,0.000117694591587392
100760000,0.000117621063086015
100800000,0.000115900479167856
100840000,0.0001167727749138
100880000,0.00011664460507711
100920000,0.000116906823099115
100960000,0.000117871213102167
1.01e+08,0.000116345418428971
101040000,0.000116657100146172
101080000,0.00011527411088062
101120000,0.000118055952349899
101160000,0.000117463665365079
101200000,0.000116512568584938
101240000,0.000117249400787291
101280000,0.00011599538989524
101320000,0.000116395164179395
101360000,0.000117131680578713
101400000,0.00011745098309021
101440000,0.000117957528363887
101480000,0.000116504336197989
101520000,0.000117504484798453
101560000,0.000117725293062319
101600000,0.000116016669106141
101640000,0.000116577195304605
101680000,0.000115901180767416
101720000,0.000117186470092072
101760000,0.000116280031475661
101800000,0.000117368888198493
101840000,0.000116749933377041
101880000,0.000117375703359927
101920000,0.000117756711211285
101960000,0.000117345239353566
1.02e+08,0.000116049630390168
102040000,0.000117563370588577
102080000,0.000116455888459399
102120000,0.000118515701655494
102160000,0.000117663697365337
102200000,0.000117098939662427
102240000,0.000118087078940339
102280000,0.000117705435781279
102320000,0.000117376619254325
102360000,0.000117881644401516
102400000,0.000119907061103409
102440000,0.000116422343663164
102480000,0.000118309034225483
102520000,0.00011750264345621
102560000,0.000118626391418457
102600000,0.000117647046196602
102640000,0.000117590834876102
102680000,0.000116859035217708
102720000,0.00011659334624909
102760000,0.000119067258515507
102800000,0.000119023252492598
102840000,0.000116785841493381
102880000,0.000118234490482857
102920000,0.000119044724243017
102960000,0.000117093628063439
1.03e+08,0.000116977446540582
103040000,0.000115828121827249
103080000,0.000115935689854561
103120000,0.0001169792766365
103160000,0.000115802167550702
103200000,0.000116460946304036
103240000,0.00011708283077744
103280000,0.000116320915673041
103320000,0.000118687686329109
103360000,0.000117119741112035
103400000,0.000117454537866127
103440000,0.000116074969484786
103480000,0.000115909674090789
103520000,0.000117229597306967
103560000,0.000115635691700523
103600000,0.000118610141678085
103640000,0.000116905864924943
103680000,0.000115494801818688
103720000,0.000115074869895109
103760000,0.000117163985099868
103800000,0.000117026440390671
103840000,0.000116672884257094
103880000,0.00011710051444748
103920000,0.000117501800814659
103960000,0.00011716607172807
1.04e+08,0.000115859399039404
104040000,0.000116196919326708
104080000,0.000115785215116198
104120000,0.000116614787337581
104160000,0.000116806828006041
104200000,0.000115829944761334
104240000,0.000117727335930211
104280000,0.000117044059168315
104320000,0.000116513674291404
104360000,0.000115598983300242
104400000,0.000115957153712155
104440000,0.000116598720637691
104480000,0.000115847490170295
104520000,0.00011730741614739
104560000,0.000116943233988447
104600000,0.000116371672092074
104640000,0.000117888708920708
104680000,0.000115938447606684
104720000,0.000115849391910462
104760000,0.000115674341573447
104800000,0.000116320967841189
104840000,0.000117398948027381
104880000,0.000115871926333179
104920000,0.000116868443849686
104960000,0.000116955564754549
1.05e+08,0.000116802122326701
105040000,0.00011623968438708
105080000,0.000116738076245644
105120000,0.000116507205107509
105160000,0.000115494276692058
105200000,0.000117074249986244
105240000,0.000116379675395523
105280000,0.000115390521136605
105320000,0.000114936755889867
105360000,0.000117199311935023
105400000,0.000117317240536573
105440000,0.000114280976979351
105480000,0.000118654028948466
105520000,0.000116662169941412
105560000,0.00011575189192695
105600000,0.000115538556213581
105640000,0.000115481688591384
105680000,0.000115775278214958
105720000,0.000116520238193239
105760000,0.000115062370201504
105800000,0.000115453722588378
105840000,0.000116574611492702
105880000,0.000114322992455833
105920000,0.000113989868177065
105960000,0.000117127757341733
1.06e+08,0.00011610323307663
106040000,0.000116299883460205
106080000,0.000115209974922051
106120000,0.000115164598529105
106160000,0.000115784592118647
106200000,0.000114319365989097
106240000,0.000115805383066195
106280000,0.000114618041825936
106320000,0.000115349821458171
106360000,0.000114740253202356
106400000,0.000115825088245525
106440000,0.000113542223453189
106480000,0.000115315004799864
106520000,0.000115738370133491
106560000,0.000115356288708599
106600000,0.00011603125281001
106640000,0.000116539322333358
106680000,0.000115137563303501
106720000,0.000113977500512625
106760000,0.000117751350050552
106800000,0.000114641765933376
106840000,0.000114951949026273
106880000,0.000117297768470929
106920000,0.000115442420691694
106960000,0.000114660307301493
1.07e+08,0.000115641206447699
107040000,0.000114855631057439
107080000,0.000115504839201468
107120000,0.000115997178744954
107160000,0.000117664090686132
107200000,0.000114764323510278
107240000,0.000113821202980374
107280000,0.000115604839980539
107320000,0.000113577188225187
107360000,0.000114166493975801
107400000,0.00011455819248809
107440000,0.000113267076263143
107480000,0.000116006092336237
107520000,0.000116250254287903
107560000,0.000115181222854479
107600000,0.00011392426067854
107640000,0.00011443328742792
107680000,0.000115581814612909
107720000,0.000114999561059456
107760000,0.000114145886944574
107800000,0.000114919427922872
107840000,0.000112788970413128
107880000,0.000114804932349277
107920000,0.000115619239862848
107960000,0.000115879992769108
1.08e+08,0.00011435307387015
108040000,0.000114988110574949
108080000,0.000115553810923212
108120000,0.000114798946907915
108160000,0.000114928926014687
108200000,0.000115463115284928
108240000,0.00011757724347772
108280000,0.000115038844101403
108320000,0.000115803684955586
108360000,0.000113837990872054
108400000,0.000115247862678847
108440000,0.000115627432381212
108480000,0.000114399502781552
108520000,0.000114146990691356
108560000,0.000115785119343037
108600000,0.000115392944310112
108640000,0.000116511940316443
108680000,0.000115982476037177
108720000,0.000114893993923938
108760000,0.000116201444295421
108800000,0.000114091836554471
108840000,0.000115288730377159
108880000,0.0001137792660827
108920000,0.000114550574086425
108960000,0.000114857037537023
1.09e+08,0.000116480826881709
109040000,0.00011571113879288
109080000,0.000114542089599656
109120000,0.000114259472490305
109160000,0.000115678490915208
109200000,0.000116249966481048
109240000,0.00011453882690948
109280000,0.00011410867090773
109320000,0.000114563091703492
109360000,0.000114335127189708
109400000,0.000115398335985071
109440000,0.000113824432415333
109480000,0.000115351059833156
109520000,0.00011369711189809
109560000,0.000114984077467935
109600000,0.000115531940007465
109640000,0.000113734628766773
109680000,0.000116393781272824
109720000,0.000114592148950887
109760000,0.000115990141207602
109800000,0.000114515744604989
109840000,0.00011544785369977
109880000,0.000116170655657799
109920000,0.000114182469611656
109960000,0.000115592832282402
1.1e+08,0.000114168328742083
110040000,0.000115001763393908
110080000,0.000114984584623765
110120000,0.00011461813852168
110160000,0.000114337022143602
110200000,0.000113636478345306
110240000,0.000113898869047649
110280000,0.000114945201690865
110320000,0.000115473618583649
110360000,0.000114511232271598
110400000,0.000115519160784617
110440000,0.000114519220808357
110480000,0.000114580325921782
110520000,0.00011587341536021
110560000,0.000113650734068132
110600000,0.000114554251970771
110640000,0.000113662511598444
110680000,0.000114581275753416
110720000,0.000115754533219887
110760000,0.000113018240626832
110800000,0.000113493191956673
110840000,0.000114378478034807
110880000,0.000115103368213854
110920000,0.000115728316514906
110960000,0.000114937829894278
1.11e+08,0.000114605682625102
111040000,0.000114880383241396
111080000,0.000114516338178946
111120000,0.000113894546686008
111160000,0.000114139431212047
111200000,0.000114928934448957
111240000,0.000114839547288225
111280000,0.00011452667503615
111320000,0.000113995426748466
111360000,0.000113048886711772
111400000,0.000113723789596168
111440000,0.000116509551148652
111480000,0.000114630268407931
111520000,0.000114587403516456
111560000,0.000116596541860328
111600000,0.000115633462799492
111640000,0.000114518516911842
111680000,0.000114285803363005
111720000,0.000114696281223474
111760000,0.000115032085785321
111800000,0.000115387804923205
111840000,0.000114383553663349
111880000,0.000113833396999295
111920000,0.000113940097630107
111960000,0.000115200480317055
1.12e+08,0.000114164660496916
112040000,0.000117262094785949
112080000,0.000116699297578051
112120000,0.000119660034868209
112160000,0.000118690205522686
112200000,0.000118937011911243
112240000,0.000120530419815244
112280000,0.000122614548096634
112320000,0.00012266753615692
112360000,0.000121193579310108
112400000,0.000121009033629648
112440000,0.000119825689820855
112480000,0.000119593970976689
112520000,0.00012083078182484
112560000,0.00011994371842357
112600000,0.00011728423571988
112640000,0.000119109904233723
112680000,0.00011683421691194
112720000,0.000115702253382462
112760000,0.0001159174006324
112800000,0.000115303576714363
112840000,0.000116296163847722
112880000,0.000113211830286293
112920000,0.00011398391205206
112960000,0.000113307930941454
1.13e+08,0.000114781673898727
113040000,0.000114843683048994
113080000,0.000114045124059756
113120000,0.000115617415150811
113160000,0.000114194585241598
113200000,0.000114776472954407
113240000,0.000114660243306605
113280000,0.000115685927628205
113320000,0.000115029041471378
113360000,0.000115330752877622
113400000,0.000115048819435871
113440000,0.000112988095472704
113480000,0.000113786474774875
113520000,0.000114952985015923
113560000,0.000115051226667774
113600000,0.000114992822708503
113640000,0.000114851689213037
113680000,0.000113836627671319
113720000,0.000114811676073505
113760000,0.000114808910021573
113800000,0.000113823525436835
113840000,0.000115202086258276
113880000,0.000115019136357026
113920000,0.000114986614710315
113960000,0.000114278881488377
1.14e+08,0.000113863103802551
114040000,0.000115960964890453
114080000,0.000114147145877226
114120000,0.000114993760586203
114160000,0.000117050892735495
114200000,0.000115513963412536
114240000,0.000115131213361161
114280000,0.00011535845753695
114320000,0.000116345588135495
114360000,0.000114379005280501
114400000,0.00011589390665986
114440000,0.000116011094828283
114480000,0.00011583242858076
114520000,0.000113854646726828
114560000,0.000112346905416889
114600000,0.000113495345576614
114640000,0.000114813953450412
114680000,0.000115002179023353
114720000,0.0001140880754639
114760000,0.000114603100333638
114800000,0.000116330978107205
114840000,0.000115853422136972
114880000,0.000114922009617718
114920000,0.000113684120009458
114960000,0.000115435625776678
1.15e+08,0.000115963368079692
115040000,0.000115576381327336
115080000,0.000114728924816886
115120000,0.000114232044188056
115160000,0.000113863132773289
115200000,0.000113746872989434
115240000,0.000114499537010251
115280000,0.000114442024731057
115320000,0.000115975959855396
115360000,0.000114512490809197
115400000,0.000114499351914902
115440000,0.00011522443554553
115480000,0.000115381584266867
115520000,0.00011338716286796
115560000,0.000114154717216902
115600000,0.000114629135932367
115640000,0.000115052590913632
115680000,0.000115470606941732
115720000,0.000115892085206064
115760000,0.000114427470644256
115800000,0.000115399000084381
115840000,0.000113466533368751
115880000,0.000114213578670188
115920000,0.000114582598300679
115960000,0.000114493420952228
1.16e+08,0.000115363337970072
116040000,0.000116071430196295
116080000,0.000114553458748723
116120000,0.000114735530628117
116160000,0.000114384156747509
116200000,0.000116498933290105
116240000,0.000116467278098513
116280000,0.000115318307500433
116320000,0.000115940327503868
116360000,0.000115649457797839
116400000,0.000115148088048691
116440000,0.000114324293092948
116480000,0.00011386513498752
116520000,0.000115228676187836
116560000,0.000116123164204027
116600000,0.000114570717716882
116640000,0.000113339811419737
116680000,0.000114664100383004
116720000,0.000117435507563545
116760000,0.000116086053589788
116800000,0.000114750910606631
116840000,0.000115483214248441
116880000,0.000113700785712829
116920000,0.000115303887903132
116960000,0.000113545405983032
1.17e+08,0.000114839295255827
117040000,0.000114790792560118
117080000,0.000115125233249899
117120000,0.000115264098327776
117160000,0.000115324773749579
117200000,0.000112675542261359
117240000,0.000113621119687015
117280000,0.000115392042324927
117320000,0.000115080628102539
117360000,0.000115077111128839
117400000,0.000115182652915598
117440000,0.000114407102441483
117480000,0.000113127943637295
117520000,0.000116169143054771
117560000,0.00011510083725637
117600000,0.000114036249361955
117640000,0.000116710163382348
117680000,0.000115281631446022
117720000,0.000114731541904586
117760000,0.000115483512585651
117800000,0.0001151765332728
117840000,0.000116308762631274
117880000,0.00011414352376276
117920000,0.000113860302739085
117960000,0.000114865768668902
1.18e+08,0.000114061932264461
118040000,0.000114282544638286
118080000,0.000115523632580698
118120000,0.000115208169947671
118160000,0.000114486574638648
118200000,0.000114620684899727
118240000,0.000116085514961413
118280000,0.000114127577932513
118320000,0.000115234996989844
118360000,0.000115574088011291
118400000,0.000115125245408295
118440000,0.000115488925745817
118480000,0.000117855911482856
118520000,0.000113571649542881
118560000,0.000116006786117434
118600000,0.000114993254831032
118640000,0.000114648544509659
118680000,0.000115373451309278
118720000,0.000115350743188877
118760000,0.000116409468357113
118800000,0.000116559732143501
118840000,0.000116521871326875
118880000,0.000114769157112177
118920000,0.000115439930250134
118960000,0.000113918696292547
1.19e+08,0.0001148705513545
119040000,0.000115908513011682
119080000,0.000114772512274159
119120000,0.000115962321237919
119160000,0.000115094544137383
119200000,0.000115557922210797
119240000,0.00011491729870313
119280000,0.000116595129308812
119320000,0.000114685722984985
119360000,0.000114727937120084
119400000,0.000117155282493922
119440000,0.0001143049007704
119480000,0.000113850061664446
119520000,0.000113728292878254
119560000,0.000116541546559335
119600000,0.000115451660409045
119640000,0.000116554570914244
119680000,0.000114836796439116
119720000,0.000113414749993928
119760000,0.000116139166548072
119800000,0.000114495057930632
119840000,0.000113711467001435
119880000,0.000114955972500693
119920000,0.000115697025913395
119960000,0.000113956048828837
1.2e+08,0.000115724943040875
120040000,0.00011354025704611
120080000,0.000116394140398657
120120000,0.000114131414578432
120160000,0.000115682687257483
120200000,0.000115100254096523
120240000,0.000113397424682929
120280000,0.000116039289313609
120320000,0.000113948145539964
120360000,0.000116234954158844
120400000,0.000113487936431149
120440000,0.000113982325130712
120480000,0.000115355567974507
120520000,0.000115745332231534
120560000,0.000113727710743189
120600000,0.000114405600458567
120640000,0.000113330907133785
120680000,0.000116234201425442
120720000,0.000114374180437236
120760000,0.00011620227756724
120800000,0.000115685024250496
120840000,0.000114341197570126
120880000,0.000113025473713394
120920000,0.000115461403691685
120960000,0.000117572651887036
1.21e+08,0.000114720293065526
121040000,0.000113041995994562
121080000,0.000115620064929015
121120000,0.000116035934442108
121160000,0.000113065247619182
121200000,0.000112554258669109
121240000,0.000114388885030822
121280000,0.000113764836629774
121320000,0.000116805820095628
121360000,0.000112717805960047
121400000,0.000116381193174988
121440000,0.000114686906499274
121480000,0.000113980642711533
121520000,0.000115085375920845
121560000,0.000114422085736367
121600000,0.000114514830069365
121640000,0.000115047727654459
121680000,0.000115918575917359
121720000,0.000113711985046969
121760000,0.000113673469834831
121800000,0.000114602415379558
121840000,0.000114293893223592
121880000,0.000115157704875046
121920000,0.000114966378177049
121960000,0.000115161922898102
1.22e+08,0.000115281319603265
122040000,0.000115211034298629
122080000,0.000114598683663553
122120000,0.000113168416018875
122160000,0.000114384281581389
122200000,0.000115368173735629
122240000,0.000114463660113874
122280000,0.000115982753817283
122320000,0.000114577951492063
122360000,0.000112875302496726
122400000,0.000115197772789521
122440000,0.000114475503537311
122480000,0.000112718208590883
122520000,0.000117155644096982
122560000,0.000115695593630772
122600000,0.000114989628097652
122640000,0.00011456533076834
122680000,0.000116039377078639
122720000,0.000115861118299672
122760000,0.000114575490898498
122800000,0.000114508107786453
122840000,0.000116866555960643
122880000,0.000115056304837198
122920000,0.000114623623071349
122960000,0.000115867879224528
1.23e+08,0.000116688152498055
123040000,0.000114366473518662
123080000,0.000113292306232751
123120000,0.00011488108219605
123160000,0.000114718232852304
123200000,0.000114542052594806
123240000,0.000116067022394365
123280000,0.000113752043600836
123320000,0.000114630777143417
123360000,0.000115170127776496
123400000,0.000114065201999486
123440000,0.000112243082060824
123480000,0.000113802434507527
123520000,0.00011481803095488
123560000,0.000113316355736728
123600000,0.000115156237843067
123640000,0.000116606467453307
123680000,0.000114234096857086
123720000,0.000115609690017363
123760000,0.00011644859055696
123800000,0.000114405145656206
123840000,0.000113936339696149
123880000,0.000114916549298281
123920000,0.000114209104764737
123960000,0.000115055529873979
1.24e+08,0.000116923207594034
124040000,0.000113937018067389
124080000,0.00011340618232104
124120000,0.000114546716379469
124160000,0.000113753941305266
124200000,0.00011393718303699
124240000,0.000115983679257715
124280000,0.000115088661300495
124320000,0.000115641277710865
124360000,0.000114725716314248
124400000,0.000112510724312869
124440000,0.000114108001643132
124480000,0.000114158675592125
124520000,0.000115563684911747
124560000,0.000111439205208079
124600000,0.000113947636408246
124640000,0.000115276835223025
124680000,0.000114051613714834
124720000,0.000114846210643215
124760000,0.000112766683541679
124800000,0.000113188707778078
124840000,0.000114145746913556
124880000,0.000114463576653964
124920000,0.000113303475698384
124960000,0.000113591096506601
1.25e+08,0.000112555004652162
125040000,0.000114383850741753
125080000,0.000114586638240037
125120000,0.000114893273601748
125160000,0.00011524960353374
125200000,0.000112911984080488
125240000,0.000113239816950492
125280000,0.000113289805975616
125320000,0.000116637754063072
125360000,0.000113600733650333
125400000,0.000113731928469171
125440000,0.000114122949080344
125480000,0.00011393194352344
125520000,0.00011356095462562
125560000,0.000113385545114083
125600000,0.000113460586426207
125640000,0.000113332777384492
125680000,0.000116707152562473
125720000,0.000114446943578415
125760000,0.000113237960778248
125800000,0.000112710815735033
125840000,0.000114282224390311
125880000,0.000113621958967529
125920000,0.00011377202788953
125960000,0.000110729667945786
1.26e+08,0.000116981110057566
126040000,0.000114114979501551
126080000,0.000114246928178345
126120000,0.000114478017846028
126160000,0.000113549890244546
126200000,0.000115487890596939
126240000,0.000115288608971845
126280000,0.000115375181689364
126320000,0.000113438775223401
126360000,0.000115158618425907
126400000,0.000112664611291453
126440000,0.000113347950140084
126480000,0.000116116308105383
126520000,0.000115294335539833
126560000,0.000114411811179916
126600000,0.000114282150669362
126640000,0.000115657339463254
126680000,0.000114905316762453
126720000,0.000116237059096075
126760000,0.000116042860539358
126800000,0.000114990688569106
126840000,0.000112736088787241
126880000,0.000114768891743069
126920000,0.000115103304789934
126960000,0.000114579217259272
1.27e+08,0.00011424487558933
127040000,0.0001163826962447
127080000,0.000114825953632382
127120000,0.00011633789697967
127160000,0.000113310449121797
127200000,0.000114654486589457
127240000,0.000115674101281067
127280000,0.000112859991375412
127320000,0.000113660341192186
127360000,0.000114135513676912
127400000,0.000114892533558396
127440000,0.000115963980603935
127480000,0.0001143630309076
127520000,0.000116402306463082
127560000,0.00011636565393419
127600000,0.000113879582381741
127640000,0.000114849646183234
127680000,0.000114165174268165
127720000,0.000114992127927394
127760000,0.000114706707226282
127800000,0.000115085641652213
127840000,0.000115073735677552
127880000,0.000117409064850869
127920000,0.000115308591494938
127960000,0.000115904210914178
1.28e+08,0.000116730708288309
128040000,0.000115865762426948
128080000,0.000112847311070158
128120000,0.00011410147073298
128160000,0.000115246922255864
128200000,0.000117861829374714
128240000,0.000115138816024981
128280000,0.000114759568091344
128320000,0.000118203195285226
128360000,0.000117002474922159
128400000,0.000116803696825086
128440000,0.000116162339690087
128480000,0.000116376710899633
128520000,0.000115915534924754
128560000,0.000113900608858499
128600000,0.000115566993695894
128640000,0.000114509112448327
128680000,0.000113608254854032
128720000,0.000116315213583168
128760000,0.000115713959969768
128800000,0.000115863658858311
128840000,0.00011747992088805
128880000,0.000116325831474643
128920000,0.000114624168654534
128960000,0.00011440943228652
1.29e+08,0.000116703294007609
129040000,0.000114375009041088
129080000,0.000114843115914446
129120000,0.000118154797428541
129160000,0.000114680869286122
129200000,0.000114667181565502
129240000,0.000116266557853557
129280000,0.000116465256679766
129320000,0.000115713052479529
129360000,0.000115697276008584
129400000,0.00011525419974056
129440000,0.000117472618503557
129480000,0.000115960299648996
129520000,0.000113088781334843
129560000,0.000115339305504759
129600000,0.000114953801305007
129640000,0.000117126044979249
129680000,0.000116036383671379
129720000,0.000116376370484517
129760000,0.000114654113963232
129800000,0.00011496781178262
129840000,0.000114501326715074
129880000,0.000114982944232992
129920000,0.000114204180961227
129960000,0.000115902491645059
1.3e+08,0.000114119968669716
130040000,0.000116294459441153
130080000,0.00011455084109004
130120000,0.000115596009280792
130160000,0.000114831567059563
130200000,0.000114354738773679
130240000,0.00011330965555638
130280000,0.000113948492905524
130320000,0.000116663517019408
130360000,0.000114555254229649
130400000,0.000113069375044114
130440000,0.000116497598036286
130480000,0.00011484615389458
130520000,0.000114025504164154
130560000,0.000115015368833715
130600000,0.000116785327341259
130640000,0.000114920401893617
130680000,0.0001154633003934
130720000,0.000115950739114673
130760000,0.000113557076792576
130800000,0.000116328347586739
130840000,0.000114264314484847
130880000,0.000115226333322099
130920000,0.000113877297983028
130960000,0.000116098827211889
1.31e+08,0.000115034210220187
131040000,0.000116505180841082
131080000,0.000113500151961814
131120000,0.000116857823870583
131160000,0.000114888370986621
131200000,0.000113958729991927
131240000,0.000114676531013519
131280000,0.000117338714376909
131320000,0.000116675632752156
131360000,0.00011549211351769
131400000,0.000115853791713163
131440000,0.000114332045451634
131480000,0.000115874819119969
131520000,0.000115996307263013
131560000,0.000117330351901567
131600000,0.000115676296297804
131640000,0.000117876360664576
131680000,0.000117924115269415
131720000,0.000114867672484601
131760000,0.000115712812052099
131800000,0.000115929106285351
131840000,0.000115234828814727
131880000,0.000115691980942087
131920000,0.000117314408283515
131960000,0.000116800835767629
1.32e+08,0.000115744753651447
132040000,0.000116279099394443
132080000,0.000116347991179439
132120000,0.000116272503588041
132160000,0.000117840625135677
132200000,0.000116404655389177
132240000,0.000115191105484488
132280000,0.00011639219748054
132320000,0.000114258364486955
132360000,0.00011613832222268
132400000,0.000117073807693308
132440000,0.000114404478652522
132480000,0.000116219093263759
132520000,0.000113190295047791
132560000,0.000114675558594991
132600000,0.000117816708802684
132640000,0.000116688963664016
132680000,0.000116752397296897
132720000,0.000116674379572003
132760000,0.000116142269481334
132800000,0.000114480747063797
132840000,0.000117089320349121
132880000,0.000120023559162545
132920000,0.000119341296264295
132960000,0.000118122748225044
1.33e+08,0.000117002588665441
133040000,0.000114857946120073
133080000,0.000115475616496441
133120000,0.000114222683175925
133160000,0.00011787910594713
133200000,0.000117086554916467
133240000,0.000119040219445865
133280000,0.000117326737777916
133320000,0.000116413226312744
133360000,0.000116113170101406
133400000,0.000117549805478992
133440000,0.000115093863367962
133480000,0.000116461650368022
133520000,0.000119599237132843
133560000,0.00011523723675092
133600000,0.000117865152055681
133640000,0.000115448311989495
133680000,0.000114570852260658
133720000,0.000117863769658981
133760000,0.000115308557480592
133800000,0.000116961840940545
133840000,0.000115765236238442
133880000,0.000117220690280462
133920000,0.000115806675240867
133960000,0.000118599071356165
1.34e+08,0.000116751173320381
134040000,0.000118457220478425
134080000,0.000118356262303788
134120000,0.00011702373060025
134160000,0.000116562428340543
134200000,0.000114311174772069
134240000,0.000117598738450716
134280000,0.000117026573740258
134320000,0.000116965106722788
134360000,0.000116161555593444
134400000,0.000116641519221431
134440000,0.000116827646253672
134480000,0.000117714865729119
134520000,0.000118250313849879
134560000,0.000117739591348683
134600000,0.00011641319982276
134640000,0.000115445810409453
134680000,0.000115027264956077
134720000,0.000114843867933124
134760000,0.000116899653876985
134800000,0.000116832867935676
134840000,0.000116366291737489
134880000,0.00011635821631613
134920000,0.000116991173774173
134960000,0.000116549745204772
1.35e+08,0.000117347007206396
135040000,0.000116610622941325
135080000,0.00011648509510157
135120000,0.000115005071529973
135160000,0.000114815843913558
135200000,0.000115987000388783
135240000,0.000117638265931846
135280000,0.000116219238041743
135320000,0.000116324158763316
135360000,0.000117937636021633
135400000,0.000118985223168972
135440000,0.000118383162385819
135480000,0.0001162150669622
135520000,0.000116244826523649
135560000,0.000116919098337594
135600000,0.000115506101079243
135640000,0.000116832265820824
135680000,0.000116588698195746
135720000,0.000118807178533877
135760000,0.000115939268364562
135800000,0.000115886124155352
135840000,0.000116535268334006
135880000,0.000114431392543739
135920000,0.000115542926626253
135960000,0.000116411575121868
1.36e+08,0.000115364155654093
136040000,0.000117271909297629
136080000,0.000115620033430756
136120000,0.000116199365218172
136160000,0.000117892015035571
136200000,0.000116870012612322
136240000,0.000117974493799442
136280000,0.000117421164801976
136320000,0.000116709633546161
136360000,0.000116609702758944
136400000,0.000116970677855284
136440000,0.000117718424863119
136480000,0.000118190640750789
136520000,0.000116223174834853
136560000,0.00011712508557531
136600000,0.000117110448225504
136640000,0.000115034496811674
136680000,0.000118475892371744
136720000,0.000115407500293336
136760000,0.00011807380920631
136800000,0.000117585816879288
136840000,0.000116304451941794
136880000,0.000118570607387061
136920000,0.00011806565667006
136960000,0.00011809695850392
1.37e+08,0.000114621801131816
137040000,0.000117281757409899
137080000,0.000118925948039112
137120000,0.000116295662382193
137160000,0.000117355232884441
137200000,0.000116002819676907
137240000,0.000118335878396403
137280000,0.000118461978457029
137320000,0.000117315967883775
137360000,0.000118754421943669
137400000,0.000115014438194296
137440000,0.000115964503249654
137480000,0.000115604997416434
137520000,0.00011654424519027
137560000,0.000118208974557506
137600000,0.000117841124015479
137640000,0.00011640133622717
137680000,0.000117489475220324
137720000,0.000115828032254282
137760000,0.000118377269350089
137800000,0.000114898308847578
137840000,0.000117243062158113
137880000,0.000115556086776085
137920000,0.000117009806399296
137960000,0.00011477324601958
1.38e+08,0.000117460103298721
138040000,0.000117255346325564
138080000,0.00011707879048889
138120000,0.000118749187877668
138160000,0.000115755375794816
138200000,0.000114792740180525
138240000,0.00011586029170854
138280000,0.000115595325454449
138320000,0.000115595292948235
138360000,0.000117636401742813
138400000,0.000116730491537246
138440000,0.000118538540355946
138480000,0.000116231702728546
138520000,0.000115124506456739
138560000,0.000116865700965598
138600000,0.000118002563108232
138640000,0.000116404141675656
138680000,0.000114080519746624
138720000,0.000117938844977795
138760000,0.000114697351425322
138800000,0.000118521348601262
138840000,0.000114515387706433
138880000,0.000117007350031662
138920000,0.000117840298410589
138960000,0.000117653206125516
1.39e+08,0.000114142496710526
139040000,0.000118086735131655
139080000,0.000113238526375609
139120000,0.000114793006496986
139160000,0.000117380240738151
139200000,0.000116242945084605
139240000,0.000115746052520983
139280000,0.000117316267394904
139320000,0.000115544276002327
139360000,0.00011625675824141
139400000,0.000115202412506296
139440000,0.000115947691505902
139480000,0.000115340503105579
139520000,0.000115464172089177
139560000,0.000118244664115514
139600000,0.000116633969668761
139640000,0.000115865777219173
139680000,0.000117063062512147
139720000,0.000114796292157552
139760000,0.00011548289355836
139800000,0.00011539205577456
139840000,0.000116048299577785
139880000,0.000116697403391483
139920000,0.000117093644957394
139960000,0.000117461651632614
1.4e+08,0.000117717398258875
140040000,0.000117296881406449
140080000,0.000117355760226443
140120000,0.000115628467730456
140160000,0.000115974485063622
140200000,0.000116958073759894
140240000,0.000116152338044522
140280000,0.000115632353967318
140320000,0.000113905394024373
140360000,0.000117255293228463
140400000,0.000116169791183022
140440000,0.000118104916779546
140480000,0.000116017789422763
140520000,0.000115830939426575
140560000,0.000116716362430531
140600000,0.000116385273883819
140640000,0.000117961741657302
140680000,0.000115081080570342
140720000,0.000117009499581848
140760000,0.000118409422116471
140800000,0.000117970355964038
140840000,0.000116937173204575
140880000,0.000116706199617605
140920000,0.000116006668721911
140960000,0.000115877500875136
1.41e+08,0.000117238238973013
141040000,0.000118148257580492
141080000,0.000116849323955908
141120000,0.000116528975097923
141160000,0.000116417938841237
141200000,0.000116766599665464
141240000,0.000113742531050688
141280000,0.000116334824808875
141320000,0.000119523435937957
141360000,0.000116640589085942
141400000,0.000116656425760872
141440000,0.000117269569712422
141480000,0.00011944293112973
141520000,0.000117117046297226
141560000,0.000118845512645749
141600000,0.000116197344379987
141640000,0.000118352495275126
141680000,0.000116940190134911
141720000,0.000119342017625037
141760000,0.000116389444937384
141800000,0.000117278423456186
141840000,0.000117894639251244
141880000,0.00011880172223169
141920000,0.000117988532984593
141960000,0.00011878776106135
1.42e+08,0.000118225058917507
142040000,0.000120476578437983
142080000,0.000116305190327043
142120000,0.000116382476788391
142160000,0.00011838880317908
142200000,0.000116996104567478
142240000,0.000114317701526021
142280000,0.000116893804536323
142320000,0.000118318891081375
142360000,0.000117765416335767
142400000,0.000116016594308976
142440000,0.000118140211605041
142480000,0.000116587969647218
142520000,0.000116097720820659
142560000,0.000117671913910862
142600000,0.00011510654217872
142640000,0.000117368002867526
142680000,0.000117116840292144
142720000,0.000116936586336367
142760000,0.000116599847227913
142800000,0.000121836776962633
142840000,0.000117695479670823
142880000,0.000118154988127407
142920000,0.000116364904793455
142960000,0.000117287259903374
1.43e+08,0.000117872349081823
143040000,0.000116431421446996
143080000,0.000115732797585009
143120000,0.000118881586429498
143160000,0.000117105624413477
143200000,0.000116375244100078
143240000,0.000116920746156881
143280000,0.000114840571105205
143320000,0.00011675355367852
143360000,0.000118313278110631
143400000,0.000115421937588874
143440000,0.000116689543666653
143480000,0.000117009449529168
143520000,0.000119727598971208
143560000,0.00011810672401168
143600000,0.000118154644630216
143640000,0.000115219405985429
143680000,0.000117274523462876
143720000,0.000117435411460458
143760000,0.000118115354806171
143800000,0.000115819218664388
143840000,0.000113499091917649
143880000,0.000115436529519986
143920000,0.000118775547479633
143960000,0.000116463342332668
1.44e+08,0.000113792029375791
144040000,0.00011624329521274
144080000,0.000116571958729477
144120000,0.00011842309919999
144160000,0.000117585080173584
144200000,0.000117207047780298
144240000,0.000116581662240627
144280000,0.000116984510700102
144320000,0.000116989044758121
144360000,0.000116964367432221
144400000,0.000116220299632253
144440000,0.000115357386662194
144480000,0.00011722178765325
144520000,0.00011575166395114
144560000,0.000116464368695228
144600000,0.000114568072696531
144640000,0.000114511232592872
144680000,0.000116194631830127
144720000,0.000116684088228468
144760000,0.000114685041778161
144800000,0.000117651055479306
144840000,0.000116554397947074
144880000,0.00011776041175984
144920000,0.000117451298546244
144960000,0.000115390753267406
1.45e+08,0.000117403778762848
145040000,0.000115524153274698
145080000,0.000116730475160357
145120000,0.00011488414132647
145160000,0.000118273356942768
145200000,0.000115890987200091
145240000,0.00011736609686552
145280000,0.000117429563368984
145320000,0.000119174857435848
145360000,0.000116207187436301
145400000,0.000118458537153314
145440000,0.000117053146671152
145480000,0.000115452166976851
145520000,0.000117975455926949
145560000,0.000114143755967143
145600000,0.000116236203016198
145640000,0.000112652399078379
145680000,0.000116452512294002
145720000,0.000114370306904659
145760000,0.000116090442184646
145800000,0.000116677151156332
145840000,0.000115166657225505
145880000,0.000115628207148053
145920000,0.00011659218054001
145960000,0.000116104756494915
1.46e+08,0.00011412520940539
146040000,0.000116973487951197
146080000,0.00011399195597995
146120000,0.000114682111759983
146160000,0.000114248516353762
146200000,0.000112854983236043
146240000,0.000115610024869647
146280000,0.000114673711068048
146320000,0.000116037115380777
146360000,0.000113902102366021
146400000,0.00011721490268111
146440000,0.000115462976944103
146480000,0.000113683003650466
146520000,0.000117283359552647
146560000,0.000118194599287069
146600000,0.00011828425728605
146640000,0.000115487901395902
146680000,0.000115555782180054
146720000,0.000116187008984728
146760000,0.000116178843082925
146800000,0.000117422414619277
146840000,0.000116113493556138
146880000,0.000115123656689965
146920000,0.000111700578414461
146960000,0.000116505326281708
1.47e+08,0.000117018234034664
147040000,0.000113792799912808
147080000,0.000114499017738362
147120000,0.000114692804506407
147160000,0.000117315285822894
147200000,0.000115750599702781
147240000,0.000115262547227745
147280000,0.000114714136179898
147320000,0.000115400844975067
147360000,0.000115427463227261
147400000,0.000114412946339167
147440000,0.000113357890270984
147480000,0.000113272117056954
147520000,0.00011511249431367
147560000,0.000115268005361716
147600000,0.000114516040277397
147640000,0.000113638531131669
147680000,0.000114504707310013
147720000,0.000114980665184617
147760000,0.000113577851629729
147800000,0.000115961294857381
147840000,0.000115464021318627
147880000,0.000115583471126502
147920000,0.000113247345183835
147960000,0.000112995257999646
1.48e+08,0.000112309372827174
148040000,0.000113442814321916
148080000,0.000113451594418717
148120000,0.000113389011735619
148160000,0.000116358823470752
148200000,0.000112505461991039
148240000,0.000112847097378252
148280000,0.000113279112213579
148320000,0.000114877001480675
148360000,0.000113064487486297
148400000,0.000115088395736349
148440000,0.000113308636338792
148480000,0.000113109406534482
148520000,0.000115661900958091
148560000,0.000114977413809317
148600000,0.0001145462306468
148640000,0.000113401510164318
148680000,0.000115740533977278
148720000,0.000113635742776925
148760000,0.000114117233514555
148800000,0.000112438827756372
148840000,0.000112385194609703
148880000,0.000113753585412158
148920000,0.000113237227463888
148960000,0.000113335253100605
1.49e+08,0.000115738299253935
149040000,0.000115096804726918
149080000,0.00011764057260653
149120000,0.000114788430727717
149160000,0.000114622298465328
149200000,0.000114827765222507
149240000,0.000114428841634041
149280000,0.000114068142916964
149320000,0.00011524305457072
149360000,0.000113670328759027
149400000,0.000115380695714746
149440000,0.00011387551574821
149480000,0.000115420195836953
149520000,0.000114463161256851
149560000,0.000112439875741819
149600000,0.00011626390162324
149640000,0.000112933658818135
149680000,0.00011511118549843
149720000,0.000116250242331776
149760000,0.000114411530989783
149800000,0.000117138447410378
149840000,0.000115994681095652
149880000,0.000115559909994504
149920000,0.00011635752623045
149960000,0.000116419533741249
1.5e+08,0.000116108301311423
150040000,0.000116895090330753
150080000,0.000114728278174915
150120000,0.000113124839225219
150160000,0.000114660253341299
150200000,0.000115573782536575
150240000,0.000115862828725049
150280000,0.000115260008544995
150320000,0.000116548295892432
150360000,0.000115045002826642
150400000,0.000114529974709587
150440000,0.000113680119963107
150480000,0.000113475205716866
150520000,0.000114537799156396
150560000,0.000115461746562812
150600000,0.000115225341328917
150640000,0.000115924254379526
150680000,0.000117193125186001
150720000,0.000114077951145304
150760000,0.000115543417113917
150800000,0.000114305603181853
150840000,0.000114283814200198
150880000,0.000114320056582143
150920000,0.000113634772896427
150960000,0.000115766059645266
1.51e+08,0.000115101703665269
151040000,0.000116772027303299
151080000,0.000112749363703574
151120000,0.000114479656358984
151160000,0.000114036637309288
151200000,0.00011253533581654
151240000,0.000113941764590453
151280000,0.000113721814007347
151320000,0.000116483764929682
151360000,0.000114214226458928
151400000,0.000113564665513702
151440000,0.000114382095847636
151480000,0.000114619457352829
151520000,0.000115736858415894
151560000,0.000113966142068974
151600000,0.000115759385568532
151640000,0.000112555884512629
151680000,0.000116079220573936
151720000,0.000116952071186431
151760000,0.000112598743778295
151800000,0.000114146792854638
151840000,0.00011447561464648
151880000,0.000115227636537937
151920000,0.000114843795068769
151960000,0.000114690412328911
1.52e+08,0.000115986684348156
152040000,0.000114390510522205
152080000,0.000115085122471503
152120000,0.000114240497855493
152160000,0.000115591465897201
152200000,0.000114531077139431
152240000,0.000113594146660351
152280000,0.00011463828510363
152320000,0.000115558344656641
152360000,0.000117111406628395
152400000,0.000115363202450364
152440000,0.000117047531979674
152480000,0.000116218892895415
152520000,0.000115963219407609
152560000,0.000115596647212456
152600000,0.000112891581759373
152640000,0.000115432133927765
152680000,0.000114617986963714
152720000,0.000115697406042435
152760000,0.000112763364155559
152800000,0.00011394718816318
152840000,0.00011351605487983
152880000,0.000115588551998077
152920000,0.000115243405419024
152960000,0.000113742631730864
1.53e+08,0.000115863776287366
153040000,0.000116361255705267
153080000,0.000116142844655662
153120000,0.00011524259057744
153160000,0.000116396414770612
153200000,0.000113473359186124
153240000,0.000116874524834974
153280000,0.000113856983400292
153320000,0.00011292445493261
153360000,0.000114767817358032
153400000,0.000114921240437694
153440000,0.000116077519968811
153480000,0.000117843275340459
153520000,0.000116797029905872
153560000,0.000115413002553604
153600000,0.000114526116607492
153640000,0.000114997641213004
153680000,0.000116045700104066
153720000,0.000114093319454294
153760000,0.000115247862176914
153800000,0.00011562205665442
153840000,0.000115226144593348
153880000,0.00011361220177099
153920000,0.000117662926009419
153960000,0.000115064105107857
1.54e+08,0.000115241109170645
154040000,0.000116064195059653
154080000,0.000114653713698348
154120000,0.000114000094785823
154160000,0.000115798341458821
154200000,0.000113971591592228
154240000,0.000114868990683223
154280000,0.000114216413228508
154320000,0.000116211681259126
154360000,0.000116947037688903
154400000,0.000112646780839143
154440000,0.000111567319345318
154480000,0.000114876129251826
154520000,0.000116504912584351
154560000,0.00011332949179445
154600000,0.000115618901349524
154640000,0.000113513707652985
154680000,0.000116235062537233
154720000,0.000115563899663661
154760000,0.000112338478310191
154800000,0.000115822351206911
154840000,0.000115045443702327
154880000,0.000114305731290456
154920000,0.000117607074299647
154960000,0.000114006747891765
1.55e+08,0.00011611389078919
155040000,0.00011348394313139
155080000,0.000113215280347377
155120000,0.000114094592777639
155160000,0.000114133117373735
155200000,0.000114470502129249
155240000,0.000113796901380126
155280000,0.000117436341910691
155320000,0.000115642554228464
155360000,0.000114618947036542
155400000,0.000117312318977525
155440000,0.000115265603538088
155480000,0.000113839262839405
155520000,0.00011462619280903
155560000,0.000117432635589532
155600000,0.00011664329090643
155640000,0.000113297320557715
155680000,0.000117038743472861
155720000,0.000115217569967525
155760000,0.000114325339176259
155800000,0.000110699028205815
155840000,0.000113781004852075
155880000,0.000114582865790079
155920000,0.000114931089964038
155960000,0.000115012799869511
1.56e+08,0.000115375724231709
156040000,0.000114671140513739
156080000,0.000113745680123613
156120000,0.000114137389615015
156160000,0.00011577518039055
156200000,0.000115668167062026
156240000,0.000115147498180727
156280000,0.000115584718408269
156320000,0.000118100224471041
156360000,0.000114789278828187
156400000,0.000116898383244749
156440000,0.000113634871632838
156480000,0.000114291606168218
156520000,0.000113051960880854
156560000,0.000115528729817613
156600000,0.000112935502194068
156640000,0.000115585204358538
156680000,0.000114599106801241
156720000,0.000113703266312518
156760000,0.000117152855054256
156800000,0.000114131654603528
156840000,0.000113949899126446
156880000,0.00011402752939392
156920000,0.000113837338037699
156960000,0.000117066905963588
1.57e+08,0.00011590142641213
157040000,0.000118965807842134
157080000,0.000114956772278745
157120000,0.000115021670164116
157160000,0.00011447483276396
157200000,0.000113535344438756
157240000,0.000115692572016985
157280000,0.000114300303581078
157320000,0.000115204644823205
157360000,0.000112907724666733
157400000,0.000113326663108782
157440000,0.000114950059097476
157480000,0.000114762308257949
157520000,0.000116354051333254
157560000,0.000115280361913562
157600000,0.000114424123304967
157640000,0.000115753661621446
157680000,0.000112562688113822
157720000,0.000113309499219794
157760000,0.000116510766133883
157800000,0.000116119618290064
157840000,0.000117467397832752
157880000,0.000114451783779623
157920000,0.000113812404816712
157960000,0.000115242238501895
1.58e+08,0.000113753240684559
158040000,0.00011550760789651
158080000,0.000116803591100721
158120000,0.000114167697654686
158160000,0.00011431416236847
158200000,0.000116073876208164
158240000,0.000114979708345464
158280000,0.000115960066743376
158320000,0.000116314245257515
158360000,0.000115478000105075
158400000,0.000114072709905112
158440000,0.000111524786769143
158480000,0.000115933268371576
158520000,0.000113321162658326
158560000,0.000115056151918147
158600000,0.000116223378042733
158640000,0.000116894436718258
158680000,0.00011622061662291
158720000,0.000116308304797349
158760000,0.000113947010490759
158800000,0.00011627055334575
158840000,0.000118848879744299
158880000,0.000115426416681064
158920000,0.000114038638647708
158960000,0.000115374551779156
1.59e+08,0.000117043291735255
159040000,0.00011487640589719
159080000,0.000114806412956604
159120000,0.00011286231514551
159160000,0.000116309737440015
159200000,0.000118778768752559
159240000,0.000113304360869124
159280000,0.000115966467158368
159320000,0.000112699393803428
159360000,0.000115784487854165
159400000,0.000116348154097794
159440000,0.000113218247815948
159480000,0.000116616036572444
159520000,0.000114071386377954
159560000,0.000115765612560118
159600000,0.000115503243048493
159640000,0.000111140833819782
159680000,0.000112432570364315
159720000,0.000114901584793809
159760000,0.00011264272046012
159800000,0.000114147588552683
159840000,0.000114594581298965
159880000,0.00011487904931642
159920000,0.000112950067055042
159960000,0.000114194859589802
1.6e+08,0.000112631438154383
160040000,0.000114631560625546
160080000,0.000114066481560008
160120000,0.000114485981670446
160160000,0.000115482301927053
160200000,0.000114702704478087
160240000,0.000116373360174951
160280000,0.000112716976894299
160320000,0.000111541679579798
160360000,0.000115268141946652
160400000,0.000116659787842635
160440000,0.000112993811483562
160480000,0.000116205557468837
160520000,0.000113767608354567
160560000,0.000115130683328181
160600000,0.00011465736157132
160640000,0.000115295210963994
160680000,0.000114010240438646
160720000,0.000117407559061718
160760000,0.000114324291622917
160800000,0.000113635481456679
160840000,0.000114009894958045
160880000,0.000111917988076887
160920000,0.000114691935443372
160960000,0.000111501668654649
1.61e+08,0.000113714027666542
161040000,0.000113938189848142
161080000,0.000112271223660499
161120000,0.000114801084066878
161160000,0.000115741515141876
161200000,0.000114947228007292
161240000,0.000112600970524089
161280000,0.000115220658978665
161320000,0.000115895124960593
161360000,0.000113976785716035
161400000,0.000114227130256222
161440000,0.00011618274063527
161480000,0.000110919937056594
161520000,0.000113344896326418
161560000,0.000114159919378531
161600000,0.000117449052423455
161640000,0.000110818557048482
161680000,0.000116852565939751
161720000,0.000112195340009257
161760000,0.00011519050031199
161800000,0.000115932728241979
161840000,0.0001129260822764
161880000,0.000110891134942391
161920000,0.000111626741512565
161960000,0.000113164881104746
1.62e+08,0.00011286158972536
162040000,0.000112854794430428
162080000,0.000115578785612669
162120000,0.000113480392118049
162160000,0.000112654521274634
162200000,0.0001140237453134
162240000,0.000112763079601245
162280000,0.0001139329363792
162320000,0.000112799439744756
162360000,0.000118425885039348
162400000,0.000113888634583098
162440000,0.000115922592712141
162480000,0.000112284901208414
162520000,0.000115207205205154
162560000,0.000116133002779496
162600000,0.000114151476716603
162640000,0.000117681594938403
162680000,0.000114222511148236
162720000,0.000115102554941368
162760000,0.00011202031712632
162800000,0.000118164038063636
162840000,0.000114697350493881
162880000,0.000112746627385482
162920000,0.000113504435356772
162960000,0.000112889752054788
1.63e+08,0.000111897786084417
163040000,0.000112139681869016
163080000,0.000111858946864943
163120000,0.000111086146539351
163160000,0.000113536125912551
163200000,0.00011320503930066
163240000,0.000113349952297231
163280000,0.000111649288637156
163320000,0.000111210796864353
163360000,0.000115109621216148
163400000,0.000111850118625625
163440000,0.0001138316738679
163480000,0.000111850152884128
163520000,0.000115071136327627
163560000,0.000112056221589623
163600000,0.000108374344076668
163640000,0.000110917679926807
163680000,0.000114045947332233
163720000,0.000113748649020787
163760000,0.000114688925420156
163800000,0.000113857372566355
163840000,0.000115976130173887
163880000,0.000114120861854152
163920000,0.000114165315244387
163960000,0.000113639131185629
1.64e+08,0.000112860559086637
164040000,0.000114155681362619
164080000,0.000111388284538735
164120000,0.000112627089595708
164160000,0.000113123228776496
164200000,0.000112264042906887
164240000,0.000114367205018033
164280000,0.000113284247989074
164320000,0.000112877808675591
164360000,0.000115678235207731
164400000,0.000113824198703955
164440000,0.000113776509553867
164480000,0.000112891890611682
164520000,0.000113079344668308
164560000,0.000113847295079106
164600000,0.000116011575620646
164640000,0.000113577771887481
164680000,0.000110574962557745
164720000,0.00011207773176619
164760000,0.0001128861625225
164800000,0.000112930758845403
164840000,0.000113735627789143
164880000,0.000113653982359671
164920000,0.000113527750032897
164960000,0.000114699527772007
1.65e+08,0.000112757482540082
165040000,0.000116010145201766
165080000,0.000114254617492661
165120000,0.000112038131455679
165160000,0.000114408941887762
165200000,0.000112087013790747
165240000,0.000113542682763626
165280000,0.000112324263434573
165320000,0.000112460941207942
165360000,0.000115149323009182
165400000,0.000113631434832281
165440000,0.000113762801046871
165480000,0.000114145269050764
165520000,0.000114869352865364
165560000,0.000112276684931503
165600000,0.000112994094954225
165640000,0.000112839532170695
165680000,0.000114412781653864
165720000,0.000113056309222655
165760000,0.000111253253006231
165800000,0.000111967480113456
165840000,0.000114428038038809
165880000,0.000112725581243158
165920000,0.000112666143585038
165960000,0.000114365454967079
1.66e+08,0.000114025715723521
166040000,0.000114886843990291
166080000,0.000111421078737393
166120000,0.000115875016451204
166160000,0.00011454799776913
166200000,0.000112288994238865
166240000,0.000115773422351409
166280000,0.000112897605528745
166320000,0.000112902941376927
166360000,0.000113531319444256
166400000,0.000114989324414771
166440000,0.000113118454542388
166480000,0.000114263345919402
166520000,0.000116662239963198
166560000,0.000117608336635503
166600000,0.000114893225388086
166640000,0.000114721782649779
166680000,0.000113723652003767
166720000,0.00011329463099698
166760000,0.00011298514102442
166800000,0.000113752853539935
166840000,0.000113321834943715
166880000,0.000113327116359563
166920000,0.000116133085039559
166960000,0.000117759541023589
1.67e+08,0.000116484809773879
167040000,0.000115951992705438
167080000,0.00011139230775146
167120000,0.000112644495047516
167160000,0.000114218995378482
167200000,0.000115772965508187
167240000,0.00011462310378061
167280000,0.000115939473757829
167320000,0.000114278075230817
167360000,0.000113729757646517
167400000,0.00011668905759907
167440000,0.000112994075030004
167480000,0.000114569712165516
167520000,0.000111342788190942
167560000,0.000114389425975716
167600000,0.000114557322525461
167640000,0.00011361026772058
167680000,0.000113356833843818
167720000,0.000116697769897586
167760000,0.000115055893086445
167800000,0.00011378867930827
167840000,0.000113107238010963
167880000,0.000113853988594606
167920000,0.000113617988713785
167960000,0.000118352317658807
1.68e+08,0.00011249900623599
168040000,0.000114239878296082
168080000,0.000116603745086285
168120000,0.000116457886457388
168160000,0.00011407982630757
168200000,0.000114102575816503
168240000,0.00011392489887495
168280000,0.000115369710932934
168320000,0.00011768864287109
168360000,0.000114761746343628
168400000,0.000115727471899086
168440000,0.000112779629945534
168480000,0.000113080777017385
168520000,0.000113640153204901
168560000,0.000113743370823542
168600000,0.000114475258637259
168640000,0.00011489597252367
168680000,0.000116373316271316
168720000,0.000112753971754564
168760000,0.000113852833050395
168800000,0.000112108950257703
168840000,0.000115795922227366
168880000,0.000113610816483903
168920000,0.000115119412797932
168960000,0.000115702403285173
1.69e+08,0.000113433652249817
169040000,0.000114366664210452
169080000,0.000113049918404308
169120000,0.000115619737568272
169160000,0.000115068572566711
169200000,0.000114842770408261
169240000,0.000111790994739551
169280000,0.000115585968234839
169320000,0.000114520683272826
169360000,0.000114334949066526
169400000,0.000116701636613422
169440000,0.000112209297698602
169480000,0.000111101699852521
169520000,0.000113326323051399
169560000,0.000115438063081969
169600000,0.000112622636351051
169640000,0.000116143332815906
169680000,0.000113212838997802
169720000,0.000114484296769675
169760000,0.000116547660528359
169800000,0.000111566177018103
169840000,0.000113924957970884
169880000,0.000115945150388057
169920000,0.000112492604361512
169960000,0.000113839539660952
1.7e+08,0.000113253236645599
170040000,0.00011298273009827
170080000,0.000115105530500204
170120000,0.000114654034710805
170160000,0.000117386882031393
170200000,0.000112979054094603
170240000,0.000114933882704648
170280000,0.000111561588083311
170320000,0.000113901206083654
170360000,0.000114564946830191
170400000,0.000114048729354814
170440000,0.00011418721843729
170480000,0.00011118342148185
170520000,0.000112187815541875
170560000,0.000113658174525739
170600000,0.000112261841944146
170640000,0.000113284931649893
170680000,0.000112488892212523
170720000,0.000115037640955898
170760000,0.000114575138152798
170800000,0.000117295818602452
170840000,0.000113517252278733
170880000,0.000110518687420283
170920000,0.000112828761955986
170960000,0.000111596471275362
1.71e+08,0.000113217436909668
171040000,0.000112426895494366
171080000,0.00011468155402082
171120000,0.000114534143302973
171160000,0.00011276249955502
171200000,0.00011339510448392
171240000,0.000114640547184015
171280000,0.000114057662762709
171320000,0.000112338386009242
171360000,0.000114932112857665
171400000,0.000112440935787047
171440000,0.000115629711822001
171480000,0.000115963819714253
171520000,0.000114369844517712
171560000,0.000114030921807413
171600000,0.000113972087164186
171640000,0.000114636629085641
171680000,0.000113666305054777
171720000,0.000115342077170547
171760000,0.000112133203700322
171800000,0.000116137307702211
171840000,0.000116781815356397
171880000,0.000113330750147701
171920000,0.000113383521033236
171960000,0.000117171741330289
1.72e+08,0.000114363660890159
172040000,0.00011053956191185
172080000,0.000115370361650503
172120000,0.00011126081010765
172160000,0.000113669312568063
172200000,0.000112953980235004
172240000,0.000111995184464944
172280000,0.000114782867019071
172320000,0.000115540480302165
172360000,0.000114248474425321
172400000,0.000112275461439475
172440000,0.000112921741545946
172480000,0.000117723383314692
172520000,0.000113805188199612
172560000,0.000114984587326928
172600000,0.000112466853074569
172640000,0.000115777484746031
172680000,0.00011414917380897
172720000,0.000113570114903971
172760000,0.000113960729418468
172800000,0.000113422032162084
172840000,0.000112254986381468
172880000,0.000113188340023264
172920000,0.000116235767751722
172960000,0.000110593934561511
1.73e+08,0.000111674908325268
173040000,0.000113258836813657
173080000,0.000114622748024672
173120000,0.000115450627796885
173160000,0.000110476579097574
173200000,0.000114413138942407
173240000,0.00011469839125304
173280000,0.000111627299334851
173320000,0.000110332629277898
173360000,0.000114106961282877
173400000,0.000114156677874479
173440000,0.000116296178888616
173480000,0.000115067308167585
173520000,0.000112254640316866
173560000,0.000117174944062563
173600000,0.000113410037809683
173640000,0.00011514047982691
173680000,0.000115582122657043
173720000,0.000112573272508546
173760000,0.000115921353837971
173800000,0.00011600083491941
173840000,0.000112693931701915
173880000,0.000113637469180944
173920000,0.000113170766381132
173960000,0.000111395988602537
1.74e+08,0.000111029265441479
174040000,0.000114654123384006
174080000,0.000112943270832345
174120000,0.000113422134471145
174160000,0.000113714407168955
174200000,0.000112496192183089
174240000,0.000114821772225097
174280000,0.000113222682994671
174320000,0.000114543776535809
174360000,0.000114299682845079
174400000,0.000111518041996252
174440000,0.000113673320384141
174480000,0.000112963514147495
174520000,0.000115765157604699
174560000,0.00011422395634266
174600000,0.000116226172752092
174640000,0.000115690322547892
174680000,0.000113936722379295
174720000,0.000110553754888424
174760000,0.000111683465155302
174800000,0.000112084340359227
174840000,0.000112651311927955
174880000,0.00011339312627928
174920000,0.000112399905835532
174960000,0.000115157595126199
1.75e+08,0.00011530047312776
175040000,0.000111875857853612
175080000,0.000113336326365113
175120000,0.000115361036572004
175160000,0.000116045608870168
175200000,0.000114546608838917
175240000,0.000113065738348934
175280000,0.000116411901479391
175320000,0.00011174491224248
175360000,0.000116744288663165
175400000,0.000113135754038441
175440000,0.000113493320981988
175480000,0.000113353102041439
175520000,0.000112997829738063
175560000,0.000110972934253961
175600000,0.000114147590870642
175640000,0.000113100063090895
175680000,0.000113588882139565
175720000,0.000116008276731887
175760000,0.00011440486741867
175800000,0.000114477873711321
175840000,0.000113897972206684
175880000,0.000115960820298593
175920000,0.000114568861833863
175960000,0.000112947435537152
1.76e+08,0.000114019066851736
176040000,0.000116417963493625
176080000,0.000113585453393095
176120000,0.000110490048625227
176160000,0.000114432645738308
176200000,0.00011482699931213
176240000,0.000115013860412315
176280000,0.000112350889308279
176320000,0.000114859283002741
176360000,0.000114940925243767
176400000,0.000112636782494699
176440000,0.000116702778970464
176480000,0.000114348648560601
176520000,0.000112048531612432
176560000,0.000115105805797513
176600000,0.000112374678106639
176640000,0.000112218813916854
176680000,0.000112238650393522
176720000,0.000111204925223063
176760000,0.000111929253816502
176800000,0.000113903114418477
176840000,0.000117066678453423
176880000,0.000115358299428268
176920000,0.000114345715682914
176960000,0.000112328072872134
1.77e+08,0.000113122770877981
177040000,0.000113265505251891
177080000,0.000114582354310901
177120000,0.000114566591414073
177160000,0.000112478498299928
177200000,0.000115507447818225
177240000,0.00011383707644575
177280000,0.000114487397962409
177320000,0.000114695273343131
177360000,0.000111762879806541
177400000,0.000112096052313718
177440000,0.000109828157387208
177480000,0.000113017760538797
177520000,0.000113670715063464
177560000,0.000110923305434714
177600000,0.000115707129354724
177640000,0.000111826654374599
177680000,0.00011500667442867
177720000,0.000113795210342476
177760000,0.000116732437767947
177800000,0.000110082136946195
177840000,0.000114644559217805
177880000,0.00011115367747495
177920000,0.000112251445148413
177960000,0.000114820805912743
1.78e+08,0.000111511680441149
178040000,0.000113567909315767
178080000,0.000113437609567308
178120000,0.000112487663398978
178160000,0.000114165555358852
178200000,0.000113755727560062
178240000,0.000112474044425944
178280000,0.000112256476622268
178320000,0.000110403557501794
178360000,0.000109977806259855
178400000,0.000112119923134966
178440000,0.00011551255157573
178480000,0.000113224674776309
178520000,0.000113557160733084
178560000,0.00011368539022245
178600000,0.00011268810628543
178640000,0.000110431278437746
178680000,0.000114296986790932
178720000,0.000116586608498307
178760000,0.000113363361381551
178800000,0.000114472366508659
178840000,0.000112851816636136
178880000,0.000113964887349874
178920000,0.000116342023226121
178960000,0.000114997779235492
1.79e+08,0.000113360317509559
179040000,0.000116703128939993
179080000,0.000115069485309385
179120000,0.000111431595530462
179160000,0.000112271138823582
179200000,0.000111656960101385
179240000,0.000113169861868523
179280000,0.000113497614603011
179320000,0.000114238198467746
179360000,0.000115550811869473
179400000,0.000111899822915977
179440000,0.000113750746875592
179480000,0.000110484867653462
179520000,0.000112130234587814
179560000,0.000109077982867711
179600000,0.000111065625236105
179640000,0.000114449343713049
179680000,0.000114217254666687
179720000,0.000112580740949707
179760000,0.000114549819152758
179800000,0.000115033156695882
179840000,0.000112591768927452
179880000,0.000111698212753339
179920000,0.000111700794435925
179960000,0.000116712418418867
1.8e+08,0.000116098561922788
180040000,0.000114603534387317
180080000,0.00011520160841533
180120000,0.000113628560405189
180160000,0.000110905378410438
180200000,0.000112266869190074
180240000,0.000110818198317188
180280000,0.000114960309922463
180320000,0.000112240598602663
180360000,0.000113796334924075
180400000,0.00011489730619909
180440000,0.000115383372078782
180480000,0.000108562748154015
180520000,0.000111209582942435
180560000,0.000112899838817254
180600000,0.000112000388023648
180640000,0.000109595150503533
180680000,0.000108887837954751
180720000,0.000106935990715993
180760000,0.000112166633849403
180800000,0.000109722284161372
180840000,0.000111522964061452
180880000,0.000112895907595596
180920000,0.000108699614030397
180960000,0.000111440668284003
1.81e+08,0.000110869523045917
181040000,0.000108156624448958
181080000,0.000110217224969627
181120000,0.000108873043775968
181160000,0.00011123277128241
181200000,0.000114232759236401
181240000,0.000112344469713668
181280000,0.000106679209335951
181320000,0.000112019276057596
181360000,0.000109061120042338
181400000,0.00011090909570083
181440000,0.000109057606572365
181480000,0.000109735332734741
181520000,0.000109419664804938
181560000,0.000112157028048359
181600000,0.000113289110961851
181640000,0.00011054227067532
181680000,0.000109083268505359
181720000,0.000112057986360168
181760000,0.000110780749987708
181800000,0.000110417173271297
181840000,0.000108592075274079
181880000,0.00011206238173923
181920000,0.000107460055431306
181960000,0.00011064569184789
1.82e+08,0.000111462540764155
182040000,0.000113437878196004
182080000,0.000108565436014888
182120000,0.000110637500801526
182160000,0.000108590552765362
182200000,0.000106529487384209
182240000,0.000107972805007184
182280000,0.00011030935033671
182320000,0.000112965634366527
182360000,0.000111708321595577
182400000,0.000106856294469539
182440000,0.000108813947320043
182480000,0.000111219447883863
182520000,0.000109934324945699
182560000,0.000110027254134727
182600000,0.000119425674701063
182640000,0.000111815451052867
182680000,0.000108984287883965
182720000,0.00010982870821108
182760000,0.000111392446129552
182800000,0.000110005655508275
182840000,0.000109108525847436
182880000,0.000111492447054495
182920000,0.000109690705235971
182960000,0.000112743121894707
1.83e+08,0.00011031719201364
183040000,0.000108069691542377
183080000,0.000112265126548945
183120000,0.000111880517229103
183160000,0.000113887489904452
183200000,0.000106614685272104
183240000,0.000110399646989672
183280000,0.000111521861744701
183320000,0.000108666582605545
183360000,0.000108536645554855
183400000,0.00010764864504984
183440000,0.000108277950040667
183480000,0.000111269359824803
183520000,0.000108364846079651
183560000,0.000113571837334372
183600000,0.000106357033288754
183640000,0.000113196533928086
183680000,0.000113370068138816
183720000,0.000108977922879247
183760000,0.000108007427043688
183800000,0.000108367442617369
183840000,0.000105088383534416
183880000,0.000110178951113965
183920000,0.000106763668372461
183960000,0.000110482692027106
1.84e+08,0.000115102519702024
184040000,0.000108029951581909
184080000,0.000110617751029192
184120000,0.000112641127488793
184160000,0.000113005807969083
184200000,0.000116943923821482
184240000,0.000112706665864698
184280000,0.000110474927737548
184320000,0.000109810872810599
184360000,0.000110305684882124
184400000,0.000111886559565085
184440000,0.000115169664436789
184480000,0.000110637279175902
184520000,0.000110275475483007
184560000,0.000108318629415643
184600000,0.00011276746156802
184640000,0.000108791886459282
184680000,0.000108874580131495
184720000,0.000108405301238331
184760000,0.000110223726628956
184800000,0.000111296958768859
184840000,0.000109550901682228
184880000,0.000112244421783867
184920000,0.000108855379306096
184960000,0.000114528273601321
1.85e+08,0.00011002866694646
185040000,0.000110493762678263
185080000,0.000112049456799807
185120000,0.000110047749919051
185160000,0.000110241790070866
185200000,0.000111576884139476
185240000,0.000110074530505167
185280000,0.000112322733823432
185320000,0.000109450582761734
185360000,0.000109596073428572
185400000,0.000109938481324692
185440000,0.000110189194319604
185480000,0.000112841716177366
185520000,0.000107229585123147
185560000,0.000109007615737702
185600000,0.000107397754199825
185640000,0.000111350239119443
185680000,0.000113034090348026
185720000,0.000107737179416587
185760000,0.000111034916249534
185800000,0.000108828691526998
185840000,0.000117162589603543
185880000,0.000109883495395435
185920000,0.000110709788391551
185960000,0.000114469167016531
1.86e+08,0.00010987244299635
186040000,0.00011390017932649
186080000,0.000109511678931414
186120000,0.000109576886312521
186160000,0.000111382048750299
186200000,0.000108544032229689
186240000,0.000110628534217168
186280000,0.000110835794170254
186320000,0.000108018219673231
186360000,0.000112875810963537
186400000,0.000106477092708543
186440000,0.000107478608938356
186480000,0.000104612750020229
186520000,0.000108634431896027
186560000,0.00010784840785143
186600000,0.000109657778083175
186640000,0.000109978937233803
186680000,0.000111324677212555
186720000,0.000111306062085445
186760000,0.000107704689252878
186800000,0.000110282068652225
186840000,0.000107660552368926
186880000,0.000111424296594927
186920000,0.000112294800567187
186960000,0.000110242162721187
1.87e+08,0.000110161381542367
187040000,0.000105867154935703
187080000,0.000113089756145952
187120000,0.000107256738802872
187160000,0.000110570023174209
187200000,0.00010813992554306
187240000,0.000111633337637714
187280000,0.000104168144756001
187320000,0.000107406997882245
187360000,0.000109037308365649
187400000,0.000109462650480055
187440000,0.000111787258630183
187480000,0.000108281940232026
187520000,0.000107842365978945
187560000,0.000114433823763579
187600000,0.000109251416127535
187640000,0.000110774910472988
187680000,0.000111447780308025
187720000,0.000110906512416962
187760000,0.000109893926914771
187800000,0.00011012526092241
187840000,0.000111456793065442
187880000,0.00011177155765278
187920000,0.000109382519751293
187960000,0.000114329799886736
1.88e+08,0.000109567304043401
188040000,0.000110256317177642
188080000,0.000111022597602954
188120000,0.000108860646130273
188160000,0.000110519562043193
188200000,0.000110783111201585
188240000,0.000114080701144482
188280000,0.000109574508238341
188320000,0.000113071419067461
188360000,0.000111693679015001
188400000,0.000109159484105758
188440000,0.000109404547292791
188480000,0.00011109453390746
188520000,0.000110480863716583
188560000,0.00011020062835261
188600000,0.000112264711944932
188640000,0.000107846234121095
188680000,0.000109057467581091
188720000,0.00010948813701823
188760000,0.000109477990893633
188800000,0.00011222373980307
188840000,0.000110852957977837
188880000,0.000110963258566842
188920000,0.00011088615282305
188960000,0.000110010257190237
1.89e+08,0.00010817759516057
189040000,0.000111462988680024
189080000,0.000112336969246481
189120000,0.000110925388583995
189160000,0.000109571886227011
189200000,0.000108710882780513
189240000,0.000109148083651451
189280000,0.000109838535391538
189320000,0.000109647853856922
189360000,0.000108894422118446
189400000,0.000109109275401367
189440000,0.000110702483836577
189480000,0.000108525811286127
189520000,0.000109714616939905
189560000,0.000110869793567807
189600000,0.000106242614375581
189640000,0.000114118422932625
189680000,0.000108458001125724
189720000,0.000110803953793373
189760000,0.000111714641528546
189800000,0.000112066444862886
189840000,0.000108502239069107
189880000,0.000108210643274687
189920000,0.000114084526707332
189960000,0.000108784000929846
1.9e+08,0.000111339607961726
190040000,0.000112219364359501
190080000,0.000108146766117336
190120000,0.000109935920742605
190160000,0.000108969443073889
190200000,0.000108594842155959
190240000,0.000109141716389635
190280000,0.000108815171990689
190320000,0.000111282486927334
190360000,0.000107659996311303
190400000,0.000110686836253499
190440000,0.000105939008756748
190480000,0.000109547032466244
190520000,0.000114120288491735
190560000,0.000108850014572589
190600000,0.000105825557780225
190640000,0.000110864986620593
190680000,0.000109975996814403
190720000,0.000112032780560001
190760000,0.000110325084419564
190800000,0.000112722723443353
190840000,0.000111106427381337
190880000,0.000109522413966829
190920000,0.000114834312489807
190960000,0.00013224209535556
1.91e+08,0.000200229954545955
191040000,0.000109603801988654
191080000,0.000111045085958464
191120000,0.000109703926641548
191160000,0.000109871772807252
191200000,0.000109216726208741
191240000,0.000111027990322375
191280000,0.000113263097997201
191320000,0.00010951940297288
191360000,0.000109687193513052
191400000,0.000108770390167486
191440000,0.000107863483708968
191480000,0.000111056318133268
191520000,0.000110973842732436
191560000,0.000108128617219815
191600000,0.000110509561613515
191640000,0.000109656143545712
191680000,0.000104756705072792
191720000,0.000108692392195932
191760000,0.000109997344148239
191800000,0.000108134447809905
191840000,0.00010978622215408
191880000,0.000107201097564781
191920000,0.000106198038069721
191960000,0.00010973726362698
1.92e+08,0.000106028162663863
192040000,0.000107107312342108
192080000,0.000108255455206897
192120000,0.000105212697741972
192160000,0.000112079856393181
192200000,0.000109857278481919
192240000,0.000109003247046311
192280000,0.000109542686423997
192320000,0.000107311666405538
192360000,0.000108801640639205
192400000,0.00011084577886368
192440000,0.000110585995371956
192480000,0.000108436419991209
192520000,0.000104833736854671
192560000,0.000110650193953651
192600000,0.000106395517980651
192640000,0.000107261257497731
192680000,0.000105888285262439
192720000,0.000110006824289778
192760000,0.000109338001098231
192800000,0.000106825708143834
192840000,0.000106748789671856
192880000,0.000111513740486306
192920000,0.000102619766706163
192960000,0.000109935740462072
1.93e+08,0.000112690306141576
193040000,0.000111757309382261
193080000,0.000108696249402754
193120000,0.000109976735018894
193160000,0.000108470241558404
193200000,0.000111138389776974
193240000,0.000105120529258952
193280000,0.000106758424731801
193320000,0.000107968214819827
193360000,0.000106112323092838
193400000,0.000105554409407391
193440000,0.000106284742667855
193480000,0.000110912972911336
193520000,0.000105567567037863
193560000,0.000109218937149527
193600000,0.000110437466191306
193640000,0.000111498426693572
193680000,0.000110378811158721
193720000,0.000106229783622572
193760000,0.000108300120779388
193800000,0.000107297600300187
193840000,0.000108911188612337
193880000,0.000111127928770216
193920000,0.000106105241704066
193960000,0.000112153464859592
1.94e+08,0.00010886275605941
194040000,0.000106781134254939
194080000,0.000110171493309091
194120000,0.000111214018640657
194160000,0.00010926857850088
194200000,0.000110135791358182
194240000,0.000107643354998405
194280000,0.000106636321831295
194320000,0.00010683672675111
194360000,0.000109453363684176
194400000,0.000106910012483856
194440000,0.000108404968898153
194480000,0.00011047235764423
194520000,0.000107700016561436
194560000,0.000111640210578816
194600000,0.000111888373132198
194640000,0.000112999873271379
194680000,0.000109534602808181
194720000,0.000106815916517984
194760000,0.000110565223783898
194800000,0.000105792716861835
194840000,0.000112053931611843
194880000,0.000109377439484453
194920000,0.000111028787927353
194960000,0.00011103949776054
1.95e+08,0.000106946062722261
195040000,0.000109940233379905
195080000,0.000110285083675238
195120000,0.000107424268106071
195160000,0.000108241545148742
195200000,0.00010822874163888
195240000,0.000109950490504231
195280000,0.000102001248015848
195320000,0.000110010959240562
195360000,0.000113923851856007
195400000,0.000110463414397195
195440000,0.000111906378741263
195480000,0.000110079305391657
195520000,0.000111964107458041
195560000,0.000109709189260567
195600000,0.000107223885817328
195640000,0.000107262252467238
195680000,0.000108942942236133
195720000,0.000110732100379048
195760000,0.000110749516480765
195800000,0.000109022510871844
195840000,0.000107011883507492
195880000,0.000108205005384314
195920000,0.000109377419426675
195960000,0.000110100202302547
1.96e+08,0.000109205975692414
196040000,0.000109158411975079
196080000,0.000106649920820631
196120000,0.000107061627598748
196160000,0.000106992988341197
196200000,0.000109778212421441
196240000,0.000109554879859205
196280000,0.000108826143378168
196320000,0.000105259311950128
196360000,0.000110144727895467
196400000,0.000109215067271818
196440000,0.000113709055715382
196480000,0.000113254208572772
196520000,0.000107472292357837
196560000,0.000104819554593586
196600000,0.000113635545910371
196640000,0.000113900501603082
196680000,0.000106155711006161
196720000,0.000109016057695429
196760000,0.000112830697864232
196800000,0.000107265301383083
196840000,0.000110176193059587
196880000,0.000106641390211991
196920000,0.000107778810261184
196960000,0.000109794503146566
1.97e+08,0.000110727848616336
197040000,0.000109451954178144
197080000,0.000111514751600884
197120000,0.000106496894305564
197160000,0.000113260316343939
197200000,0.000109499914725255
197240000,0.000108550216703938
197280000,0.00011056659995699
197320000,0.000111127437802106
197360000,0.000111436667872916
197400000,0.000110017101053961
197440000,0.000107901353087097
197480000,0.000113220499098003
197520000,0.000105795071264992
197560000,0.000110065713892062
197600000,0.000106445881408926
197640000,0.000110498146043114
197680000,0.00011265660349756
197720000,0.000111239290876812
197760000,0.0001076345036561
197800000,0.000110011553723549
197840000,0.000110445096564891
197880000,0.00010720397558389
197920000,0.000111637003938341
197960000,0.000116806888680172
1.98e+08,0.0001072413850359
198040000,0.000111083898258167
198080000,0.000108914273516642
198120000,0.000112184095689637
198160000,0.00011041821538473
198200000,0.000111600486019577
198240000,0.00011131309540611
198280000,0.000111733257719413
198320000,0.000110912795712469
198360000,0.000108542242935613
198400000,0.000107954784537136
198440000,0.000109175518964469
198480000,0.000109929055204781
198520000,0.000106630773035245
198560000,0.000112255529569264
198600000,0.000115753027813504
198640000,0.00010919295150526
198680000,0.000106943377648843
198720000,0.000111534320696804
198760000,0.000117305495943745
198800000,0.000109993364901312
198840000,0.000109380305550255
198880000,0.000106652432235901
198920000,0.000114205286282909
198960000,0.000111295642093769
1.99e+08,0.000110707863908347
199040000,0.000112881331357965
199080000,0.000112673235438277
199120000,0.000110165723394707
199160000,0.000110831061240855
199200000,0.000114990421200183
199240000,0.000114712375211194
199280000,0.000113088409123901
199320000,0.000109945184068017
199360000,0.000108124711221595
199400000,0.000109371587822228
199440000,0.000109965881844745
199480000,0.000114886154240863
199520000,0.000109220404337087
199560000,0.000111675235151829
199600000,0.000109580935119794
199640000,0.000111680055102687
199680000,0.000110179265545024
199720000,0.000112801829829051
199760000,0.000109809741891799
199800000,0.000112480915909735
199840000,0.000111144719741115
199880000,0.000107970629128922
199920000,0.00010948903037611
199960000,0.000110497055824624
2e+08,0.000110738613556706
200040000,0.000108126753253048
200080000,0.00011123667288259
200120000,0.000111393656886798
200160000,0.00011249103828967
200200000,0.000112777808218036
200240000,0.000108544185595853
200280000,0.000114831847862775
200320000,0.000113352213772187
200360000,0.000112506673715779
200400000,0.000115596002491181
200440000,0.000111216230342842
200480000,0.00011133840511277
200520000,0.000111459772367854
200560000,0.000115235506827974
200600000,0.00011114380223619
200640000,0.00011098242426408
200680000,0.000109921632017018
200720000,0.000108819298691045
200760000,0.000112805864987615
200800000,0.000113335408926491
200840000,0.000115483537097126
200880000,0.000111033428508115
200920000,0.000111974473649126
200960000,0.00011164507888827
2.01e+08,0.000111726122617561
201040000,0.000115641235046738
201080000,0.000113391496995333
201120000,0.000115206034781131
201160000,0.000113173948491595
201200000,0.000109935021502973
201240000,0.000110806519245124
201280000,0.000114950264104005
201320000,0.000110866114167209
201360000,0.000111081803664279
201400000,0.000111513974834405
201440000,0.000117234614651057
201480000,0.000113899184803972
201520000,0.000110137810254085
201560000,0.000113118161879203
201600000,0.000106801757112473
201640000,0.000110030448072409
201680000,0.00011497737189485
201720000,0.000109193262423607
201760000,0.000111154346720385
201800000,0.000110564755520411
201840000,0.00011155275679253
201880000,0.000110773524403858
201920000,0.000108849231773437
201960000,0.000109818024190851
2.02e+08,0.000109866017324269
202040000,0.000114043926920889
202080000,0.000107720723244178
202120000,0.000108125053608346
202160000,0.000112722649968885
202200000,0.000111075605245619
202240000,0.00011043506183969
202280000,0.000110100139435624
202320000,0.000108055147113313
202360000,0.000112995739202253
202400000,0.000106653439296584
202440000,0.000112398666455422
202480000,0.000107711492836697
202520000,0.000110506135736493
202560000,0.000112544221358999
202600000,0.000108078044648412
202640000,0.000107074150056374
202680000,0.000117127411208563
202720000,0.000109664537666954
202760000,0.000109488709109269
202800000,0.000111871221084322
202840000,0.000108589055335622
202880000,0.0001086272056611
202920000,0.000108172879621913
202960000,0.000107879829152417
2.03e+08,0.000114813409711949
203040000,0.000110685532931807
203080000,0.000109890197182366
203120000,0.000114404669780454
203160000,0.000113053615428666
203200000,0.000108341475845936
203240000,0.000111213596919161
203280000,0.000108804642876165
203320000,0.000109366446264919
203360000,0.000119210994395018
203400000,0.000110427138756943
203440000,0.000107964796259015
203480000,0.000111749501596862
203520000,0.000108411805027154
203560000,0.000112623860129947
203600000,0.000111977294685277
203640000,0.000111430997874995
203680000,0.000112038839089844
203720000,0.000109623257338438
203760000,0.000110553222480663
203800000,0.000111135731545418
203840000,0.000111034050953413
203880000,0.000109554959182319
203920000,0.000110051639293048
203960000,0.000119942633980605
2.04e+08,0.000111495166023507
204040000,0.000115945637159312
204080000,0.000108819245691211
204120000,0.000109325979351887
204160000,0.000112621339562111
204200000,0.000109616479491459
204240000,0.000104206385885262
204280000,0.000114535093115666
204320000,0.000107201774605975
204360000,0.000112887490832091
204400000,0.000111372929333927
204440000,0.00010989292687441
204480000,0.00010794516251013
204520000,0.000113427100623048
204560000,0.000110837910613032
204600000,0.0001113473792164
204640000,0.000115906219467396
204680000,0.000117471092671364
204720000,0.000111622714166988
204760000,0.000115377510084046
204800000,0.000109876702341415
204840000,0.000117919467456233
204880000,0.000111237182535094
204920000,0.0001139701126601
204960000,0.000114405130952806
2.05e+08,0.000108843454786475
205040000,0.000112462260607841
205080000,0.000115104783802056
205120000,0.000113106761993174
205160000,0.000113135726007325
205200000,0.000113836953006317
205240000,0.000112648567121205
205280000,0.000112416035729359
205320000,0.000109744012766643
205360000,0.000110516300444097
205400000,0.000105337290611274
205440000,0.000111870503242889
205480000,0.000107236739779046
205520000,0.000113446823581078
205560000,0.000109902039671268
205600000,0.000113774659410947
205640000,0.000115886305783169
205680000,0.000113351170194514
205720000,0.000107758450979431
205760000,0.000112749927483415
205800000,0.000109175766432602
205840000,0.000113321633156716
205880000,0.000114122735611349
205920000,0.000116576440338435
205960000,0.000114612430634294
2.06e+08,0.000114258224186428
206040000,0.000110849178004406
206080000,0.000112422625646722
206120000,0.000109160727953092
206160000,0.000110469650431348
206200000,0.000111689987705223
206240000,0.000109654191380196
206280000,0.000114260409062252
206320000,0.000111810992351188
206360000,0.000113226865848057
206400000,0.000114072045740415
206440000,0.000107455087956268
206480000,0.000112765844334436
206520000,0.000117490177512697
206560000,0.000108518922090243
206600000,0.00011440538948883
206640000,0.000112155033055372
206680000,0.000111576622219934
206720000,0.000113961022510232
206760000,0.000106675774011588
206800000,0.000111217986291594
206840000,0.000116987741103169
206880000,0.000115074960020464
206920000,0.000116561270240922
206960000,0.000113020141470461
2.07e+08,0.000113226797066226
207040000,0.00010913886809332
207080000,0.000110776057488866
207120000,0.000112589024527124
207160000,0.000113615192946905
207200000,0.000111655147639559
207240000,0.000113823046135551
207280000,0.00011172693458739
207320000,0.000107645752107616
207360000,0.000113813538125886
207400000,0.000117271493724448
207440000,0.000114972755622016
207480000,0.000108895572396778
207520000,0.000110801831154768
207560000,0.000116254031438312
207600000,0.000111980033490147
207640000,0.000114830328892852
207680000,0.000112509930920643
207720000,0.000107932332206802
207760000,0.000111108528915185
207800000,0.00011649532916255
207840000,0.0001111474150405
207880000,0.00011119398412428
207920000,0.000115533649074027
207960000,0.000111862660619888
2.08e+08,0.00011813585492316
208040000,0.000109693074198168
208080000,0.000114988615147813
208120000,0.000115411669349975
208160000,0.000111924155104358
208200000,0.000109399186475415
208240000,0.00011011227459883
208280000,0.00011442074568424
208320000,0.00010993030038205
208360000,0.000113708348860623
208400000,0.000117327745399853
208440000,0.000111564206786025
208480000,0.000112597303232549
208520000,0.000117516077958156
208560000,0.00011067676129593
208600000,0.000117521788310344
208640000,0.000112095606789447
208680000,0.000115921624439682
208720000,0.00011539578935303
208760000,0.000113709049578405
208800000,0.000115842010037974
208840000,0.000114345191484045
208880000,0.000108386125447507
208920000,0.00011520548864895
208960000,0.000122081068520282
2.09e+08,0.000110407309938063
209040000,0.000116205282311177
209080000,0.000113625373047899
209120000,0.000112385454514232
209160000,0.000108183246563465
209200000,0.000115343819632163
209240000,0.000116868225858182
209280000,0.000111380334392433
209320000,0.000112112062182995
209360000,0.000111016902458038
209400000,0.000110601293545909
209440000,0.000108767828768044
209480000,0.000115232823748547
209520000,0.000111069737054471
209560000,0.000116654617678766
209600000,0.000113438409103769
209640000,0.0001098379905314
209680000,0.000110882873181926
209720000,0.000113946609403285
209760000,0.000114370510617953
209800000,0.000110483812751228
209840000,0.000109032639870218
209880000,0.000114078946978305
209920000,0.000111457086438957
209960000,0.000112196906799084
2.1e+08,0.000112288969154842
210040000,0.000108432233348851
210080000,0.000108784749297467
210120000,0.000112605413435166
210160000,0.000110602404652755
210200000,0.000114379956880213
210240000,0.000112813234725139
210280000,0.000114465051169678
210320000,0.000115602801836301
210360000,0.000111272535702526
210400000,0.00011412467298601
210440000,0.000108643264400216
210480000,0.000111373821882961
210520000,0.000111112449614987
210560000,0.000115104654393362
210600000,0.000114824046637481
210640000,0.000114509036336299
210680000,0.000111425842731992
210720000,0.000109848321120454
210760000,0.000111638102452064
210800000,0.000111256021750048
210840000,0.000115656183213498
210880000,0.00010679216679132
210920000,0.000113805221864743
210960000,0.000118134539573
2.11e+08,0.000116070069945343
211040000,0.000110660643957627
211080000,0.000113940734380112
211120000,0.00011529864772224
211160000,0.000110536667835426
211200000,0.000112244347540767
211240000,0.000114273651531554
211280000,0.000111462078052871
211320000,0.00011313484473742
211360000,0.000112347193834209
211400000,0.000114793350053733
211440000,0.000109785723539449
211480000,0.000108949480422904
211520000,0.000117332271463804
211560000,0.000112980444110741
211600000,0.000110960003927969
211640000,0.000111889902561237
211680000,0.000113885887665288
211720000,0.000113283294013754
211760000,0.000115935778497152
211800000,0.000118887835146456
211840000,0.000114250170280132
211880000,0.000115311491056795
211920000,0.000111482972042243
211960000,0.000117576188970318
2.12e+08,0.000113866761511638
212040000,0.000111342012178458
212080000,0.000111733407156789
212120000,0.000115104248403194
212160000,0.000113563291665677
212200000,0.000112427733780347
212240000,0.000111946715786213
212280000,0.000116314865115848
212320000,0.000107665689205291
212360000,0.000116310684681122
212400000,0.000115957213450425
212440000,0.000109863449768945
212480000,0.000113785961843492
212520000,0.000114598821691411
212560000,0.000115524100570395
212600000,0.000112513295898155
212640000,0.000112695604008344
212680000,0.000117639383934526
212720000,0.000118380277090406
212760000,0.000113847934098292
212800000,0.00011691535433355
212840000,0.000109643898302783
212880000,0.000118539773888927
212920000,0.000112660878405256
212960000,0.000116593884478593
2.13e+08,0.000110932762663353
213040000,0.000113332357093485
213080000,0.000113934348660211
213120000,0.000114185484842883
213160000,0.000110706850043223
213200000,0.000117166255362127
213240000,0.000119320303899225
213280000,0.000113011218259194
213320000,0.00011790632844861
213360000,0.000114703750896836
213400000,0.000113910592510662
213440000,0.000112394145177975
213480000,0.000110817044522185
213520000,0.000115785615487474
213560000,0.000112120109009896
213600000,0.000112947872877077
213640000,0.000113126945863358
213680000,0.00011810510438997
213720000,0.00011506880798371
213760000,0.000116297405264921
213800000,0.000111248357996145
213840000,0.000115664680874475
213880000,0.000116873801419748
213920000,0.000120099527330732
213960000,0.000112377416625652
2.14e+08,0.00011706887285412
214040000,0.00011631868577121
214080000,0.000114113726202704
214120000,0.000117924069055069
214160000,0.00012021868931075
214200000,0.000119662175422068
214240000,0.000112523778788844
214280000,0.000114518303172954
214320000,0.000117196291951105
214360000,0.000119082372963394
214400000,0.000109435691479981
214440000,0.000113634257984353
214480000,0.000122043462373704
214520000,0.000112986565899895
214560000,0.000118523631614414
214600000,0.000114983750200081
214640000,0.000113893602957876
214680000,0.000120012924543004
214720000,0.000114649184657872
214760000,0.000118900428801984
214800000,0.000111880975316508
214840000,0.000115435549007509
214880000,0.000120879286782901
214920000,0.000114440227566809
214960000,0.000116698499730606
2.15e+08,0.000110939181227016
215040000,0.000111202316936619
215080000,0.000110498736910315
215120000,0.000118762664023151
215160000,0.000115451436931016
215200000,0.000120235185309021
215240000,0.000114855656274084
215280000,0.00012196222585148
215320000,0.000120398257586671
215360000,0.000117438553795047
215400000,0.000121562678799
215440000,0.000115128432740487
215480000,0.000116440863516169
215520000,0.000111287330874326
215560000,0.000120424564787218
215600000,0.000112351997644883
215640000,0.00011469902392078
215680000,0.000114656060192736
215720000,0.00011846350537487
215760000,0.000122863872574771
215800000,0.000113655357732343
215840000,0.000114169778692043
215880000,0.000118229592553141
215920000,0.00011280528683287
215960000,0.000115974003466401
2.16e+08,0.000114207546718279
216040000,0.00012216744292272
216080000,0.000117591384778218
216120000,0.000109842171438501
216160000,0.000115162213376475
216200000,0.000114308242025428
216240000,0.000114054222084616
216280000,0.000111238944277479
216320000,0.000125759316279183
216360000,0.00011215692357133
216400000,0.000111946806895469
216440000,0.000110687993488031
216480000,0.000117835002453799
216520000,0.000114527812637942
216560000,0.00011064427363811
216600000,0.000121378348939712
216640000,0.000113808467326586
216680000,0.000119075879644057
216720000,0.000117882787049365
216760000,0.000115306057861522
216800000,0.000112998433612428
216840000,0.000115638469632421
216880000,0.000124312024447066
216920000,0.000118893513484092
216960000,0.00011873794291869
2.17e+08,0.0001239554265857
217040000,0.000112729496787732
217080000,0.000120075377704932
217120000,0.000112535873879169
217160000,0.000119230007912359
217200000,0.000115452837017218
217240000,0.000119218087812437
217280000,0.000118015529738678
217320000,0.000114309157160564
217360000,0.000123703141055204
217400000,0.000113980820748104
217440000,0.000117647354745998
217480000,0.000124559250349258
217520000,0.000125771848881747
217560000,0.000124118724325675
217600000,0.000137147553027128
217640000,0.000133985827729255
217680000,0.00013071076986918
217720000,0.000150051904589837
217760000,0.000346067404434201
217800000,0.000388360454763794
217840000,0.000277597244287405
217880000,0.000188277967401441
217920000,0.000186993838462937
217960000,0.000171040148040594
2.18e+08,0.000159557749626864
218040000,0.000152619356155282
218080000,0.000141649800007966
218120000,0.000134817013032443
218160000,0.000128084054913679
218200000,0.00012768888017602
218240000,0.000123620853932838
218280000,0.000131577325805085
218320000,0.000125930571307015
218360000,0.000129860284594634
218400000,0.000126873854511734
218440000,0.000121374573123823
218480000,0.000112648525228337
218520000,0.000116423207235647
218560000,0.000115316897663227
218600000,0.000118317543195749
218640000,0.000111808772830458
218680000,0.000122640242952386
218720000,0.000115960417824243
218760000,0.000113335751731672
218800000,0.000113826223151731
218840000,0.000107884850525608
218880000,0.000122174788059099
218920000,0.000119327238249973
218960000,0.000113416254044449
2.19e+08,0.000120745347247649
219040000,0.000117812412723742
219080000,0.000112222759024235
219120000,0.000110900729789825
219160000,0.000106353782132308
219200000,0.000120952067818213
219240000,0.000109320857401802
219280000,0.000118901801353685
219320000,0.000110972143693155
219360000,0.000107108016439055
219400000,0.000109329977524196
219440000,0.00011344256419613
219480000,0.000114845797094164
219520000,0.000109662608400829
219560000,0.000111659409945624
219600000,0.000118116355486982
219640000,0.000106387596352494
219680000,0.000106487214037608
219720000,0.000111434958994226
219760000,0.000112342448564676
219800000,0.000110182714154793
219840000,0.000119466258747674
219880000,0.000111050690070778
219920000,0.000105965771363764
219960000,0.000115756144937147
2.2e+08,0.000122123609798991
220040000,0.000111221240781929
220080000,0.00011117277601236
220120000,0.000112283254579236
220160000,0.000110449430362452
220200000,0.000115907143890716
220240000,0.000116506087802905
220280000,0.000112833652408647
220320000,0.000114832692788071
220360000,0.000111817580898385
220400000,0.000112355823073833
220440000,0.000111398302499785
220480000,0.000108749053218588
220520000,0.000111006982637378
220560000,0.000109299050303636
220600000,0.000112309829476189
220640000,0.000113955149549713
220680000,0.000111429670116926
220720000,0.000111490437553494
220760000,0.0001190095589854
220800000,0.00011336887509184
220840000,0.000109006762229679
220880000,0.000113114148937255
220920000,0.000113881902008519
220960000,0.000114749809665249
2.21e+08,0.000112597405177911
221040000,0.000114261152442711
221080000,0.000113497242512853
221120000,0.000114406724938313
221160000,0.000116109791508425
221200000,0.00011492176657609
221240000,0.000110646530988618
221280000,0.000118281595572099
221320000,0.000108616749742096
221360000,0.000108785535512359
221400000,0.000114609942664327
221440000,0.000115056981019916
221480000,0.000110846003813155
221520000,0.00010877070906516
221560000,0.000110160571074282
221600000,0.000112950863287274
221640000,0.00011219346129634
221680000,0.00012066687980219
221720000,0.000121331490410422
221760000,0.000115613714853182
221800000,0.00010901725353217
221840000,0.000112388193459498
221880000,0.000111156126040857
221920000,0.000113236841648847
221960000,0.000117650276334049
2.22e+08,0.000113585804127588
222040000,0.000105051984996683
222080000,0.000116498766769141
222120000,0.000106926990521303
222160000,0.000116415305321559
222200000,0.000116855800254136
222240000,0.000117079029306655
222280000,0.00011580461093958
222320000,0.000114147682992508
222360000,0.000118803065167648
222400000,0.000109716952002355
222440000,0.000112336990883279
222480000,0.00011380459472084
222520000,0.00011370385457531
222560000,0.000115485611247487
222600000,0.000108628768077219
222640000,0.000107447921365206
222680000,0.000106905270449011
222720000,0.000106542018755589
222760000,0.000120522885442695
222800000,0.000115622146998018
222840000,0.000112748450679196
222880000,0.000111167629019612
222920000,0.000110612472166576
222960000,0.000112407535406214
2.23e+08,0.000115585238981544
223040000,0.000111908597294389
223080000,0.000108746601771721
223120000,0.00011678523565593
223160000,0.000112111313654204
223200000,0.000112355426045506
223240000,0.000110668878790167
223280000,0.000111213204203575
223320000,0.000125150900529358
223360000,0.00012306794070572
223400000,0.000112873379918473
223440000,0.000123723852423876
223480000,0.000146797693789431
223520000,0.000125551327966415
223560000,0.000124393795042506
223600000,0.000117577367427926
223640000,0.000119576317887566
223680000,0.000112189456610951
223720000,0.000109284435817737
223760000,0.000114955075476107
223800000,0.00011299236734049
223840000,0.000114566779799893
223880000,0.000114377102712133
223920000,0.000115363723368232
223960000,0.000111976494591063
2.24e+08,0.000113556716974322
224040000,0.000114576775069996
224080000,0.000113543755594902
224120000,0.000113010517708761
224160000,0.000120986308532119
224200000,0.000108782565562391
224240000,0.000116115514417611
224280000,0.000112859202198203
224320000,0.000109755803146287
224360000,0.000116582617802181
224400000,0.000112604619688731
224440000,0.000117534985538943
224480000,0.000111689735878117
224520000,0.000119390110207206
224560000,0.000118071667632311
224600000,0.000110887844881441
224640000,0.000114128547167301
224680000,0.00011724773431561
224720000,0.000119863043158819
224760000,0.000123042596090936
224800000,0.000109804784067551
224840000,0.000118028052902487
224880000,0.000117997837188133
224920000,0.000115612848995169
224960000,0.000114401124978378
2.25e+08,0.000109429127811084
225040000,0.000116243219372059
225080000,0.000116882387553997
225120000,0.000111288159414214
225160000,0.000115926238834654
225200000,0.00011127592411263
225240000,0.000116732539317699
225280000,0.000115001831852674
225320000,0.000106815732413106
225360000,0.000112655539945114
225400000,0.000114284348887089
225440000,0.000111683259185298
225480000,0.000113900863264802
225520000,0.000112265387454875
225560000,0.000117309554426263
225600000,0.000112439017799952
225640000,0.000109787863417368
225680000,0.000114614613935699
225720000,0.000115513197285622
225760000,0.000107984564409007
225800000,0.000113488931089819
225840000,0.000105741126367818
225880000,0.000111557292863907
225920000,0.000120047396978416
225960000,0.000116163430170314
2.26e+08,0.000105307630261847
226040000,0.000112512128421942
226080000,0.000112366717291938
226120000,0.000108876261672199
226160000,0.000122793208782075
226200000,0.000115275249299914
226240000,0.000115478018843449
226280000,0.000112424672315288
226320000,0.000110593905681897
226360000,0.000106557912708867
226400000,0.000113473772888453
226440000,0.00011774038369316
226480000,0.000107753803073358
226520000,0.000116044657422609
226560000,0.00012094711694818
226600000,0.000110291501006507
226640000,0.00011665020467331
226680000,0.000112859179541392
226720000,0.000107411537337067
226760000,0.000115503135348347
226800000,0.00011857733887905
226840000,0.0001149988079462
226880000,0.000111247483620343
226920000,0.000110919902859279
226960000,0.000114219640681025
2.27e+08,0.000113579717084152
227040000,0.000111119500297581
227080000,0.000124264796671381
227120000,0.00011292329598309
227160000,0.000121951449979105
227200000,0.000110273600074981
227240000,0.000110240588846531
227280000,0.000111972124572508
227320000,0.000113396370254332
227360000,0.00012028359664413
227400000,0.000111497696443206
227440000,0.000119369617424266
227480000,0.000117553975969724
227520000,0.000109539226696925
227560000,0.000111035493767924
227600000,0.000112476312563877
227640000,0.000115750345374613
227680000,0.000113167701200381
227720000,0.000113204030902282
227760000,0.000109880624899655
227800000,0.000112419622095012
227840000,0.000120997719489814
227880000,0.000109193510440054
227920000,0.000114749661580793
227960000,0.000117682086057289
2.28e+08,0.000116911788240397
228040000,0.000114939833762694
228080000,0.000108484623508144
228120000,0.000121306069773122
228160000,0.000116417695046863
228200000,0.00011822930298486
228240000,0.000118101454921579
228280000,0.000116063404785629
228320000,0.000115398239081518
228360000,0.000117577964830348
228400000,0.000119116509864543
228440000,0.000111215788384532
228480000,0.000112409541093129
228520000,0.000130897230814053
228560000,0.000112437043738304
228600000,0.000114643006695356
228640000,0.000112750951283821
228680000,0.000117596027528787
228720000,0.000112329664096061
228760000,0.000124865625950264
228800000,0.000121450323596293
228840000,0.000105039852399229
228880000,0.000114939843502253
228920000,0.000115924293453566
228960000,0.000117871903247664
2.29e+08,0.000108163707521083
229040000,0.000113851997746811
229080000,0.000119858448999213
229120000,0.000110929107924458
229160000,0.000116829941141169
229200000,0.000110495178965936
229240000,0.00011850685050521
229280000,0.000127162173433076
229320000,0.000109573816394161
229360000,0.000115562117954776
229400000,0.00010892305027011
229440000,0.000112095517045699
229480000,0.000113543808921
229520000,0.000123252439922963
229560000,0.000111320855332442
229600000,0.0001258810155355
229640000,0.000121103922201339
229680000,0.000114567577498757
229720000,0.000114254537325035
229760000,0.000111911324288765
229800000,0.000108051302857844
229840000,0.00011458671661112
229880000,0.000119416905829601
229920000,0.000113264714387511
229960000,0.000120944435337255
2.3e+08,0.000118471269122105
230040000,0.000115624513232035
230080000,0.000114188399811091
230120000,0.000124138854268309
230160000,0.000111339235812863
230200000,0.000123171864485023
230240000,0.000121475644023697
230280000,0.000106996654289904
230320000,0.000129338955025999
230360000,0.000112064552632397
230400000,0.000113864716845782
230440000,0.000120729882118583
230480000,0.000122942567678412
230520000,0.000110499045574316
230560000,0.000107830161278164
230600000,0.000116801112323275
230640000,0.000112428378347736
230680000,0.000109561015035412
230720000,0.000111787208009286
230760000,0.000116796064756186
230800000,0.000110322679079228
230840000,0.000117113736629888
230880000,0.000119927582973265
230920000,0.000128531940735252
230960000,0.000115726915376316
2.31e+08,0.000120444308146436
231040000,0.000121826699393901
231080000,0.000111953060214933
231120000,0.000115148852483284
231160000,0.000117911210490104
231200000,0.000121135861514671
231240000,0.000114180507327827
231280000,0.000114171365676715
231320000,0.000112237047657141
231360000,0.000114043240986652
231400000,0.000118303602391943
231440000,0.000113808450290747
231480000,0.000124573492227698
231520000,0.000118060302774334
231560000,0.000113801283117552
231600000,0.000110766473841374
231640000,0.000115503595108753
231680000,0.000110127366390759
231720000,0.00013022164794718
231760000,0.000124900475535558
231800000,0.000115763185339034
231840000,0.000126689279809993
231880000,0.000117795365601915
231920000,0.000117335166884463
231960000,0.00011424128231313
2.32e+08,0.000115154907819027
232040000,0.00011734919092358
232080000,0.000123154158644769
232120000,0.000120177497368816
232160000,0.000126128631225545
232200000,0.000126332235826039
232240000,0.000114615619760706
232280000,0.000116866580994016
232320000,0.000125311168572842
232360000,0.000127499726862527
232400000,0.00011199859656165
232440000,0.000128062856619704
232480000,0.000115216482759587
232520000,0.000112669488524331
232560000,0.000112052510980348
232600000,0.000122834569057687
232640000,0.000116046997469064
232680000,0.000109782407589569
232720000,0.00012285362443386
232760000,0.000122850446901784
232800000,0.000115483748370047
232840000,0.000115270866877725
232880000,0.000117833603849409
232920000,0.000117547255794998
232960000,0.00010911326767199
2.33e+08,0.000116785728100081
233040000,0.000120874747347927
233080000,0.000123868504258347
233120000,0.000135490478175038
233160000,0.000112781863562323
233200000,0.000137132828597284
233240000,0.000111322315368166
233280000,0.000140055202443061
233320000,0.000117644332725684
233360000,0.000117710905838848
233400000,0.000116205283383995
233440000,0.000115653555730004
233480000,0.000126420283709905
233520000,0.000122870561826071
233560000,0.000119333678112698
233600000,0.000126144981385743
233640000,0.000109249474714762
233680000,0.000118630163278273
233720000,0.000118052332549094
233760000,0.000111203938016293
233800000,0.000112024929703485
233840000,0.000116937872440949
233880000,0.000125623923581009
233920000,0.000116329538452462
233960000,0.000128223859432712
2.34e+08,0.000123247443523826
234040000,0.000131752460462341
234080000,0.000130439662042067
234120000,0.00012850280181146
234160000,0.000119935972592189
234200000,0.000116109590515714
234240000,0.000121472463572115
234280000,0.000121510333926307
234320000,0.000120209831918868
234360000,0.000117964342610537
234400000,0.000120115953685159
234440000,0.000123262155369182
234480000,0.000131435081950746
234520000,0.000120186649464342
234560000,0.000114881951147357
234600000,0.000111082458681497
234640000,0.000126399060108436
234680000,0.000120598690541815
234720000,0.000121718559087571
234760000,0.000115757675640394
234800000,0.000116736961822443
234840000,0.000135925877656711
234880000,0.000128293190145621
234920000,0.000122225506530903
234960000,0.00013248445833354
2.35e+08,0.000122759447101166
235040000,0.000124824291971636
235080000,0.000112109004629611
235120000,0.000123467493617277
235160000,0.000110820278213628
235200000,0.000120526727524778
235240000,0.000133893867033091
235280000,0.000118174540019061
235320000,0.000123333824364888
235360000,0.000117176803042756
235400000,0.000127708149628452
235440000,0.000117420396227614
235480000,0.000114174649439222
235520000,0.000117173826711581
235560000,0.000138377284534856
235600000,0.000114660721579599
235640000,0.000132511804228117
235680000,0.000125346566008041
235720000,0.000119421551051783
235760000,0.000115893138133282
235800000,0.000118498539008181
235840000,0.000131313005246238
235880000,0.000131123769973663
235920000,0.000131420979115708
235960000,0.000118681942654524
2.36e+08,0.00012155297778787
236040000,0.000136130051573721
236080000,0.000107356389273029
236120000,0.000118480833899848
236160000,0.000120132159577716
236200000,0.000114309932597386
236240000,0.000109412908492622
236280000,0.000119622453254509
236320000,0.000111624624317403
236360000,0.000126723288248397
236400000,0.000123434864664283
236440000,0.000113181240351441
236480000,0.000112124726912515
236520000,0.000115704634584066
236560000,0.000121619543044441
236600000,0.000127032888543209
236640000,0.000105461564747532
236680000,0.000121275838902923
236720000,0.00011953038243617
236760000,0.000118028893266386
236800000,0.00013341738986439
236840000,0.000116370395348386
236880000,0.000121048084786107
236920000,0.000124956634789752
236960000,0.000128856291271024
2.37e+08,0.000117070721666305
237040000,0.000102828578775832
237080000,0.000122006195440658
237120000,0.000119334203732223
237160000,0.000130555559672816
237200000,0.000121701767390663
237240000,0.000119903328055197
237280000,0.000117794450629846
237320000,0.000128949235931292
237360000,0.000133662412605657
237400000,0.000114371844272292
237440000,0.000116414390469437
237480000,0.000117295454968891
237520000,0.000117773347469411
237560000,0.000124711969611003
237600000,0.000124320837171234
237640000,0.00011219377556481
237680000,0.00013061262265305
237720000,0.000117647631662961
237760000,0.000148996414270252
237800000,0.000119996817744436
237840000,0.000110555669198381
237880000,0.000141668440425684
237920000,0.000108224546897524
237960000,0.000115373061674111
2.38e+08,0.000141136514572135
238040000,0.000119374805442116
238080000,0.000119121699223591
238120000,0.000114336003111814
238160000,0.00012753204239345
238200000,0.000123283423779412
238240000,0.000136060397099972
238280000,0.000120817649196712
238320000,0.000119943533651127
238360000,0.000145762484921932
238400000,0.000123360544095139
238440000,0.000116695621059016
238480000,0.000123540255235641
238520000,0.000116613739963209
238560000,0.000121981602718946
238600000,0.000121340368123849
238640000,0.000121902022903274
238680000,0.000131162568214147
238720000,0.000117964132501833
238760000,0.000119771123702363
238800000,0.000128560490166019
238840000,0.00011831459009245
238880000,0.000133336149878936
238920000,0.000119184014000589
238960000,0.000120819597372041
2.39e+08,0.000124007250087567
239040000,0.000124339889187057
239080000,0.000132779803853052
239120000,0.00011194845582499
239160000,0.000123290078573059
239200000,0.000143353599604423
239240000,0.000123218911316683
239280000,0.000131818559664126
239320000,0.000144487923917643
239360000,0.000125269755682217
239400000,0.000125590972187351
239440000,0.000110656822257737
239480000,0.000149515477708617
239520000,0.000122397461722345
239560000,0.000112864227722841
239600000,0.000151694677280699
239640000,0.000126627605933339
239680000,0.000126972355846147
239720000,0.000132445240652954
239760000,0.000121952052899795
239800000,0.000126403015606523
239840000,0.000139881964090539
239880000,0.000117371818008483
239920000,0.000119276326388091
239960000,0.00011218693896515
2.4e+08,0.000124897519610702
240040000,0.000121202319654737
240080000,0.000167530612873463
240120000,0.000124888629083666
240160000,0.000132387187729773
240200000,0.000125623778402759
240240000,0.000123133703628723
240280000,0.00010795960565665
240320000,0.000128826182207606
240360000,0.000125848935333398
240400000,0.000123008743352991
240440000,0.000121864283763109
240480000,0.000129653690831791
240520000,0.000123312118130805
240560000,0.000118381573478878
240600000,0.000124963663474172
240640000,0.000119073591802098
240680000,0.000106913241912343
240720000,0.000121462482754918
240760000,0.000133961275409316
240800000,0.000124382041237419
240840000,0.000126461512913853
240880000,0.000126258719025177
240920000,0.000108722984441446
240960000,0.000130588609976478
2.41e+08,0.000131276763628813
241040000,0.000136768760205667
241080000,0.000124940960198586
241120000,0.000124299237765407
241160000,0.000121689818918693
241200000,0.000137645655060868
241240000,0.000121945041279727
241280000,0.000110499049203387
241320000,0.000128980336306836
241360000,0.00017503984039579
241400000,0.000124605277426084
241440000,0.000133378601188547
241480000,0.000111106145746839
241520000,0.000119408559559981
241560000,0.000150884027958086
241600000,0.000130604277710366
241640000,0.000111446308478437
241680000,0.000134736135719233
241720000,0.000145783571357863
241760000,0.000123575351730772
241800000,0.000124843493874432
241840000,0.000130420524897122
241880000,0.000147468956880895
241920000,0.000130803070112079
241960000,0.000124364412211204
2.42e+08,0.00013583007784381
242040000,0.000115822357297018
242080000,0.000108916976438789
242120000,0.000108575757669852
242160000,0.00012296846426435
242200000,0.000131619427825872
242240000,0.000121682683277358
242280000,0.000172115023378299
242320000,0.000109564506336581
242360000,0.000122665869998298
242400000,0.00016126657898948
242440000,0.000123897673324548
242480000,0.000153589414426585
242520000,0.000142523908090917
242560000,0.000146000849305419
242600000,0.000126601117184566
242640000,0.000197056876515694
242680000,0.000153633778443488
242720000,0.000132329349329866
242760000,0.000126924415177036
242800000,0.000161709864519174
242840000,0.000121622548076707
242880000,0.000152801564961059
242920000,0.000145768057424751
242960000,0.000130861031281555
2.43e+08,0.00014291141675686
243040000,0.000137652267451377
243080000,0.000126197833419677
243120000,0.000129536480580612
243160000,0.000139847823049066
243200000,0.000144057362604342
243240000,0.000123646552492866
243280000,0.00013666949034945
243320000,0.000125056306812578
243360000,0.00012243029925365
243400000,0.000134450612747685
243440000,0.000158920832811202
243480000,0.000135362466268725
243520000,0.000128448478871071
243560000,0.000148582300936142
243600000,0.000108564355580563
243640000,0.00012017164524562
243680000,0.000119637367192839
243720000,0.000164390752607109
243760000,0.000134518412697074
243800000,0.000130116137979198
243840000,0.000145927736316548
243880000,0.000133913503757804
243920000,0.000142007102317942
243960000,0.000186770400219979
2.44e+08,0.000145083034637652
244040000,0.000107837784200616
244080000,0.000135399958070598
244120000,0.000143124823534432
244160000,0.000161457275553213
244200000,0.000159663149157848
244240000,0.000171888338984098
244280000,0.00012940133091818
244320000,0.000277220967044383
244360000,0.000152229139589691
244400000,0.00013780904850606
244440000,0.000116288207396073
244480000,0.000112527144732141
244520000,0.000112039974566389
244560000,0.000205562482979251
244600000,0.0001827150102025
244640000,0.000160380696598557
244680000,0.000119236915927437
244720000,0.000132084207734373
244760000,0.000177255667744756
244800000,0.000157621365394052
244840000,0.000122201153018499
244880000,0.000177895964867053
244920000,0.000132149612955207
244960000,0.00022888076547493
2.45e+08,0.000138539478756361
245040000,0.000125661678327034
245080000,0.000116387469590061
245120000,0.000126071217883116
245160000,0.000112186745052067
245200000,0.000130026814477098
245240000,0.00028903477957256
245280000,0.000148044762700259
245320000,0.000104799263144212
245360000,0.000199043938317685
245400000,0.000154754805684132
245440000,0.000128749375187287
245480000,0.000123566483143616
245520000,0.000170531844056151
245560000,0.000134298492587869
245600000,0.000153197261671576
245680000,0.000196135143141535
245720000,0.000147763912486976
245760000,0.000241417125298753
245800000,0.000140659724407513
245840000,0.000149490935758552
245880000,0.000137417275820693
245920000,0.000170686856623516
245960000,0.000156358466881775
2.46e+08,0.00014958625722501
246040000,0.000177386798752453
246080000,0.000136236154555457
246120000,0.000124587511540324
246160000,0.000215823772292422
246200000,0.000204335129510768
246240000,0.00017188299939344
246320000,0.000148364944536892
246360000,0.000148191144118727
246400000,0.000293622829050315
246440000,0.000170594657933349
246480000,0.000143471195737467
246520000,0.000114174486015242
246560000,0.000158572327564252
246600000,0.000146711613666479
246640000,0.000136965480055221
246680000,0.000221448839464069
246720000,0.000245473355735534
246760000,0.000140044793443449
246800000,0.000113967461305062
246840000,0.000145492451086628
246880000,0.000205369178007531
246920000,0.000169319729053394
246960000,0.000214544730903799
2.47e+08,0.000121271251101883
247080000,0.000107932875298331
247120000,0.000141902998915775
247160000,0.000184748871841197
247360000,0.00021177711495673
247440000,8.32771742681734e-05
247480000,0.000204931170237923
247520000,0.000164821463660094
247560000,0.000144888373050002
247600000,0.000216949814707136
247640000,0.000206142141929142
247800000,0.000135884316884471
247880000,0.000138961394842677
247960000,0.000135386583885254
2.48e+08,0.000346310976142316
248040000,0.000118177680448129
248120000,0.00027824417967806
248160000,0.000163839785657523
248200000,0.000636328073630621
248240000,0.000114771192252099
248280000,0.0001387557011519
248320000,0.000161803633129661
248400000,0.000184943951505454
