distance,mean_norm_contact
0,0.0634164097893069
40000,0.0389776435170966
80000,0.0188063479398384
120000,0.0138526801421241
160000,0.0112148108359602
2e+05,0.00946981113953433
240000,0.00819746944211311
280000,0.00722272133972562
320000,0.0064216047991797
360000,0.00577490593987915
4e+05,0.00522632971125306
440000,0.00476008743317132
480000,0.00436163940414627
520000,0.00402158058460319
560000,0.003720278040788
6e+05,0.0034625979508811
640000,0.00322659128111529
680000,0.00301267810708314
720000,0.00282668208914438
760000,0.00265450081952606
8e+05,0.00249747925740223
840000,0.00236275910747107
880000,0.00223712109347688
920000,0.00212220297526275
960000,0.00201383809216349
1e+06,0.00191061572386281
1040000,0.00182013690884826
1080000,0.00173748404830204
1120000,0.00165754935609375
1160000,0.00158397860289531
1200000,0.00152150792273059
1240000,0.00145916383211264
1280000,0.00140261128698416
1320000,0.00134709839268529
1360000,0.00129523683616937
1400000,0.00124865908227911
1440000,0.00120185555058451
1480000,0.00115972394858857
1520000,0.0011200652602685
1560000,0.00108344031098832
1600000,0.00104828791381789
1640000,0.00101561077512252
1680000,0.000984257695399679
1720000,0.000954105378356417
1760000,0.0009282158657377
1800000,0.000901297796230832
1840000,0.00087662166855009
1880000,0.000852782359172004
1920000,0.00083085200947044
1960000,0.000808951958058032
2e+06,0.000793179207624462
2040000,0.000772407947235825
2080000,0.00075271625085032
2120000,0.000733883224362459
2160000,0.000716280312897809
2200000,0.000702294333636915
2240000,0.000685235613156186
2280000,0.000671205947229146
2320000,0.000658502569153212
2360000,0.000645093962244128
2400000,0.000633113134661959
2440000,0.000619642762701832
2480000,0.000608038504010889
2520000,0.000597748660031552
2560000,0.000588424849188386
2600000,0.000576876005654598
2640000,0.000568926384092225
2680000,0.00056013719418746
2720000,0.000549910236735414
2760000,0.000538737360376044
2800000,0.000533396010539579
2840000,0.000523547106238619
2880000,0.000515443518726846
2920000,0.000509196385348917
2960000,0.000500525172113731
3e+06,0.000494479420580541
3040000,0.00048776597129251
3080000,0.000480324462468604
3120000,0.000476553393176956
3160000,0.000469357218122083
3200000,0.000464409198417167
3240000,0.000457874817135383
3280000,0.000452549084886122
3320000,0.00044765306221322
3360000,0.000442813724709678
3400000,0.000436872502953852
3440000,0.000432303470839113
3480000,0.000427644298393223
3520000,0.000423381960769191
3560000,0.000417132597445453
3600000,0.000414690640013901
3640000,0.000409070332495816
3680000,0.000406390789707933
3720000,0.000402166576894758
3760000,0.000398636179330652
3800000,0.000394229252451367
3840000,0.000389077726344419
3880000,0.000386347518238568
3920000,0.000383118501877525
3960000,0.000381698682867627
4e+06,0.000376763948195341
4040000,0.000374881317886291
4080000,0.000371187894198456
4120000,0.000366645292294482
4160000,0.000363215782368523
4200000,0.000361489219543345
4240000,0.000358860824365579
4280000,0.000356550999502106
4320000,0.000353502825285227
4360000,0.00035188251143287
4400000,0.00034694916027609
4440000,0.000346608650934002
4480000,0.00034376529024304
4520000,0.000340699281264702
4560000,0.000338389077035522
4600000,0.000337529525127995
4640000,0.000333406724423974
4680000,0.00033229278324796
4720000,0.000330760575311023
4760000,0.000328299421699654
4800000,0.000324146320600795
4840000,0.00032348575625867
4880000,0.000320935873291169
4920000,0.000316918838184698
4960000,0.000317978983200281
5e+06,0.000314085789481899
5040000,0.00031250514523477
5080000,0.000309217711399762
5120000,0.000309153950733006
5160000,0.000307384553757927
5200000,0.000306543727931139
5240000,0.00030491279609217
5280000,0.000304449495303571
5320000,0.000301160327030314
5360000,0.000299576711897436
5400000,0.00029912184933361
5440000,0.000297367380788804
5480000,0.000294618017829832
5520000,0.000293010723942673
5560000,0.000293274220583326
5600000,0.000289796113749617
5640000,0.000291000025090315
5680000,0.00028838350918704
5720000,0.000287840821197243
5760000,0.000285350956598593
5800000,0.000283436210996718
5840000,0.000284652110932049
5880000,0.000281590521847463
5920000,0.000280727068359905
5960000,0.000279803921181165
6e+06,0.000277958888804054
6040000,0.000276038437415786
6080000,0.00027566817829752
6120000,0.000275394034292554
6160000,0.000273593251170072
6200000,0.000273858115718845
6240000,0.00027225477832802
6280000,0.00027061707333698
6320000,0.000270179925615792
6360000,0.000269208987494226
6400000,0.000269203829458693
6440000,0.000266372811707188
6480000,0.000265469343253401
6520000,0.000265557357650944
6560000,0.000264187019285352
6600000,0.000262829047725105
6640000,0.000263909934130606
6680000,0.000262325168288183
6720000,0.000260549450469644
6760000,0.00025924785462172
6800000,0.000259129949894744
6840000,0.000257557247344734
6880000,0.000258086058303704
6920000,0.000257177073359809
6960000,0.000257700664271689
7e+06,0.000254819213596481
7040000,0.000254936470261054
7080000,0.000253672553919804
7120000,0.000252196524260693
7160000,0.000252246906444141
7200000,0.000250940203033936
7240000,0.000251011520426358
7280000,0.00024935550534207
7320000,0.000249597263760713
7360000,0.00025024857467586
7400000,0.000247994122145888
7440000,0.000247792175239254
7480000,0.000246954605139187
7520000,0.000247907163387777
7560000,0.000245522803544577
7600000,0.000245351845467173
7640000,0.000244117415484483
7680000,0.00024478675056521
7720000,0.000244518523056561
7760000,0.000242738885237413
7800000,0.000242151046985239
7840000,0.00024145863416686
7880000,0.000242426950846491
7920000,0.000241415496427021
7960000,0.000239136724679044
8e+06,0.000239072084853677
8040000,0.000238706417860053
8080000,0.000238563572946745
8120000,0.000238130314143761
8160000,0.000237047374958414
8200000,0.000237111403685578
8240000,0.00023621364314036
8280000,0.000236003537229937
8320000,0.000235948213531182
8360000,0.000235152726124872
8400000,0.00023392380483407
8440000,0.000234748202148323
8480000,0.00023327285320322
8520000,0.00023282292421909
8560000,0.000232529561082333
8600000,0.000232978004481952
8640000,0.000232283278323419
8680000,0.000231284827696132
8720000,0.000231383197118752
8760000,0.000230726841049384
8800000,0.000229597893729436
8840000,0.000228992135349977
8880000,0.000228374113367366
8920000,0.000228942907817779
8960000,0.000227958325470578
9e+06,0.000228245221941835
9040000,0.000227249411621376
9080000,0.000226562357740608
9120000,0.00022593332022667
9160000,0.000226292882560129
9200000,0.000226954887699666
9240000,0.000225257966814899
9280000,0.000224942558863811
9320000,0.000224853607605855
9360000,0.000224059942942363
9400000,0.000223801531049159
9440000,0.000223979558723308
9480000,0.000222154079313646
9520000,0.000222715221715355
9560000,0.000222821024581141
9600000,0.000221328568459357
9640000,0.000221414269468293
9680000,0.000220040992121563
9720000,0.000219950012495206
9760000,0.000221313810657561
9800000,0.00022092648389464
9840000,0.00022095196528842
9880000,0.000219933710798915
9920000,0.000218410783742757
9960000,0.00022023900482483
1e+07,0.00021894407943101
10040000,0.000218315504827406
10080000,0.000218471734468965
10120000,0.000217562300569336
10160000,0.000217819059125206
10200000,0.000217398718931556
10240000,0.000216667951399704
10280000,0.000216496824881031
10320000,0.000216591205846884
10360000,0.000216822717846382
10400000,0.00021466747285306
10440000,0.000215764146176064
10480000,0.000215829225634871
10520000,0.000215894986328495
10560000,0.00021575858377751
10600000,0.000216642389623065
10640000,0.000215440510929618
10680000,0.000214856315714916
10720000,0.000215487757953627
10760000,0.000214127118268257
10800000,0.000213869161497625
10840000,0.000212849020429978
10880000,0.000214609905678594
10920000,0.000213381199531797
10960000,0.000214262114546668
1.1e+07,0.000213410407979213
11040000,0.00021343010786221
11080000,0.000212508718078253
11120000,0.000212648177634772
11160000,0.000212805465901908
11200000,0.000211995828267537
11240000,0.000210589931882685
11280000,0.000212500254909512
11320000,0.000211274083900671
11360000,0.000210014978100927
11400000,0.000210266054441888
11440000,0.000210345645374579
11480000,0.000209732455470053
11520000,0.000210304526533208
11560000,0.000210508069545951
11600000,0.000209292930441914
11640000,0.000209590769271753
11680000,0.000209781705262848
11720000,0.000209254702663061
11760000,0.000208109325039844
11800000,0.000208988030183874
11840000,0.000208388096746568
11880000,0.00020918407885211
11920000,0.000207831344929817
11960000,0.000208182034046849
1.2e+07,0.000208677180955498
12040000,0.000208095569615731
12080000,0.000207820882475893
12120000,0.000208413071441137
12160000,0.000207044474762826
12200000,0.000206767204040576
12240000,0.000207234559754446
12280000,0.000205226728216223
12320000,0.00020502695982106
12360000,0.000205338024945843
12400000,0.00020420229227371
12440000,0.000205611917574792
12480000,0.000205036925020481
12520000,0.000205349375642789
12560000,0.000204775964692258
12600000,0.000205072021691332
12640000,0.00020473372562473
12680000,0.000205839890755048
12720000,0.000204537362296871
12760000,0.000205438753209135
12800000,0.000203766972168461
12840000,0.000202997627428199
12880000,0.000202950044981747
12920000,0.000202448518279486
12960000,0.000203069642652391
1.3e+07,0.000202824390930245
13040000,0.000203423256296294
13080000,0.000202268414461439
13120000,0.000202806582495758
13160000,0.000202870343766099
13200000,0.000202691496759074
13240000,0.00020128381953557
13280000,0.000202022047932418
13320000,0.000202474920457727
13360000,0.000202136492884761
13400000,0.000201242705971905
13440000,0.000201353191632753
13480000,0.000200581606758022
13520000,0.000202094429537066
13560000,0.000200735107437629
13600000,0.000200296732065906
13640000,0.00020042315781791
13680000,0.000200492005504702
13720000,0.000199844679385702
13760000,0.000199200613253267
13800000,0.000199888304809552
13840000,0.000199172347560906
13880000,0.000199968090992448
13920000,0.000199850200885655
13960000,0.000197665916063683
1.4e+07,0.000198277248702579
14040000,0.000200569937092709
14080000,0.000198511972045812
14120000,0.000199280344728892
14160000,0.0001973234842214
14200000,0.000197956081097494
14240000,0.000197713335372806
14280000,0.000197999723317072
14320000,0.000198121802151867
14360000,0.000197506603454283
14400000,0.000197782101764802
14440000,0.00019708488094509
14480000,0.000197858255820853
14520000,0.000196700354647341
14560000,0.000196979126431543
14600000,0.000197642605924312
14640000,0.000196628819799181
14680000,0.000197777287187024
14720000,0.000197663932668366
14760000,0.000197203809703184
14800000,0.000196820361671394
14840000,0.000196397567815403
14880000,0.000196502117149674
14920000,0.000195892193069777
14960000,0.000195978404401705
1.5e+07,0.000196506816559141
15040000,0.000195933714713461
15080000,0.000195787865826086
15120000,0.000195911067801639
15160000,0.000196062937693746
15200000,0.000195375978849965
15240000,0.000195064234213732
15280000,0.000195294930281145
15320000,0.000196668343707902
15360000,0.000194772496173887
15400000,0.000194290284217975
15440000,0.000194214905023814
15480000,0.000195665922371945
15520000,0.000195391773094375
15560000,0.000193740483536473
15600000,0.000194537249367346
15640000,0.00019493395931393
15680000,0.00019367484750379
15720000,0.00019527781564338
15760000,0.00019313762511333
15800000,0.000194321773466836
15840000,0.000194019875458904
15880000,0.000192540196834253
15920000,0.000193193233803568
15960000,0.000193609496804907
1.6e+07,0.000193831212276258
16040000,0.000193594668416253
16080000,0.000192699318759673
16120000,0.000192156292361795
16160000,0.000193367397097919
16200000,0.000192646451026603
16240000,0.000192718917343367
16280000,0.00019219624524908
16320000,0.000191616884547847
16360000,0.000191443044895922
16400000,0.000192112339606367
16440000,0.000192644551740072
16480000,0.000191504114446083
16520000,0.000191634227125381
16560000,0.000191161791051353
16600000,0.000191560386279677
16640000,0.000189483342654175
16680000,0.0001908392303218
16720000,0.000190914701223181
16760000,0.000191382680995358
16800000,0.000190816874843629
16840000,0.000191574732616561
16880000,0.000190294414798152
16920000,0.000190746473611411
16960000,0.000191334089266369
1.7e+07,0.000189915710436382
17040000,0.000190524686993453
17080000,0.000188556000287189
17120000,0.000190040354468598
17160000,0.000189436041939561
17200000,0.000190020193396214
17240000,0.000190082891843323
17280000,0.000188859816679215
17320000,0.000191092118003935
17360000,0.000189048387263064
17400000,0.000189232136420244
17440000,0.0001875057050393
17480000,0.000188731977605656
17520000,0.000188883345588893
17560000,0.000189607334074533
17600000,0.000187781758884078
17640000,0.000187375329772465
17680000,0.000188234157621413
17720000,0.000188416316921499
17760000,0.000187107529817708
17800000,0.000187751794374711
17840000,0.000187802009876457
17880000,0.000187458859304806
17920000,0.00018610498354845
17960000,0.000186991045485014
1.8e+07,0.000186905267803207
18040000,0.000186515526162212
18080000,0.000186801550853749
18120000,0.000187468227955118
18160000,0.000186576086885906
18200000,0.000187507307680204
18240000,0.000187158916031345
18280000,0.000186448559541206
18320000,0.000184803188085772
18360000,0.000185938472556885
18400000,0.000187418449443054
18440000,0.000187053616355443
18480000,0.000185633761754071
18520000,0.000187390350185262
18560000,0.000185751887345021
18600000,0.000186035896445943
18640000,0.000186615371081177
18680000,0.000186008144553543
18720000,0.000186942756507675
18760000,0.000184913766065252
18800000,0.000186448497298222
18840000,0.000184422384761776
18880000,0.000184985642991628
18920000,0.000185059587049208
18960000,0.000183696273153887
1.9e+07,0.000184968494768867
19040000,0.000185232445164557
19080000,0.000186064387473697
19120000,0.000184443164996491
19160000,0.000185529921477407
19200000,0.000184149281219514
19240000,0.00018394418265804
19280000,0.000185107806809447
19320000,0.000183807430460129
19360000,0.000184479055354352
19400000,0.000184115886798052
19440000,0.000183880872606148
19480000,0.000185261193832754
19520000,0.00018372219719366
19560000,0.000183141385752613
19600000,0.000184129816755643
19640000,0.00018476255897865
19680000,0.000183718244066605
19720000,0.000185093337728938
19760000,0.000183557477689852
19800000,0.000184703020238523
19840000,0.000183620805692066
19880000,0.000183744041881325
19920000,0.000184983706779693
19960000,0.000184079175481609
2e+07,0.000183627819782011
20040000,0.000185039407690597
20080000,0.000183812667164363
20120000,0.000183713826632498
20160000,0.000183587226706242
20200000,0.000183621117180892
20240000,0.000183408103084718
20280000,0.000184229464709458
20320000,0.000183128504180779
20360000,0.000182813715860002
20400000,0.000182174318679998
20440000,0.000182748652588854
20480000,0.000183824204163903
20520000,0.000182063339499818
20560000,0.000183065026395545
20600000,0.000182141791041338
20640000,0.000183755276492346
20680000,0.000181566329714436
20720000,0.000182053793477901
20760000,0.000182022228973753
20800000,0.000181861826317527
20840000,0.000181321985977109
20880000,0.000181038632678339
20920000,0.000181569995332496
20960000,0.000181048146288723
2.1e+07,0.000180688951026249
21040000,0.000182200377171606
21080000,0.000180790461451179
21120000,0.000182101732927592
21160000,0.000180296556079022
21200000,0.000180990713344038
21240000,0.000181366433751874
21280000,0.000181524392043986
21320000,0.000181037324997334
21360000,0.000180247346663836
21400000,0.000179278241366776
21440000,0.000180125165290682
21480000,0.000181119042107647
21520000,0.000179834913582402
21560000,0.000179407108805954
21600000,0.000179838220969842
21640000,0.000180088764821461
21680000,0.000180288406326456
21720000,0.000179322441236519
21760000,0.000179630978567409
21800000,0.000179904046516402
21840000,0.00018006665968478
21880000,0.000178897355519814
21920000,0.000178944119789728
21960000,0.000181442008463623
2.2e+07,0.000179328256436715
22040000,0.000179207857892426
22080000,0.000180585624426888
22120000,0.000179331988182851
22160000,0.000179568728889868
22200000,0.00017909115604678
22240000,0.000178692666062142
22280000,0.000178563285170713
22320000,0.000179345107738995
22360000,0.000178934365954814
22400000,0.000178216509260294
22440000,0.000178929556864224
22480000,0.000178747681761456
22520000,0.000178802914455538
22560000,0.000178426852473943
22600000,0.000179336527114721
22640000,0.000177929934916673
22680000,0.000178042886988041
22720000,0.000178016683331844
22760000,0.000178341079377385
22800000,0.000178695759939809
22840000,0.000178617796657979
22880000,0.000178563146025974
22920000,0.000178648450526931
22960000,0.000178138564856613
2.3e+07,0.00017798800096504
23040000,0.000177783135846341
23080000,0.000176421502002156
23120000,0.000177035276316433
23160000,0.00017685553900732
23200000,0.000178250541345515
23240000,0.000178197085227857
23280000,0.000176521757178562
23320000,0.000176959510605083
23360000,0.000177979591556218
23400000,0.000176865310292033
23440000,0.00017816148052513
23480000,0.000177675846377878
23520000,0.000177741380884142
23560000,0.000176275689636817
23600000,0.000177859479846515
23640000,0.00017703019109228
23680000,0.000176555762604056
23720000,0.000177426373739965
23760000,0.000176640519516117
23800000,0.000176062480967357
23840000,0.000176653053208459
23880000,0.000175434188210312
23920000,0.000175134169238159
23960000,0.000176469650847894
2.4e+07,0.000176982859951893
24040000,0.000177362800626727
24080000,0.000177874320316894
24120000,0.000177564220926934
24160000,0.000176597193175437
24200000,0.000176470288923101
24240000,0.000177099323624033
24280000,0.000176820650254869
24320000,0.000176842977707453
24360000,0.000177408196637504
24400000,0.000177113769279356
24440000,0.000177628525870481
24480000,0.000176516337642498
24520000,0.000177088780910947
24560000,0.000178479308949865
24600000,0.000179859593026268
24640000,0.000177112659842001
24680000,0.000177123545273153
24720000,0.000176692929464088
24760000,0.00017680812713444
24800000,0.000177584894701659
24840000,0.000177707929017712
24880000,0.000176803884300653
24920000,0.000175812801376419
24960000,0.000175394723003408
2.5e+07,0.000174956994159021
25040000,0.000175765551910827
25080000,0.000176042004658957
25120000,0.000175107807264488
25160000,0.000175549862602182
25200000,0.000174565490843671
25240000,0.000175716204326793
25280000,0.000175047875608406
25320000,0.000175186762857667
25360000,0.000174870901782653
25400000,0.000175406571544696
25440000,0.000175597051320996
25480000,0.000175349167715067
25520000,0.000175698108108936
25560000,0.000175006503463438
25600000,0.000174744177939343
25640000,0.000174029590850111
25680000,0.000175654530728883
25720000,0.000175288013330152
25760000,0.000174280304962479
25800000,0.000175682981005987
25840000,0.000174747604571106
25880000,0.000175580922614308
25920000,0.00017525062348541
25960000,0.000174115039610264
2.6e+07,0.000173847568519349
26040000,0.00017494394179602
26080000,0.000175675919309325
26120000,0.000173513591272622
26160000,0.000175319986808494
26200000,0.000174201122609149
26240000,0.000175031643029274
26280000,0.000175335387665238
26320000,0.000174893326671179
26360000,0.000174419839435329
26400000,0.000174840986810551
26440000,0.000174931974640179
26480000,0.00017501125968072
26520000,0.000174720629206438
26560000,0.000174307516056587
26600000,0.000173570886177885
26640000,0.000174965608077416
26680000,0.000175342532031357
26720000,0.00017472418290884
26760000,0.00017519158604024
26800000,0.000174009817435151
26840000,0.000172839114662577
26880000,0.000173151385026251
26920000,0.000173031390462987
26960000,0.000173394660358165
2.7e+07,0.000172496731290936
27040000,0.000173818842327598
27080000,0.000174342614623353
27120000,0.000173662896548025
27160000,0.000173740056324615
27200000,0.00017300329876094
27240000,0.000173943395112495
27280000,0.000173154930365557
27320000,0.000172906659631707
27360000,0.000172355642797123
27400000,0.000174025325035494
27440000,0.000173273095768969
27480000,0.000172950731886956
27520000,0.000171724638377468
27560000,0.000173028352538247
27600000,0.000172601622302786
27640000,0.000173117806800701
27680000,0.000173416637248718
27720000,0.000172633879485304
27760000,0.00017368357674092
27800000,0.000173025008267322
27840000,0.000172973857701818
27880000,0.000172061586865257
27920000,0.000174121509529005
27960000,0.000174465653397284
2.8e+07,0.000172940297504436
28040000,0.000172237527275023
28080000,0.00017283745754735
28120000,0.000171537649160885
28160000,0.000171923121573688
28200000,0.000172571023102004
28240000,0.000173778991577496
28280000,0.00017108663131968
28320000,0.000171309728682868
28360000,0.000171932984696076
28400000,0.00017209502764627
28440000,0.000172098164319965
28480000,0.000173308735587007
28520000,0.000172322711087572
28560000,0.000172115838082519
28600000,0.000172973997086432
28640000,0.000172342850922552
28680000,0.00017190293317328
28720000,0.000171376024983408
28760000,0.000172440090748255
28800000,0.000171794389465313
28840000,0.000173491385836425
28880000,0.000171204891412799
28920000,0.000172180547340758
28960000,0.000171085646609297
2.9e+07,0.000170518993988
29040000,0.00017156105795734
29080000,0.000171861111676034
29120000,0.000170881764462742
29160000,0.000170489291286677
29200000,0.000171558703069668
29240000,0.000171819389491816
29280000,0.000170872710808019
29320000,0.000171840901594178
29360000,0.000171378547348401
29400000,0.000170631089769415
29440000,0.000170413914948894
29480000,0.000170477898947255
29520000,0.000169415721034749
29560000,0.000170837427957219
29600000,0.000169309846959003
29640000,0.000169938747399063
29680000,0.000169214287040369
29720000,0.000169565603375376
29760000,0.000170460078465645
29800000,0.000170321992832077
29840000,0.000171040045654619
29880000,0.000169166155427342
29920000,0.000170290381003259
29960000,0.000168906076621541
3e+07,0.000169989212611185
30040000,0.000170124116689926
30080000,0.000169927221164949
30120000,0.000169675165624459
30160000,0.000169100810870896
30200000,0.000169529993454258
30240000,0.000168492600503748
30280000,0.000171024384238228
30320000,0.000170280420686232
30360000,0.000169385014200044
30400000,0.000169938616031495
30440000,0.000169838389732853
30480000,0.000169071452477578
30520000,0.000168650555485145
30560000,0.000168493361481293
30600000,0.000167928700625736
30640000,0.000167618582413971
30680000,0.000169280706391463
30720000,0.000168497153381929
30760000,0.000168353067981201
30800000,0.000168615520272134
30840000,0.000168555522730841
30880000,0.000168597285212006
30920000,0.000168644001437867
30960000,0.000167332700019954
3.1e+07,0.000168422939878304
31040000,0.000167122736323947
31080000,0.000168229554903205
31120000,0.000167539820038664
31160000,0.000168421628472998
31200000,0.000166609699474563
31240000,0.000166213492414317
31280000,0.00016744005931248
31320000,0.000167577783311646
31360000,0.000166296432039009
31400000,0.000168010965716792
31440000,0.000167890800600163
31480000,0.000166862778571588
31520000,0.000166471940245477
31560000,0.000166430917457757
31600000,0.000166673010057613
31640000,0.000165924339258562
31680000,0.000166043133982063
31720000,0.00016566178185715
31760000,0.000166350063453358
31800000,0.000166940350032553
31840000,0.000167971537975872
31880000,0.000166587560436034
31920000,0.000166670423608065
31960000,0.000166521741343267
3.2e+07,0.000166605665775038
32040000,0.000165484396859745
32080000,0.00016678803166595
32120000,0.000164995920381074
32160000,0.000166740264981752
32200000,0.000165364183149496
32240000,0.000166288049748102
32280000,0.000166938005286328
32320000,0.000165407785184498
32360000,0.000165826470479347
32400000,0.000165928007606903
32440000,0.000165266336106944
32480000,0.000165642830872481
32520000,0.000166722888827886
32560000,0.000165763133029909
32600000,0.000166934653270426
32640000,0.000164860177704788
32680000,0.000165397501129761
32720000,0.000165036403759775
32760000,0.000165178875724373
32800000,0.000164323738070221
32840000,0.000165179909905714
32880000,0.000165633803335547
32920000,0.000165415746182632
32960000,0.00016544771020105
3.3e+07,0.000165437797938123
33040000,0.000165040402151821
33080000,0.00016496739503983
33120000,0.00016548483327907
33160000,0.000165309109161373
33200000,0.000165159297233685
33240000,0.000164656521771078
33280000,0.000164482729525039
33320000,0.000164171389650397
33360000,0.000164615169294642
33400000,0.000165002842909317
33440000,0.000164632030019046
33480000,0.000164176139197627
33520000,0.000164503806562335
33560000,0.000164461676342439
33600000,0.000164785699515178
33640000,0.000163292034280215
33680000,0.000164227650575543
33720000,0.000164637721085613
33760000,0.000163450107668922
33800000,0.000163467162273432
33840000,0.000163957977377984
33880000,0.000164917324516378
33920000,0.000164810685614269
33960000,0.000163697024113211
3.4e+07,0.000164210021631043
34040000,0.000164123313494801
34080000,0.000162834634923668
34120000,0.000164454353270406
34160000,0.000163502241902217
34200000,0.000163598563056411
34240000,0.000163722696246938
34280000,0.000164118613839704
34320000,0.000163437394114862
34360000,0.000161691301555575
34400000,0.000163837166534529
34440000,0.000163040033728304
34480000,0.000162844965109686
34520000,0.00016375336495483
34560000,0.000164358677249787
34600000,0.000162885659317061
34640000,0.000163181451276139
34680000,0.00016335707650311
34720000,0.000163055753775395
34760000,0.000163441158883204
34800000,0.000163116830761066
34840000,0.000162300294764384
34880000,0.000162743272337287
34920000,0.000162720651585694
34960000,0.000163011696052444
3.5e+07,0.000162949499331426
35040000,0.000162883827559621
35080000,0.000163887273699262
35120000,0.000162808206614458
35160000,0.000162804013902258
35200000,0.000162405735937571
35240000,0.000162028447642018
35280000,0.000161744727777258
35320000,0.000161781420349196
35360000,0.000162559321311015
35400000,0.000163490477105847
35440000,0.000162551329797019
35480000,0.000162241756804481
35520000,0.000161596345660108
35560000,0.000161742047130883
35600000,0.00016163863765068
35640000,0.000160935966565352
35680000,0.000160814121912476
35720000,0.000161781244331919
35760000,0.000161721888287693
35800000,0.000162294405916779
35840000,0.000160002980597283
35880000,0.000161755536817964
35920000,0.000160154899080977
35960000,0.000160717623685263
3.6e+07,0.000160480490384234
36040000,0.000159786675686898
36080000,0.000160694528780197
36120000,0.000161179009400343
36160000,0.000159470376703093
36200000,0.000161057039821277
36240000,0.000160840782973636
36280000,0.000160843906462273
36320000,0.000160039880930635
36360000,0.000160848475427399
36400000,0.00015884816411519
36440000,0.000160219303028389
36480000,0.000159756389629663
36520000,0.000159702946752763
36560000,0.000160889324116883
36600000,0.000159822332088041
36640000,0.000159731299806131
36680000,0.000160593170189624
36720000,0.000160111982225402
36760000,0.000159848091204476
36800000,0.000159915626070173
36840000,0.000160577123915823
36880000,0.000159296667645341
36920000,0.000160488382357354
36960000,0.000159280571251853
3.7e+07,0.000158649802234176
37040000,0.000159746529295781
37080000,0.000159791935199745
37120000,0.000158761801246708
37160000,0.000159371237784731
37200000,0.000159949487664078
37240000,0.000159623919282611
37280000,0.000159656058177006
37320000,0.000157932183760436
37360000,0.000159601338507369
37400000,0.000158213156672094
37440000,0.000159026493204132
37480000,0.000160094887867971
37520000,0.000159334329276849
37560000,0.000159218429072531
37600000,0.000158490837553538
37640000,0.000159548568019872
37680000,0.000159962366026949
37720000,0.000158781220498928
37760000,0.000159823874140586
37800000,0.000158424460975772
37840000,0.000159561559064072
37880000,0.000160077630753754
37920000,0.000158351932616898
37960000,0.000158450787493796
3.8e+07,0.000158440285670488
38040000,0.00015899580822473
38080000,0.000157636812233264
38120000,0.000159412364975914
38160000,0.000158419784267115
38200000,0.000158334742037958
38240000,0.000158422599956668
38280000,0.000159226899707617
38320000,0.000159417139328483
38360000,0.000160002963015394
38400000,0.000158206184907707
38440000,0.000160687133346101
38480000,0.000159111014075905
38520000,0.000158448217308071
38560000,0.000159031314191617
38600000,0.000159817402829015
38640000,0.000159020173018977
38680000,0.000158985304566565
38720000,0.000159699334687438
38760000,0.000158730338456063
38800000,0.000158770026321008
38840000,0.000159516833326929
38880000,0.000157786627210618
38920000,0.000158147928511116
38960000,0.000158103963633735
3.9e+07,0.000157623191966558
39040000,0.000158886122598399
39080000,0.000157978649038049
39120000,0.000157332518600593
39160000,0.000157876600408348
39200000,0.000158067008304852
39240000,0.000158449047841278
39280000,0.000158962536769403
39320000,0.000157945767003425
39360000,0.000157751916674007
39400000,0.000159369915265418
39440000,0.000157100964685327
39480000,0.000158094847780201
39520000,0.000157826796476153
39560000,0.000157314018238859
39600000,0.000156914327160349
39640000,0.000157237798655534
39680000,0.000158131574723229
39720000,0.000156700404899506
39760000,0.000158674064614115
39800000,0.000157917830852493
39840000,0.000156374143203506
39880000,0.00015750736941877
39920000,0.000158056410153694
39960000,0.000157179858561397
4e+07,0.000156995652080984
40040000,0.000156957919456392
40080000,0.000158676738017518
40120000,0.000157430326290963
40160000,0.000158876138767162
40200000,0.00015662224763498
40240000,0.000158351496291699
40280000,0.000156599567423098
40320000,0.000156758841229979
40360000,0.00015648723253193
40400000,0.000156787922410352
40440000,0.000158094124118493
40480000,0.000157073755331226
40520000,0.000158369249901866
40560000,0.000156959753848449
40600000,0.000158107115349753
40640000,0.000156691341538799
40680000,0.000156671607480017
40720000,0.000157638022967641
40760000,0.000157411195292699
40800000,0.000156930589424285
40840000,0.000156337738467932
40880000,0.00015584069198577
40920000,0.000156348790273287
40960000,0.000156441918265938
4.1e+07,0.000156200560428766
41040000,0.000156952909711066
41080000,0.000156977257771802
41120000,0.000156186591457827
41160000,0.000155979096571068
41200000,0.000156535768126594
41240000,0.000155357267401323
41280000,0.00015619363280091
41320000,0.000156932680729994
41360000,0.000155816129993947
41400000,0.00015582849697024
41440000,0.000157063738114897
41480000,0.000156362131468289
41520000,0.000157167743871062
41560000,0.000155818306693995
41600000,0.000156510683213713
41640000,0.00015676757777805
41680000,0.000155917580671125
41720000,0.000156742894462311
41760000,0.00015595455363995
41800000,0.000157117943615303
41840000,0.00015630223828276
41880000,0.000155661717776345
41920000,0.000155367172846719
41960000,0.000155443195610863
4.2e+07,0.000155995656249041
42040000,0.000157296991073039
42080000,0.000157627003502343
42120000,0.000153846605064867
42160000,0.000156665335978741
42200000,0.000156749738598696
42240000,0.000156659727762512
42280000,0.000156277649609447
42320000,0.000156397414423942
42360000,0.000155954836383977
42400000,0.000157149937325594
42440000,0.000156316430671527
42480000,0.000156030647212111
42520000,0.00015598315673472
42560000,0.000156239043842728
42600000,0.000155258509251794
42640000,0.000155512608938984
42680000,0.000155176558206353
42720000,0.000154919716342229
42760000,0.000155763192059809
42800000,0.000156752877887428
42840000,0.000156593422314389
42880000,0.000155322154757818
42920000,0.000155094268370044
42960000,0.000154998242965235
4.3e+07,0.000155607974061416
43040000,0.000156679969267208
43080000,0.000155699470015758
43120000,0.000156341218279957
43160000,0.000156266913185086
43200000,0.000155900929184697
43240000,0.00015480125575353
43280000,0.000154966295937935
43320000,0.000157477488919639
43360000,0.00015656187170992
43400000,0.00015544572876549
43440000,0.000155929417442682
43480000,0.000154445956485914
43520000,0.000155760955986662
43560000,0.000155542334599769
43600000,0.000154981478282277
43640000,0.000156274061810977
43680000,0.000156229609603413
43720000,0.000154959593644963
43760000,0.000154905690839338
43800000,0.000154788715160926
43840000,0.000156099246516711
43880000,0.000155093495127577
43920000,0.000155116126560657
43960000,0.000155802372111597
4.4e+07,0.000155771480283227
44040000,0.000155195303529341
44080000,0.000154390448603148
44120000,0.000155640687779301
44160000,0.000154920529754218
44200000,0.00015475844064438
44240000,0.000155630559611685
44280000,0.000155566144480958
44320000,0.000153691957554675
44360000,0.000154101422512592
44400000,0.000153223961246358
44440000,0.000153891021705575
44480000,0.000154897300672294
44520000,0.000154608667552339
44560000,0.000156047009583309
44600000,0.00015515248392909
44640000,0.000154777252268169
44680000,0.000154623044024816
44720000,0.000155378006361494
44760000,0.000154343575944648
44800000,0.000154218828463934
44840000,0.000153778570496646
44880000,0.000152624404371322
44920000,0.000154285561497161
44960000,0.000153900205291957
4.5e+07,0.000154679562399237
45040000,0.000154436005440442
45080000,0.000154125165696447
45120000,0.000155413238246306
45160000,0.000154132185211995
45200000,0.000155217216225225
45240000,0.000155578484461088
45280000,0.000155669158076473
45320000,0.00015456619841029
45360000,0.000155944407048319
45400000,0.000154061014503057
45440000,0.000153315478855038
45480000,0.000155377503986465
45520000,0.000156275463027169
45560000,0.000154221354409821
45600000,0.000155221468306479
45640000,0.000154013856775881
45680000,0.000154024449081698
45720000,0.000154746921341685
45760000,0.000153464706938809
45800000,0.000153812068385728
45840000,0.000153712158074607
45880000,0.000154208139434272
45920000,0.00015357325765639
45960000,0.000153989323759937
4.6e+07,0.000154271081385143
46040000,0.000154221593402805
46080000,0.000153952423191197
46120000,0.000154235308871257
46160000,0.000154204990341595
46200000,0.000154142964805898
46240000,0.000154636826613604
46280000,0.000154510841141877
46320000,0.000153993283958295
46360000,0.000153467018631138
46400000,0.000153463296202557
46440000,0.000152957102614121
46480000,0.000151956524345042
46520000,0.000153406455790518
46560000,0.000152803257070939
46600000,0.000152838346663274
46640000,0.000153336466533511
46680000,0.000152277650876804
46720000,0.000153418610658653
46760000,0.000152832492051497
46800000,0.000152293357555445
46840000,0.000153288342190183
46880000,0.000152870411608099
46920000,0.000153210346516467
46960000,0.000152496472337522
4.7e+07,0.000152101456643585
47040000,0.000153286536982952
47080000,0.000152797701373064
47120000,0.000151882457336586
47160000,0.000151846631499566
47200000,0.000153017583936748
47240000,0.000153314333589472
47280000,0.000153793191262795
47320000,0.000152841739873014
47360000,0.000152781579026092
47400000,0.000151369188500003
47440000,0.000153074469143508
47480000,0.000152687058978483
47520000,0.0001530676620287
47560000,0.00015198079725342
47600000,0.000152993454591284
47640000,0.00015074796513186
47680000,0.000151765371872061
47720000,0.000153008074315588
47760000,0.00015280962247424
47800000,0.000152882198256064
47840000,0.000152717375191266
47880000,0.000151696986586194
47920000,0.000152295823082169
47960000,0.000152253319524985
4.8e+07,0.000153414240597514
48040000,0.000152421922571139
48080000,0.000153241997904107
48120000,0.000151547518494921
48160000,0.000152467336973566
48200000,0.000153218153715525
48240000,0.00015196203946556
48280000,0.000152044203066612
48320000,0.000152677469149458
48360000,0.000151697602464463
48400000,0.000152153922771786
48440000,0.000152738008747411
48480000,0.000150555081409591
48520000,0.000153464354354978
48560000,0.000152512290598144
48600000,0.000152102707587175
48640000,0.000151347940932178
48680000,0.000152303314843751
48720000,0.00015135129874701
48760000,0.000152326257122799
48800000,0.000152823432229715
48840000,0.00015278332589544
48880000,0.000151478676319325
48920000,0.000151310062685369
48960000,0.000152670810295303
4.9e+07,0.000152083432475211
49040000,0.000152190573832268
49080000,0.000152289340247805
49120000,0.000152060591118413
49160000,0.000153110045456294
49200000,0.000151263754053934
49240000,0.000150357709244248
49280000,0.000151827825640667
49320000,0.000151975539083959
49360000,0.000151896718240545
49400000,0.000151855951847512
49440000,0.000151258297625559
49480000,0.000150669683766506
49520000,0.000151771759738303
49560000,0.000150695477584442
49600000,0.000150241016973576
49640000,0.000151875267071013
49680000,0.000150718166788829
49720000,0.000152176627412773
49760000,0.000150570710691405
49800000,0.000151856596296614
49840000,0.00015141056837177
49880000,0.000150551895747248
49920000,0.000151501485012387
49960000,0.000150645276328613
5e+07,0.000151317183764498
50040000,0.000149962132721782
50080000,0.000150826459151644
50120000,0.000150531005461288
50160000,0.00015153845371595
50200000,0.00015231319291539
50240000,0.000151146943922208
50280000,0.000151192599689754
50320000,0.000151099093115843
50360000,0.000151129870514483
50400000,0.000150787271059007
50440000,0.000151092997033254
50480000,0.00015166001544867
50520000,0.000150114697734627
50560000,0.000151623117474485
50600000,0.000150764139356231
50640000,0.000150315414621545
50680000,0.00015026096368758
50720000,0.000150782230974888
50760000,0.000150464133283696
50800000,0.000150026573624961
50840000,0.000151169527836005
50880000,0.000150825337532248
50920000,0.000149007797004039
50960000,0.000149587630160696
5.1e+07,0.000150640235269085
51040000,0.00014920535647276
51080000,0.000149009670615136
51120000,0.000149823043914466
51160000,0.000149719168582167
51200000,0.000148813750748209
51240000,0.00014856008623714
51280000,0.000148843550406835
51320000,0.000148748162163583
51360000,0.000149444540987793
51400000,0.000148578041844218
51440000,0.000149680521550702
51480000,0.000148189487494438
51520000,0.000148327600250678
51560000,0.000148157035766601
51600000,0.000148694471726106
51640000,0.000149037862531059
51680000,0.000148461677983645
51720000,0.000149493236595758
51760000,0.000149024322664263
51800000,0.000148975861502892
51840000,0.000150069219722178
51880000,0.000149405714682334
51920000,0.000148574636825594
51960000,0.000147843271212706
5.2e+07,0.000149440647129257
52040000,0.000149517428321881
52080000,0.000149305678462087
52120000,0.000147520696018309
52160000,0.000149425290657993
52200000,0.000149020706023418
52240000,0.000148939852047041
52280000,0.000149043640825118
52320000,0.000148804260615953
52360000,0.000149343000277988
52400000,0.000148059704950931
52440000,0.000148538920877887
52480000,0.000149374644432423
52520000,0.000148605503003358
52560000,0.000149173251210909
52600000,0.000149823913623571
52640000,0.000148572973662102
52680000,0.000148226048758557
52720000,0.000148602086312862
52760000,0.000147332318422797
52800000,0.000148162648036325
52840000,0.00014947020225717
52880000,0.000149178971754203
52920000,0.000149306722633237
52960000,0.000149832299427315
5.3e+07,0.000148955734292385
53040000,0.000149541970754431
53080000,0.000148634707532121
53120000,0.000148191713602415
53160000,0.000147864055492606
53200000,0.000148927469093843
53240000,0.000148640470858667
53280000,0.000148724561342144
53320000,0.00014845280517574
53360000,0.000149361764952006
53400000,0.000149101838410291
53440000,0.000148320032697182
53480000,0.000149163211707087
53520000,0.000149400059658618
53560000,0.000147807496789241
53600000,0.000148365632208919
53640000,0.000148161166186743
53680000,0.00014790126103077
53720000,0.000148310099788878
53760000,0.000148430108491719
53800000,0.000148253469371925
53840000,0.000147922615915578
53880000,0.000148189866287613
53920000,0.000147638446865924
53960000,0.000147581281160953
5.4e+07,0.000148205491313185
54040000,0.000146890482745686
54080000,0.000148363093082275
54120000,0.000148621143174545
54160000,0.00014824422744181
54200000,0.000148117083656304
54240000,0.000147862191130354
54280000,0.000148466404907581
54320000,0.000149140854180102
54360000,0.000148693982728229
54400000,0.000149515238552975
54440000,0.00014900741090623
54480000,0.000149746216749337
54520000,0.000148080759159543
54560000,0.000148026959397744
54600000,0.00014877649279717
54640000,0.000149206542112175
54680000,0.000147778038637305
54720000,0.000148477450810869
54760000,0.000148429071331961
54800000,0.000147028275933124
54840000,0.000148203154251668
54880000,0.000148046163210097
54920000,0.000147736414045536
54960000,0.000148820649270272
5.5e+07,0.000147921570129756
55040000,0.000148435678838505
55080000,0.000147838935268008
55120000,0.000148438270945261
55160000,0.000148571680234492
55200000,0.000147905795069828
55240000,0.000147907506677885
55280000,0.000148125119103592
55320000,0.000147184925546658
55360000,0.000148204320039042
55400000,0.000147067212036226
55440000,0.000146308340558421
55480000,0.000146057549378467
55520000,0.000148199650794854
55560000,0.000148485576639832
55600000,0.000148014230871903
55640000,0.000148173907228257
55680000,0.000146834819649461
55720000,0.000147608634474896
55760000,0.000147938164561612
55800000,0.000146046610502855
55840000,0.00014780358284604
55880000,0.000145678174371891
55920000,0.000146390867266688
55960000,0.000146461546854054
5.6e+07,0.000147269049946649
56040000,0.000147661347092215
56080000,0.000147494125414741
56120000,0.000147778948825675
56160000,0.000147613365275044
56200000,0.000146951883645368
56240000,0.000147782121256597
56280000,0.000146503980745828
56320000,0.000147668018461843
56360000,0.000147552357627392
56400000,0.000146541946051496
56440000,0.00014742315370963
56480000,0.000147299548057102
56520000,0.000147169603817289
56560000,0.000147851113815998
56600000,0.000146897454365077
56640000,0.000147793216238763
56680000,0.000145984046536287
56720000,0.00014729366454384
56760000,0.000147010740803943
56800000,0.000147821384976036
56840000,0.000146786074065172
56880000,0.000148226105644512
56920000,0.00014732406213119
56960000,0.000146130519458641
5.7e+07,0.000147295311355246
57040000,0.000148333019555753
57080000,0.000146877416892796
57120000,0.000147032450801741
57160000,0.000147604872190217
57200000,0.000147405050459546
57240000,0.000147626719955288
57280000,0.000146572485211036
57320000,0.000146133902486988
57360000,0.00014734730945662
57400000,0.000147639169266408
57440000,0.000146937202112417
57480000,0.000147024219112867
57520000,0.000147786175247443
57560000,0.000147050618805536
57600000,0.000146702615123074
57640000,0.000146286407671204
57680000,0.000147161946651564
57720000,0.000146839034882353
57760000,0.000147872556380627
57800000,0.000146815308685671
57840000,0.000147250586544058
57880000,0.000147223637533963
57920000,0.000146554038931751
57960000,0.000147651848847531
5.8e+07,0.000148035842895489
58040000,0.000147770409848055
58080000,0.000146912347068934
58120000,0.000147015455812661
58160000,0.000146180431200777
58200000,0.000147136219138511
58240000,0.000146480517268169
58280000,0.000147405144253123
58320000,0.000147563161292103
58360000,0.000146633055229857
58400000,0.000145876465673297
58440000,0.00014755815632658
58480000,0.000147903371640637
58520000,0.000146263059233091
58560000,0.000147447867264644
58600000,0.000146422306840647
58640000,0.000146370816287359
58680000,0.000146771145782539
58720000,0.000147526981395635
58760000,0.000147897418997694
58800000,0.00014673582700047
58840000,0.000145718613109515
58880000,0.000147420915843183
58920000,0.000146714482965407
58960000,0.000146855658452109
5.9e+07,0.000147965062248774
59040000,0.000146522222710178
59080000,0.000145670650904752
59120000,0.000147085794666125
59160000,0.000146801478149459
59200000,0.000146796507610069
59240000,0.00014638184259241
59280000,0.00014651084000707
59320000,0.000146416958529313
59360000,0.000146607386301093
59400000,0.000146621430986295
59440000,0.000146794231050123
59480000,0.000146423443005369
59520000,0.000146622702290198
59560000,0.000146954594820001
59600000,0.000145890289458788
59640000,0.00014777660023152
59680000,0.00014705845501238
59720000,0.000146941874752438
59760000,0.00014588533511292
59800000,0.000146637476636118
59840000,0.000146016478705186
59880000,0.00014676866304401
59920000,0.000146591686933872
59960000,0.000146553475911811
6e+07,0.00014648742239847
60040000,0.000146064290348033
60080000,0.000147631406544076
60120000,0.000146494970967339
60160000,0.000145276662763698
60200000,0.000147681025726041
60240000,0.000146559150004344
60280000,0.00014601812869378
60320000,0.000146269497703336
60360000,0.000148014489125584
60400000,0.000147213264184878
60440000,0.000146714385482258
60480000,0.000146153223491023
60520000,0.000145804867574066
60560000,0.000146707060661761
60600000,0.000148114803210747
60640000,0.000147644361980194
60680000,0.0001449125438653
60720000,0.000145625910840523
60760000,0.00014713909570178
60800000,0.000146361667885997
60840000,0.000146019573842097
60880000,0.000146228355972505
60920000,0.00014529285232611
60960000,0.000145920150101574
6.1e+07,0.000145282362347033
61040000,0.000146505622547522
61080000,0.000144549753879522
61120000,0.000146057262996649
61160000,0.000145318349709934
61200000,0.000145343785556358
61240000,0.000145245681377124
61280000,0.000146235944223181
61320000,0.000145912239879687
61360000,0.000145668458838029
61400000,0.000144773468662829
61440000,0.00014650103505137
61480000,0.000144856792429579
61520000,0.000145608982718079
61560000,0.000145464498234843
61600000,0.000145134279553532
61640000,0.000145469822564899
61680000,0.000144865038921098
61720000,0.000146077413962261
61760000,0.000144229901820176
61800000,0.000144637302189098
61840000,0.000146183872997839
61880000,0.000144791094487653
61920000,0.000144238300261767
61960000,0.000144614490278526
6.2e+07,0.00014451709051533
62040000,0.000145680175051509
62080000,0.000146758448462325
62120000,0.000146654762488614
62160000,0.000147906164873136
62200000,0.000144418026513058
62240000,0.000143871140462463
62280000,0.000144053480602114
62320000,0.000145207091291454
62360000,0.000144616158351144
62400000,0.000143489746083899
62440000,0.000146173292063101
62480000,0.000148376002634203
62520000,0.000145919198856121
62560000,0.000144086962970454
62600000,0.000143990177285854
62640000,0.000145149654156861
62680000,0.000145070305874523
62720000,0.000144847080949009
62760000,0.000144301851435626
62800000,0.000144533835715839
62840000,0.000144046590494125
62880000,0.000143306620430066
62920000,0.000143317482430185
62960000,0.000145426468519109
6.3e+07,0.000143299277376771
63040000,0.000143000260042068
63080000,0.000142969029535205
63120000,0.000143441503672315
63160000,0.000143690822533306
63200000,0.000144208953361973
63240000,0.000142799557935021
63280000,0.000143056638074547
63320000,0.00014421115234301
63360000,0.000144515920491289
63400000,0.000144281742101516
63440000,0.000144344819484565
63480000,0.000144142839072976
63520000,0.000142084769421234
63560000,0.000142609173147713
63600000,0.000143072393785853
63640000,0.000144805138961527
63680000,0.000143888806003741
63720000,0.000143564328296327
63760000,0.000143688359175945
63800000,0.000143042932977648
63840000,0.000142613723275066
63880000,0.00014332042547609
63920000,0.000143618438939904
63960000,0.000142624463648372
6.4e+07,0.000143312657783413
64040000,0.000143439768288965
64080000,0.000142813428367215
64120000,0.000144759341650393
64160000,0.000143540894432323
64200000,0.000143910213058565
64240000,0.000144046405218096
64280000,0.000143170691203696
64320000,0.000143968419609187
64360000,0.000144358124780439
64400000,0.000142395350751366
64440000,0.0001429414256222
64480000,0.000143814618218802
64520000,0.000144751780157283
64560000,0.000142791340396527
64600000,0.000143483623025102
64640000,0.000142682134834102
64680000,0.000144814982136142
64720000,0.000143471753458647
64760000,0.000142132076989218
64800000,0.000141610973164021
64840000,0.000141635415146464
64880000,0.000142218288946125
64920000,0.000143086500256593
64960000,0.000143751784101907
6.5e+07,0.0001438035972629
65040000,0.00014276202681874
65080000,0.000142784246506299
65120000,0.000143283615634854
65160000,0.000142551678703901
65200000,0.000144042912217905
65240000,0.000142264356968725
65280000,0.000141744030478671
65320000,0.000141713756304077
65360000,0.00014192900917251
65400000,0.000141941580174198
65440000,0.000142365391232604
65480000,0.00014252734067866
65520000,0.000142433059060112
65560000,0.000142360655254206
65600000,0.000141790291176771
65640000,0.000143214503587365
65680000,0.000141967618039504
65720000,0.00014225185336931
65760000,0.000141868775763177
65800000,0.000142202472997876
65840000,0.000143278847436749
65880000,0.000142323081105201
65920000,0.000142835566237773
65960000,0.000142518307247624
6.6e+07,0.000141659488562822
66040000,0.000141840710310874
66080000,0.000142547312762678
66120000,0.00014264074289101
66160000,0.000141517778876384
66200000,0.000140884353250284
66240000,0.000143112654990542
66280000,0.000142259667953245
66320000,0.000141717541035876
66360000,0.000142283937712693
66400000,0.00013994119998966
66440000,0.000141128413417081
66480000,0.000141037140889393
66520000,0.000143422989876771
66560000,0.000142134992736289
66600000,0.000141448030196199
66640000,0.000143367410604311
66680000,0.000141550527817828
66720000,0.000141014123344491
66760000,0.000142201555426198
66800000,0.00014118828302993
66840000,0.000141049576516488
66880000,0.000142074417139205
66920000,0.00014247055047495
66960000,0.000141901645113105
6.7e+07,0.000141947957571694
67040000,0.000141137267713474
67080000,0.000140637890392248
67120000,0.000141274691781183
67160000,0.000142830007026566
67200000,0.000142230167146135
67240000,0.000140780562060902
67280000,0.000141607512147659
67320000,0.000141922647532826
67360000,0.000140943751230551
67400000,0.000142269849234293
67440000,0.000141266547881463
67480000,0.000142331603691408
67520000,0.000141805582983008
67560000,0.000141624138431246
67600000,0.000141265364118945
67640000,0.000141723678483445
67680000,0.000142658857337906
67720000,0.000141789923653431
67760000,0.000141205115072722
67800000,0.000141469608734897
67840000,0.000141335511804731
67880000,0.000141736632952308
67920000,0.000141507894092679
67960000,0.000141075994327349
6.8e+07,0.000141821028944555
68040000,0.000142365224252489
68080000,0.000142184504271993
68120000,0.000141014917217545
68160000,0.000141183955101548
68200000,0.000141176163872422
68240000,0.000141087046797019
68280000,0.000140620675870675
68320000,0.00014027596417544
68360000,0.000141634144153438
68400000,0.000141409936106449
68440000,0.000141330869067039
68480000,0.000141943768766326
68520000,0.000139811279764143
68560000,0.000141422140407774
68600000,0.000140685563068049
68640000,0.000141786497293422
68680000,0.000140150350136772
68720000,0.000140358728580374
68760000,0.000140401434854819
68800000,0.000142011528769683
68840000,0.000142553181308305
68880000,0.000139842391483276
68920000,0.000140635576800981
68960000,0.000141898082361738
6.9e+07,0.000140292720168088
69040000,0.000138472090042861
69080000,0.000140722006841366
69120000,0.000140586552118441
69160000,0.000141845575134779
69200000,0.000140084797573129
69240000,0.00014043535324741
69280000,0.000139255764491065
69320000,0.000140564417478267
69360000,0.000142440398049841
69400000,0.000140478203219298
69440000,0.000140391105030397
69480000,0.000140526561680056
69520000,0.000142136797764964
69560000,0.000141214531362276
69600000,0.000140538218944955
69640000,0.000141995054727161
69680000,0.000139973550433366
69720000,0.000141253322667736
69760000,0.000140128736301345
69800000,0.000140788949930577
69840000,0.000141292106971237
69880000,0.000141896279880184
69920000,0.00014066589910917
69960000,0.00014047069457298
7e+07,0.000140321945315174
70040000,0.000140357439452866
70080000,0.000139541303783813
70120000,0.00013989297137871
70160000,0.000140488787524785
70200000,0.000140764252722015
70240000,0.000140629398762692
70280000,0.000140763030369275
70320000,0.000140542496130011
70360000,0.000140452350690524
70400000,0.000139935348909839
70440000,0.000139643857897865
70480000,0.000138850979621198
70520000,0.000140351274616919
70560000,0.000140395556518026
70600000,0.000140071502488159
70640000,0.000140626838373104
70680000,0.000139054315036879
70720000,0.000140023975958755
70760000,0.000140705882168068
70800000,0.000140788897606496
70840000,0.000139983732522913
70880000,0.000140145162901297
70920000,0.000139524508823132
70960000,0.00013921240123158
7.1e+07,0.000139224038509474
71040000,0.000139753679384486
71080000,0.000139615524805039
71120000,0.000139419882991733
71160000,0.000140292947945872
71200000,0.000140048703536405
71240000,0.000140880637451908
71280000,0.000141204332439041
71320000,0.000140743721747257
71360000,0.000139270813374584
71400000,0.000140789953188259
71440000,0.000140240790281978
71480000,0.000141248261771004
71520000,0.0001404535031079
71560000,0.000139124752045967
71600000,0.000140350454180329
71640000,0.000140477411558295
71680000,0.000140507523350217
71720000,0.000140204326668686
71760000,0.00014130285826276
71800000,0.00014218682749641
71840000,0.000141179469429653
71880000,0.000139169278001203
71920000,0.00014005617464557
71960000,0.000139736639610658
7.2e+07,0.000141854588970301
72040000,0.000141157275105163
72080000,0.000139633875327822
72120000,0.000140434424685025
72160000,0.000140198839377181
72200000,0.000140563959154543
72240000,0.000140931753476344
72280000,0.000139349574391648
72320000,0.000140606343117542
72360000,0.000139137033957385
72400000,0.000140267799552762
72440000,0.000139987624351545
72480000,0.000139025881214787
72520000,0.00013977531516191
72560000,0.000140976373024138
72600000,0.000140022417082477
72640000,0.000141642144446185
72680000,0.000138694635977991
72720000,0.000140063451573008
72760000,0.00014044578639073
72800000,0.000140261898780389
72840000,0.000140370167090448
72880000,0.00014054760948157
72920000,0.000139108390360921
72960000,0.000139977412814031
7.3e+07,0.000138938970834343
73040000,0.000139032485375487
73080000,0.00013865637170562
73120000,0.000139568582730991
73160000,0.000137829700652677
73200000,0.000138500777679567
73240000,0.000140637303920352
73280000,0.000138791737990122
73320000,0.00013905476111961
73360000,0.000139025488866579
73400000,0.000138141826821463
73440000,0.000139272665021184
73480000,0.000138639141387136
73520000,0.000138475210700835
73560000,0.000138799702787855
73600000,0.000138864763341339
73640000,0.00013773125979536
73680000,0.000139439695727494
73720000,0.000138086748347098
73760000,0.000137991860544497
73800000,0.000138352905597497
73840000,0.000138465746173752
73880000,0.000139365837842049
73920000,0.000138105800404105
73960000,0.00013740231981848
7.4e+07,0.000138885090673073
74040000,0.0001394157507996
74080000,0.000137579997369701
74120000,0.000138700746557623
74160000,0.000138174645400438
74200000,0.000138189340385987
74240000,0.000139089464824779
74280000,0.000137169838237054
74320000,0.000138507241322161
74360000,0.000139270256606286
74400000,0.000138715797423068
74440000,0.000138327911259915
74480000,0.000139279254114729
74520000,0.000139269278842341
74560000,0.00013973742838616
74600000,0.00013792901518778
74640000,0.00013784586088031
74680000,0.000138642341054076
74720000,0.000138081960179759
74760000,0.000137790307126153
74800000,0.000138377616760874
74840000,0.00013930826923147
74880000,0.000137904788794486
74920000,0.000138339836282483
74960000,0.000139676793809614
7.5e+07,0.000138630699586822
75040000,0.000137329151301835
75080000,0.000138573467421144
75120000,0.000138070318964219
75160000,0.000138444036191886
75200000,0.000139993116708472
75240000,0.00013714797562852
75280000,0.000138841568266492
75320000,0.000137239809282617
75360000,0.000138249133309763
75400000,0.000136554973610846
75440000,0.000138646141586425
75480000,0.000138159869991886
75520000,0.000139140413267401
75560000,0.000138108575684753
75600000,0.000137643804145535
75640000,0.000138627566086264
75680000,0.000139498894599465
75720000,0.000138257424891306
75760000,0.000138296263595617
75800000,0.000138928167781862
75840000,0.000138618716359863
75880000,0.000137268535877733
75920000,0.000139220213027466
75960000,0.000139960357231901
7.6e+07,0.000138357766271721
76040000,0.000137123013784289
76080000,0.000137990125902786
76120000,0.000138021131950967
76160000,0.000139161475110557
76200000,0.000138008066575791
76240000,0.000137769908366747
76280000,0.000138968211961733
76320000,0.00013759264393216
76360000,0.000137027395430712
76400000,0.000138048580133938
76440000,0.000137979752813251
76480000,0.000137766261157494
76520000,0.000138852307869693
76560000,0.000138055780103332
76600000,0.000138862765390803
76640000,0.000137927258037644
76680000,0.000138106036880488
76720000,0.000138138920747207
76760000,0.000138303950053662
76800000,0.000138558770744414
76840000,0.000137812916805094
76880000,0.000139016198592994
76920000,0.000137231265138409
76960000,0.00013843685503873
7.7e+07,0.000137706158625606
77040000,0.000137770750602962
77080000,0.000138279651839654
77120000,0.000137167267096036
77160000,0.000138266846838255
77200000,0.000139065870776275
77240000,0.000137017649705539
77280000,0.000138959750998328
77320000,0.000138666102344057
77360000,0.000136734156335999
77400000,0.000139068877654409
77440000,0.00013744325893305
77480000,0.000138605148513913
77520000,0.000138837446254405
77560000,0.000137265140394969
77600000,0.00013823743643024
77640000,0.000138109144055184
77680000,0.000137410179410423
77720000,0.000137082999540926
77760000,0.000139353700406281
77800000,0.000138236589654334
77840000,0.00013724815126179
77880000,0.000139059560889521
77920000,0.000137738093551337
77960000,0.000138511124568203
7.8e+07,0.000138361608007064
78040000,0.000136051607820465
78080000,0.000138310775797586
78120000,0.000138069392167369
78160000,0.000137213412926839
78200000,0.000137416411362145
78240000,0.000139365326623251
78280000,0.000136836681238337
78320000,0.000137166932833314
78360000,0.000136631697745445
78400000,0.000136897394520242
78440000,0.000137944555138595
78480000,0.000135991041269145
78520000,0.000136915248585995
78560000,0.00013662908032141
78600000,0.000137724297486385
78640000,0.000137264871437884
78680000,0.00013802087795932
78720000,0.000137985739119759
78760000,0.00013828099727619
78800000,0.000137273298987497
78840000,0.000135446907511038
78880000,0.000136049220586156
78920000,0.000136795448478124
78960000,0.000136901851037703
7.9e+07,0.000136351345606263
79040000,0.000136625293728777
79080000,0.00013586065084756
79120000,0.00013589533553573
79160000,0.000136035192271179
79200000,0.000136172534826953
79240000,0.000136524791585248
79280000,0.000136739888788055
79320000,0.000136566511308519
79360000,0.00013567627617368
79400000,0.000134944052863505
79440000,0.000136622542214319
79480000,0.000137442829436615
79520000,0.000136882055269594
79560000,0.000135252046186548
79600000,0.000135721796680553
79640000,0.000135225463077913
79680000,0.000137058602527096
79720000,0.000136673109307393
79760000,0.00013630181268518
79800000,0.000134679338602549
79840000,0.000136505841325447
79880000,0.000134379187244548
79920000,0.000137099444420187
79960000,0.000135470983010504
8e+07,0.000135352978074571
80040000,0.000133621548898967
80080000,0.00013515729677586
80120000,0.000136334249772685
80160000,0.000135088232903821
80200000,0.000135380043432942
80240000,0.000133292067195683
80280000,0.000136014079664781
80320000,0.000135492280359477
80360000,0.000134954624686598
80400000,0.000135444743424506
80440000,0.000135379044493751
80480000,0.000135034013466323
80520000,0.00013528530885271
80560000,0.000134049809892433
80600000,0.000135239687416035
80640000,0.000135884992144555
80680000,0.000135020681494909
80720000,0.000135352552864188
80760000,0.000135276282409618
80800000,0.000135992648196999
80840000,0.000135165763196853
80880000,0.000135895107629098
80920000,0.000134267552697432
80960000,0.000135863940950976
8.1e+07,0.000136562959775459
81040000,0.00013424972766654
81080000,0.000135325395742136
81120000,0.000134299092086187
81160000,0.000135878517158228
81200000,0.000135373183604146
81240000,0.000134555273155154
81280000,0.00013529872909791
81320000,0.000134864131062623
81360000,0.000134776871661113
81400000,0.000134374206650681
81440000,0.000133545439137723
81480000,0.000133368623501434
81520000,0.000134373978269612
81560000,0.000134844511011908
81600000,0.000135291138550263
81640000,0.000135917755540146
81680000,0.000136170583463569
81720000,0.000135418963516838
81760000,0.000134514691321562
81800000,0.000135436466948569
81840000,0.000134050519671714
81880000,0.000135147648726394
81920000,0.000135054681112298
81960000,0.000134263432065913
8.2e+07,0.000135010959887055
82040000,0.000135521952731822
82080000,0.000135075935036409
82120000,0.000135694674178793
82160000,0.000136000091121088
82200000,0.000135946460735166
82240000,0.000136207133638819
82280000,0.000134771563235203
82320000,0.00013476471081951
82360000,0.000135442188904979
82400000,0.000136344155063158
82440000,0.00013608546933752
82480000,0.000135415684665033
82520000,0.000134677280531789
82560000,0.000135390643252216
82600000,0.00013514840148997
82640000,0.000134213787544351
82680000,0.000133253867847994
82720000,0.000134076156626563
82760000,0.000135488006977273
82800000,0.000136163545333434
82840000,0.000134369985783481
82880000,0.000134452081425736
82920000,0.000134800538819151
82960000,0.000134158604787973
8.3e+07,0.000134983933038564
83040000,0.000136031518602755
83080000,0.000135003927476827
83120000,0.000134495263221257
83160000,0.000134986462160289
83200000,0.000135177461674779
83240000,0.00013562287823556
83280000,0.000135882576664183
83320000,0.000134635961368528
83360000,0.00013468009297424
83400000,0.000134725539700853
83440000,0.000134662562071076
83480000,0.000132606547163178
83520000,0.000133930920728534
83560000,0.00013408733575909
83600000,0.000133143019278514
83640000,0.00013487069498304
83680000,0.000134659015753447
83720000,0.000135483054557235
83760000,0.000135905483771794
83800000,0.000132461703574263
83840000,0.000133954835892698
83880000,0.000134826707773635
83920000,0.000133690433111404
83960000,0.000133548824944875
8.4e+07,0.000134885429920911
84040000,0.000133622006370128
84080000,0.000134050407874446
84120000,0.000132532560147908
84160000,0.000134806028243679
84200000,0.000133339713924965
84240000,0.000135132624567284
84280000,0.000135617616995416
84320000,0.000135143516659692
84360000,0.000133745579546448
84400000,0.000135181558834621
84440000,0.000134952619682888
84480000,0.000134627498216588
84520000,0.000134604195593005
84560000,0.000134754078257048
84600000,0.000133769955538326
84640000,0.000134417930262613
84680000,0.000132867635884814
84720000,0.000134118543776889
84760000,0.000134377403940762
84800000,0.000134499818287153
84840000,0.000135257698567878
84880000,0.00013283884238229
84920000,0.000132041765444845
84960000,0.000133903826998992
8.5e+07,0.000133605625141331
85040000,0.000133459609573036
85080000,0.000133335086617949
85120000,0.000134064958812378
85160000,0.000132235469103313
85200000,0.000132363797873139
85240000,0.000134946190642045
85280000,0.00013393745567978
85320000,0.000134795661598296
85360000,0.000134998223471948
85400000,0.000135577159280502
85440000,0.000132935217555074
85480000,0.000135328885572355
85520000,0.000132652619209764
85560000,0.000133952187865527
85600000,0.000133684096776222
85640000,0.000134219658304521
85680000,0.000132186109733423
85720000,0.000134681959049201
85760000,0.000133848665978725
85800000,0.000134223439675161
85840000,0.000132562992681437
85880000,0.000133393894141571
85920000,0.000133268832808414
85960000,0.000131763362390594
8.6e+07,0.000133044045528396
86040000,0.000133795674395996
86080000,0.000133045592353243
86120000,0.000133288987326384
86160000,0.000132669327478962
86200000,0.000132946933431792
86240000,0.00013228689170828
86280000,0.00013175696409602
86320000,0.00013186155484392
86360000,0.000130599460553194
86400000,0.00013277584755389
86440000,0.000132747004112104
86480000,0.00013303070936933
86520000,0.000132171242968014
86560000,0.000130512086314082
86600000,0.000132816647815126
86640000,0.000132562247400995
86680000,0.000133154653948479
86720000,0.00013109119418166
86760000,0.000133561891432507
86800000,0.000131750778653929
86840000,0.000132843736886105
86880000,0.000132306014834391
86920000,0.000132158764865118
86960000,0.000130811592096488
8.7e+07,0.000132184182499032
87040000,0.000132603651965067
87080000,0.000132350027063789
87120000,0.000132330849872421
87160000,0.000132715350285368
87200000,0.000132482484226907
87240000,0.000130718924745884
87280000,0.000134209526438756
87320000,0.000132518486105552
87360000,0.000130538009838398
87400000,0.000132178253387663
87440000,0.000132648346872144
87480000,0.000130151629343409
87520000,0.000131121120084166
87560000,0.000132936798931896
87600000,0.000129678595986036
87640000,0.000132025102687923
87680000,0.000131554838170699
87720000,0.000131113828884058
87760000,0.000131373601032357
87800000,0.000129864323866422
87840000,0.000132109605990364
87880000,0.000131858846381014
87920000,0.000130732526164506
87960000,0.00013145867215071
8.8e+07,0.000130608227329468
88040000,0.000132922964054674
88080000,0.000132082030605283
88120000,0.000132759088192044
88160000,0.000132072334224515
88200000,0.000130970307606597
88240000,0.000130535657829327
88280000,0.000131474361451484
88320000,0.000130797821483886
88360000,0.000129885340559946
88400000,0.000131085990288495
88440000,0.000129755026250711
88480000,0.000131116207227398
88520000,0.000131612114273531
88560000,0.000130055408990756
88600000,0.000131858192893183
88640000,0.000130914349931323
88680000,0.000131749672224586
88720000,0.00013059253986348
88760000,0.000131135017674376
88800000,0.000130564836341289
88840000,0.000130089874837073
88880000,0.00013066117836833
88920000,0.000130035803661751
88960000,0.000131091778978562
8.9e+07,0.000131529585389591
89040000,0.000131517436630512
89080000,0.000129904024517131
89120000,0.00013142102586424
89160000,0.000131411793762011
89200000,0.000130757646044097
89240000,0.000130360542407007
89280000,0.000128937266843926
89320000,0.000130048479283641
89360000,0.000129830294464094
89400000,0.000131419346200814
89440000,0.000129996950913565
89480000,0.000130426803729255
89520000,0.000131442318141808
89560000,0.000131669381568402
89600000,0.000129644061160172
89640000,0.00013063267217657
89680000,0.000129339689648675
89720000,0.000131876685691172
89760000,0.000131171701247767
89800000,0.000130771943131045
89840000,0.000131017354912402
89880000,0.000130344928474299
89920000,0.000130276061076314
89960000,0.000131179326010896
9e+07,0.000131268933770472
90040000,0.000129358987888638
90080000,0.000131928007700556
90120000,0.000129380496161897
90160000,0.000128645106152758
90200000,0.000129359034111735
90240000,0.000128256233669642
90280000,0.000131240428176824
90320000,0.000129944456847459
90360000,0.000128859803653436
90400000,0.000129190029008911
90440000,0.000129694762148905
90480000,0.000127162862437811
90520000,0.000129444031020217
90560000,0.000131302970897117
90600000,0.000129521994614064
90640000,0.000128426639169864
90680000,0.000128624261442014
90720000,0.000130057748098947
90760000,0.000129426298981506
90800000,0.000128238408462359
90840000,0.000129091201678903
90880000,0.000128990421320091
90920000,0.00012900381736268
90960000,0.000130194799045657
9.1e+07,0.000129087770061655
91040000,0.000128343871018971
91080000,0.00012813172746075
91120000,0.000129054458856746
91160000,0.000128715296947398
91200000,0.000130334560274421
91240000,0.000128309284142532
91280000,0.000128328484606769
91320000,0.000126542565154999
91360000,0.000128011832602263
91400000,0.000128653666252125
91440000,0.000128374027598957
91480000,0.000127512838073143
91520000,0.000127965825649209
91560000,0.000128668509213732
91600000,0.000129657002433974
91640000,0.000128518829314764
91680000,0.000128990519630696
91720000,0.000127673261591214
91760000,0.000127966747160706
91800000,0.000131060303827138
91840000,0.00012667166310741
91880000,0.000127953181092982
91920000,0.000128388100164177
91960000,0.000127453536232656
9.2e+07,0.000127839788503478
92040000,0.000128712368302994
92080000,0.000128864860102731
92120000,0.000127123613072233
92160000,0.00012761534159082
92200000,0.000129098878611134
92240000,0.000128397917543987
92280000,0.00012845328216293
92320000,0.000128028860717409
92360000,0.000127718862113799
92400000,0.000128886528356739
92440000,0.00012736294753472
92480000,0.000127199060780723
92520000,0.000129358201727941
92560000,0.000128935402628176
92600000,0.000127096173875145
92640000,0.00012788477910197
92680000,0.000126079275824528
92720000,0.000127334129858388
92760000,0.000126908848717639
92800000,0.000127774510741142
92840000,0.000127203415407441
92880000,0.000129707491191702
92920000,0.000127339242703741
92960000,0.000126750469718426
9.3e+07,0.000126241660986908
93040000,0.00012631876774947
93080000,0.000125837726179246
93120000,0.000126342899979274
93160000,0.000128576731819319
93200000,0.000126624795208645
93240000,0.000127093528791971
93280000,0.000126582207736371
93320000,0.000126844687563325
93360000,0.00012534625680541
93400000,0.000127414531945372
93440000,0.000126263899485309
93480000,0.000125787504657779
93520000,0.000126994128852795
93560000,0.000128675865115214
93600000,0.000126177529925362
93640000,0.000126822639076082
93680000,0.000128614936204447
93720000,0.000126764013179846
93760000,0.000127535742478167
93800000,0.000127465621923401
93840000,0.000127880357953254
93880000,0.000126276624228782
93920000,0.000127386402017718
93960000,0.000127652043618059
9.4e+07,0.000127250762827079
94040000,0.000126875619835103
94080000,0.000127737386009169
94120000,0.000127927001809127
94160000,0.000125774786729243
94200000,0.000125665827439615
94240000,0.000126540880860532
94280000,0.00012675833143333
94320000,0.000126695526378763
94360000,0.000126427814983237
94400000,0.00012713434905085
94440000,0.000126931056738759
94480000,0.000127399931806121
94520000,0.000126191796804784
94560000,0.000126310797957066
94600000,0.000125773788073607
94640000,0.000126293091684176
94680000,0.000125612225091266
94720000,0.000127106764140513
94760000,0.000127373597124999
94800000,0.000126882411237294
94840000,0.000127892513403113
94880000,0.000126724741391009
94920000,0.000128266098363037
94960000,0.000124838204765922
9.5e+07,0.000126564259375467
95040000,0.000126945177511731
95080000,0.000126034929942837
95120000,0.000126530834924622
95160000,0.000127517651375941
95200000,0.000127299217952959
95240000,0.000128703314772842
95280000,0.000126691883640068
95320000,0.00012789494646193
95360000,0.000127450256524707
95400000,0.000126812711718266
95440000,0.000127210403345722
95480000,0.000126567888510026
95520000,0.00012755525339478
95560000,0.000126806156079286
95600000,0.000127739151228559
95640000,0.000127480328139316
95680000,0.000124971381553895
95720000,0.000127242689995126
95760000,0.000127300226867652
95800000,0.000125763874948157
95840000,0.000126894937397461
95880000,0.000126636858293575
95920000,0.000126704177235538
95960000,0.000124717508971835
9.6e+07,0.000126349480934471
96040000,0.00012674957993906
96080000,0.000125235129716792
96120000,0.000126452939842606
96160000,0.00012621912013355
96200000,0.000125624237967034
96240000,0.000125674198695319
96280000,0.000127044360831238
96320000,0.000125065739016293
96360000,0.000126462182399389
96400000,0.000127128073884255
96440000,0.000125137659220475
96480000,0.00012591284944837
96520000,0.000124300282928721
96560000,0.000125027816937931
96600000,0.000126061687519891
96640000,0.00012612880108874
96680000,0.000126961715050034
96720000,0.000126545566831041
96760000,0.000126493283227541
96800000,0.000125523691388134
96840000,0.000126902101895687
96880000,0.000124968720307764
96920000,0.000126691852030771
96960000,0.000125569063887268
9.7e+07,0.000125855233763573
97040000,0.000126552875716256
97080000,0.000125276517154675
97120000,0.000124983412418826
97160000,0.000126739147169275
97200000,0.000125898204286316
97240000,0.000126745417543083
97280000,0.000126381106372235
97320000,0.00012480613916343
97360000,0.000125236489057324
97400000,0.000124673623792899
97440000,0.000126539405477603
97480000,0.000125659369501586
97520000,0.000124887205866836
97560000,0.00012383153703341
97600000,0.000126395137283669
97640000,0.000124859015685088
97680000,0.000124377390236262
97720000,0.000124389166690771
97760000,0.000124314047486112
97800000,0.000126474612726866
97840000,0.000125761054970422
97880000,0.00012522263462305
97920000,0.000126236665888177
97960000,0.000126920105812997
9.8e+07,0.000126070238860057
98040000,0.000123896663551007
98080000,0.000124239527510898
98120000,0.000127460379903354
98160000,0.000126114265020962
98200000,0.000125361369075314
98240000,0.000126050273671103
98280000,0.000124951059890148
98320000,0.000125639910360365
98360000,0.000125204143035364
98400000,0.000125224089903489
98440000,0.000125330431005833
98480000,0.00012569355656852
98520000,0.000127395023715503
98560000,0.000124293110432363
98600000,0.00012625192139123
98640000,0.000124112541230835
98680000,0.000125469911592329
98720000,0.000126184114383999
98760000,0.00012644953334422
98800000,0.00012420607798501
98840000,0.000124789721666849
98880000,0.000124616728519142
98920000,0.00012480721757455
98960000,0.000126699862357712
9.9e+07,0.000124547625523542
99040000,0.000124117405333643
99080000,0.000124883503358079
99120000,0.000124550806314511
99160000,0.000124824583077252
99200000,0.000126160200830251
99240000,0.000124931647228095
99280000,0.000123775783784568
99320000,0.000125149765408516
99360000,0.000124835814520649
99400000,0.000125548150105421
99440000,0.00012560084544995
99480000,0.000124169169725841
99520000,0.000126492766439326
99560000,0.000124450668899451
99600000,0.000125821772810279
99640000,0.000124897689982058
99680000,0.000123734558430972
99720000,0.000124237359653491
99760000,0.000124766429833058
99800000,0.000124372460880005
99840000,0.000125708197958039
99880000,0.000123927581563171
99920000,0.000124224166319275
99960000,0.00012348999900974
1e+08,0.00012515289742936
100040000,0.000124377652559719
100080000,0.000124272620459353
100120000,0.000125581474858472
100160000,0.000125454560593704
100200000,0.00012489580592241
100240000,0.000123761386707276
100280000,0.000124502634378854
100320000,0.000125354526948764
100360000,0.000123208354817726
100400000,0.000124222394802625
100440000,0.000123311140205184
100480000,0.000124745690619341
100520000,0.00012476493839238
100560000,0.000124215020725946
100600000,0.000125266373456859
100640000,0.000123654645671357
100680000,0.000122010106088548
100720000,0.000124632597347935
100760000,0.000123571511642322
100800000,0.000125132252699281
100840000,0.000124411366700145
100880000,0.000124954335526404
100920000,0.000124316841880576
100960000,0.000126037222672051
1.01e+08,0.000124334185594926
101040000,0.000122304986491708
101080000,0.000125207676148669
101120000,0.000124557772785311
101160000,0.000124796840438967
101200000,0.000124821949701974
101240000,0.000124479945670558
101280000,0.000125423381488516
101320000,0.000124368645408376
101360000,0.000124633418542448
101400000,0.000124001660426346
101440000,0.000125285603985541
101480000,0.000125346023645535
101520000,0.000123881711246086
101560000,0.000124870229070962
101600000,0.000123802193467416
101640000,0.000124073846216659
101680000,0.000125577163507411
101720000,0.000123834991631469
101760000,0.00012522632802102
101800000,0.000124728169906396
101840000,0.000124489744867959
101880000,0.000125219311950097
101920000,0.00012429591478877
101960000,0.000123713311241097
1.02e+08,0.000124695787068234
102040000,0.000124428076161737
102080000,0.000123145273478056
102120000,0.000126002763734213
102160000,0.000124391198701717
102200000,0.000124166802405938
102240000,0.000122599539491856
102280000,0.000125599264913753
102320000,0.000123472275163692
102360000,0.000124572015533075
102400000,0.000123691527816031
102440000,0.000123418986824089
102480000,0.000123585575284701
102520000,0.00012501658527743
102560000,0.000125368707961667
102600000,0.00012441668764337
102640000,0.000123214400088012
102680000,0.000123783326130055
102720000,0.000125436089585644
102760000,0.000124651863206682
102800000,0.000124557545976499
102840000,0.000123647197552475
102880000,0.000125232213061665
102920000,0.000123921079888495
102960000,0.000124365309145814
1.03e+08,0.000123882041815545
103040000,0.000124504388654281
103080000,0.000123229415839574
103120000,0.000124301157551806
103160000,0.000125184777827649
103200000,0.000124536919692653
103240000,0.000124310826821765
103280000,0.000125005361356772
103320000,0.000124052346175613
103360000,0.000122781362361568
103400000,0.000124403848328365
103440000,0.000122710205963852
103480000,0.000125970649798725
103520000,0.000123288646341071
103560000,0.000123448038798236
103600000,0.000124695339924241
103640000,0.00012337017998685
103680000,0.000125613656355432
103720000,0.000124358856346112
103760000,0.000124863811009096
103800000,0.000123987493191699
103840000,0.000122605687211927
103880000,0.000124192829020485
103920000,0.000124478089241907
103960000,0.000124960738111915
1.04e+08,0.000123209668494228
104040000,0.000124990758952983
104080000,0.000124130408328961
104120000,0.000123656054489274
104160000,0.000125116959590206
104200000,0.000123273048266007
104240000,0.00012318633973886
104280000,0.000121936947957675
104320000,0.000123719322266231
104360000,0.000123172264495957
104400000,0.000123890046593682
104440000,0.000124077753854095
104480000,0.00012407912861366
104520000,0.000122590935232275
104560000,0.00012392271389676
104600000,0.000123957242766316
104640000,0.000123182556636805
104680000,0.000122836928464707
104720000,0.000124455425115253
104760000,0.000123153139661356
104800000,0.000123427794573576
104840000,0.000124178968617282
104880000,0.000122504599974496
104920000,0.000122157380205137
104960000,0.000123007170811395
1.05e+08,0.000122893770954416
105040000,0.000124145032470023
105080000,0.00012222714789061
105120000,0.000121656369582678
105160000,0.000122811769381242
105200000,0.000123714270357036
105240000,0.000123636061623359
105280000,0.000123725589286409
105320000,0.000122989379408019
105360000,0.00012498130926285
105400000,0.000123465711497153
105440000,0.000124292012619879
105480000,0.000123978876480812
105520000,0.00012338566750998
105560000,0.00012413022073254
105600000,0.00012417263779368
105640000,0.000123521246863802
105680000,0.000122950567849906
105720000,0.000124620857908362
105760000,0.00012463545098096
105800000,0.00012297019407666
105840000,0.000120688945500015
105880000,0.000124238874002963
105920000,0.000122140647076544
105960000,0.000122158737287875
1.06e+08,0.000124593171813806
106040000,0.000124371611900102
106080000,0.000124108440907476
106120000,0.000124054866407992
106160000,0.000122798607228325
106200000,0.000123129624500631
106240000,0.000123335886562869
106280000,0.000123136158877756
106320000,0.000123963288350142
106360000,0.000122436068641273
106400000,0.000121760800516434
106440000,0.00012301493419443
106480000,0.000120996354065327
106520000,0.000123484269206389
106560000,0.000124485994591321
106600000,0.000122465833592782
106640000,0.000123665583469626
106680000,0.000124368057445579
106720000,0.000124831550633284
106760000,0.000121462608600437
106800000,0.000121875535013923
106840000,0.000124960025102388
106880000,0.000122121286349571
106920000,0.000125367866985157
106960000,0.000123211873415876
1.07e+08,0.00012440311318964
107040000,0.000123493322245024
107080000,0.000122775222257467
107120000,0.000123902614876246
107160000,0.000122664609023291
107200000,0.000123185802867956
107240000,0.00012327540846641
107280000,0.000122899921365805
107320000,0.000123285937941022
107360000,0.000122732022157037
107400000,0.000121819375437957
107440000,0.000122907860017829
107480000,0.000122034792726858
107520000,0.000123630514111157
107560000,0.000123006715809475
107600000,0.000123034500879132
107640000,0.000123405015709157
107680000,0.000123584531098777
107720000,0.000121839429757228
107760000,0.000123339853755307
107800000,0.000123722894509529
107840000,0.00012229112856427
107880000,0.000123504340953606
107920000,0.000124029213953149
107960000,0.000123387944263631
1.08e+08,0.000123889452712225
108040000,0.000122757162226998
108080000,0.000123074055618586
108120000,0.000123299120327708
108160000,0.000122859816754179
108200000,0.000121866431832592
108240000,0.000123253250582206
108280000,0.000123971768076225
108320000,0.000123535495680773
108360000,0.000123739199081236
108400000,0.000122385469095544
108440000,0.000124040679607311
108480000,0.000123896112393659
108520000,0.000122897945613321
108560000,0.00012161427040513
108600000,0.000122579917743211
108640000,0.000122567813221878
108680000,0.000121122802495955
108720000,0.000122683556339171
108760000,0.000123034011275994
108800000,0.000123340999174642
108840000,0.000123262433023597
108880000,0.000123056566419531
108920000,0.00012318338634815
108960000,0.000123274413866997
1.09e+08,0.000123502227331157
109040000,0.000122802171616486
109080000,0.000123271631035393
109120000,0.000123108237116229
109160000,0.000123239546207543
109200000,0.000122361227097454
109240000,0.000122240868544986
109280000,0.000123501961998633
109320000,0.000122805504030908
109360000,0.000121248639980283
109400000,0.000122914734295003
109440000,0.000121568038698526
109480000,0.000122444094051157
109520000,0.000121902166619662
109560000,0.000122791733951862
109600000,0.000120672455620214
109640000,0.000123691785003247
109680000,0.000121666964721577
109720000,0.0001221590781962
109760000,0.000124683939301154
109800000,0.000123490531585797
109840000,0.000122816351661911
109880000,0.000121754827507488
109920000,0.000122304798190268
109960000,0.000120873050178843
1.1e+08,0.000122611079956406
110040000,0.000122752193292372
110080000,0.000121792943934909
110120000,0.000122269407742598
110160000,0.00012434900258474
110200000,0.000123385153731419
110240000,0.000122476853924106
110280000,0.000121855231191008
110320000,0.000121502924979355
110360000,0.00012270132628784
110400000,0.000122694578510769
110440000,0.000122182198525051
110480000,0.000123248494321602
110520000,0.000122346420582919
110560000,0.000122941750906525
110600000,0.000122869730759147
110640000,0.000123285090270715
110680000,0.000122858884223547
110720000,0.000123474746579615
110760000,0.000120744728941035
110800000,0.000123964383275506
110840000,0.000120569680878932
110880000,0.000122690113763581
110920000,0.000122614185382316
110960000,0.000123182352710461
1.11e+08,0.000121064358001382
111040000,0.00012233434472795
111080000,0.000123860293283422
111120000,0.000123145951322982
111160000,0.000123183400946477
111200000,0.000121770422004652
111240000,0.00012190868726076
111280000,0.000122106785613952
111320000,0.000122317729356776
111360000,0.000121804348655854
111400000,0.00012208395800359
111440000,0.000121951680060268
111480000,0.000121679798925553
111520000,0.000121161613867297
111560000,0.000121064287009716
111600000,0.000123946574725597
111640000,0.000123377156629036
111680000,0.000121322780868779
111720000,0.000121916880335937
111760000,0.000121778670198768
111800000,0.000121701191785851
111840000,0.000122653741493477
111880000,0.00012063880303637
111920000,0.000122533019836914
111960000,0.000122746886910613
1.12e+08,0.00012307021538303
112040000,0.000120602070685925
112080000,0.000122631635293258
112120000,0.000122992561659458
112160000,0.000122723961531498
112200000,0.000120754489592204
112240000,0.00012388962856333
112280000,0.000121458478896839
112320000,0.000120305526068262
112360000,0.000119770262318436
112400000,0.000120980156012322
112440000,0.000122237883100184
112480000,0.000122475974800268
112520000,0.000121447198098949
112560000,0.000120745592889624
112600000,0.000121948078852045
112640000,0.000120640750042422
112680000,0.000121966147644141
112720000,0.000120205617497317
112760000,0.000122227110540041
112800000,0.000122245240038553
112840000,0.00012089045206239
112880000,0.000119682117289928
112920000,0.000120517090505574
112960000,0.000123393626209716
1.13e+08,0.000120218566988952
113040000,0.00012050521897508
113080000,0.000120239147850387
113120000,0.000122241557127184
113160000,0.000121823022016534
113200000,0.000123356339441513
113240000,0.00012210402010607
113280000,0.000121728604440556
113320000,0.000120912705558852
113360000,0.00012133412100954
113400000,0.000118364793558359
113440000,0.000121378501747483
113480000,0.000120079821890997
113520000,0.000121687203650416
113560000,0.000121327947860749
113600000,0.000120608866584691
113640000,0.000121335180813004
113680000,0.000121034117051908
113720000,0.000121645527100069
113760000,0.000122579482457886
113800000,0.000121737216643505
113840000,0.00012159720096956
113880000,0.000120843020682356
113920000,0.00012115157925105
113960000,0.000121235203410777
1.14e+08,0.00012310113847043
114040000,0.000120679203396455
114080000,0.000122259170936366
114120000,0.00012263539191065
114160000,0.000121718425792069
114200000,0.000120400548213309
114240000,0.000120849305366639
114280000,0.000120354638573877
114320000,0.000121539790334863
114360000,0.000120060634199047
114400000,0.000121552120287092
114440000,0.000121784765213968
114480000,0.000122209307394057
114520000,0.000120497201014098
114560000,0.000121150318769958
114600000,0.000120891292767948
114640000,0.000120987131038919
114680000,0.000121900118960432
114720000,0.00012250774264247
114760000,0.000120577111146503
114800000,0.00012214111382648
114840000,0.000122195897734665
114880000,0.000120262887338269
114920000,0.000120546269209652
114960000,0.000122087378611051
1.15e+08,0.000120501110356643
115040000,0.000119504493686694
115080000,0.000120944762105011
115120000,0.000122103470975273
115160000,0.00012262179399563
115200000,0.000121444503246083
115240000,0.000120410824490754
115280000,0.000121696100642992
115320000,0.000119822244376604
115360000,0.000122670223169077
115400000,0.000119849702714998
115440000,0.000121704590625725
115480000,0.000123316180121232
115520000,0.000123290540674842
115560000,0.00012090887289296
115600000,0.000122612962462004
115640000,0.000121470466035628
115680000,0.000119969118897248
115720000,0.000122356714689394
115760000,0.000121799791581085
115800000,0.000123677367947026
115840000,0.000122824195183926
115880000,0.000118595970397274
115920000,0.000121352872027709
115960000,0.000121492705621169
1.16e+08,0.000121699496132777
116040000,0.000121658521272597
116080000,0.000120760841096631
116120000,0.000122517668647781
116160000,0.000120602895849899
116200000,0.000120739711182181
116240000,0.000120836115912239
116280000,0.000122690896134528
116320000,0.000121214388499808
116360000,0.000121534366115363
116400000,0.000121526461615026
116440000,0.000121366819660646
116480000,0.000121062383800866
116520000,0.000120845032067425
116560000,0.0001213802353731
116600000,0.000121258649129324
116640000,0.000120112627496988
116680000,0.000119929412912756
116720000,0.00012134563414845
116760000,0.000122096840624422
116800000,0.000120836256751395
116840000,0.000120600205141952
116880000,0.000120726335418909
116920000,0.000120466563063281
116960000,0.000121442372116586
1.17e+08,0.000120720027747394
117040000,0.000120483099160355
117080000,0.000122319792467986
117120000,0.000121889309120359
117160000,0.000121468099675853
117200000,0.000120036838377248
117240000,0.000119886912960574
117280000,0.000120129572300754
117320000,0.000121515909562468
117360000,0.00012007915504468
117400000,0.000119270375757613
117440000,0.000120763327322483
117480000,0.00011983931245309
117520000,0.000120916034146162
117560000,0.000120824659684947
117600000,0.000120532221342212
117640000,0.000119517087674118
117680000,0.000119217355378717
117720000,0.000120640823455065
117760000,0.000120404093233036
117800000,0.000119682111797249
117840000,0.000119712428573546
117880000,0.000119028496704986
117920000,0.000120788708517178
117960000,0.000118151487799704
1.18e+08,0.000119778718491879
118040000,0.000121685484894112
118080000,0.000120595823116657
118120000,0.00011969959954331
118160000,0.000120064463938373
118200000,0.000120135846760545
118240000,0.000120187702062596
118280000,0.000119893467143364
118320000,0.000119806812817502
118360000,0.000119101952615858
118400000,0.000121254973572291
118440000,0.000118192705399931
118480000,0.000118565615359402
118520000,0.000119800957217938
118560000,0.000119760239173177
118600000,0.000123258891853559
118640000,0.000120760411463063
118680000,0.00012072559690382
118720000,0.000119351104430829
118760000,0.000119217857766809
118800000,0.000120388402968015
118840000,0.000120344495156103
118880000,0.000121046011704951
118920000,0.000121225429161833
118960000,0.000119901660577354
1.19e+08,0.000120977805760008
119040000,0.000117702337427932
119080000,0.000118943072710427
119120000,0.000120880192591463
119160000,0.000120052621415394
119200000,0.000120596046394059
119240000,0.000120497288778038
119280000,0.000123018855764414
119320000,0.000119853962217828
119360000,0.00012200390700376
119400000,0.000120509980074121
119440000,0.000119170277833736
119480000,0.000119524574950969
119520000,0.000120298708294595
119560000,0.000121580447523212
119600000,0.000119762484326388
119640000,0.000119926243112532
119680000,0.000120813113976411
119720000,0.000120132349056336
119760000,0.000120343522135509
119800000,0.000119715838839532
119840000,0.000118982129159348
119880000,0.000118391880500775
119920000,0.000119537815043537
119960000,0.000119680127619136
1.2e+08,0.000119317361044555
120040000,0.000120063263385224
120080000,0.000121505229293516
120120000,0.00011890241656028
120160000,0.000119655555502428
120200000,0.000119064515885095
120240000,0.000119442897183593
120280000,0.000118321568775512
120320000,0.000121411309679035
120360000,0.000120336069578257
120400000,0.000120206688580223
120440000,0.000117718753218354
120480000,0.000119580942935993
120520000,0.000118976527366593
120560000,0.000120879759181442
120600000,0.000120800490420682
120640000,0.000120222412066226
120680000,0.000119502162454898
120720000,0.000116808435737274
120760000,0.00011837960399584
120800000,0.000120057424144023
120840000,0.000119373766453729
120880000,0.000120800993999023
120920000,0.000118623862923742
120960000,0.00012009308028989
1.21e+08,0.000120665850576599
121040000,0.000120025858543664
121080000,0.000119128624165782
121120000,0.000118341023910104
121160000,0.000121165217324606
121200000,0.000120264960068401
121240000,0.000117803013789955
121280000,0.000121076958007047
121320000,0.000118725820109922
121360000,0.000120664674158381
121400000,0.000117829101115872
121440000,0.00012282744081301
121480000,0.000119478888905925
121520000,0.000118137004124226
121560000,0.00011985133792353
121600000,0.000118873534303037
121640000,0.000121290742976469
121680000,0.000120845742590277
121720000,0.000118726880970656
121760000,0.000119062399789133
121800000,0.00012068147687031
121840000,0.000118178932088055
121880000,0.000119737155797581
121920000,0.000120288062047518
121960000,0.000119838608537374
1.22e+08,0.000121315398269169
122040000,0.000119957038088266
122080000,0.000119503329781068
122120000,0.000120261322694894
122160000,0.000120510170983767
122200000,0.000120717653483245
122240000,0.000118907017622479
122280000,0.000119604120962275
122320000,0.000119094006984201
122360000,0.00012045292158191
122400000,0.000119300587602986
122440000,0.000122031537044684
122480000,0.000120213346505587
122520000,0.000120340596752603
122560000,0.000121341663265008
122600000,0.000121242911343824
122640000,0.000120123304736775
122680000,0.000118698681374265
122720000,0.000119051421083593
122760000,0.000120368290669076
122800000,0.000118629052495441
122840000,0.000119351610567495
122880000,0.000118199861159033
122920000,0.000120035023907594
122960000,0.000117852129004762
1.23e+08,0.000120602226509823
123040000,0.000119695383291066
123080000,0.000119555459715239
123120000,0.000120890859398385
123160000,0.000119847608687099
123200000,0.000119153916149783
123240000,0.00011910881325596
123280000,0.000118649950734524
123320000,0.000118344270437085
123360000,0.000117908980167214
123400000,0.000118934227026
123440000,0.000120753109790853
123480000,0.000118937880248692
123520000,0.000120395745774416
123560000,0.000118979355892792
123600000,0.000116836461022318
123640000,0.000118257307007924
123680000,0.00012017524034791
123720000,0.000117679968756381
123760000,0.000118311783313624
123800000,0.000119225686176516
123840000,0.000118987940837689
123880000,0.000118324362939271
123920000,0.000119513353917373
123960000,0.000119284111076002
1.24e+08,0.000119201351079081
124040000,0.000119313568657197
124080000,0.00011931720642887
124120000,0.000118455247863732
124160000,0.000119488534512704
124200000,0.000117940343631829
124240000,0.000117136058658946
124280000,0.00011924457745514
124320000,0.000118487504244339
124360000,0.000117979391306167
124400000,0.000119197157483408
124440000,0.000118415443059976
124480000,0.000118651925914192
124520000,0.000119947547539373
124560000,0.000118440783438319
124600000,0.000118282865838784
124640000,0.000119613753239578
124680000,0.000116684180483387
124720000,0.000119056574272643
124760000,0.000118426876412431
124800000,0.000118938600004743
124840000,0.000117829359818315
124880000,0.000116772553370913
124920000,0.000119324803057019
124960000,0.000117419241607125
1.25e+08,0.000118930929230345
125040000,0.000119927507773373
125080000,0.000119484112244473
125120000,0.000118540146079909
125160000,0.000117599549823589
125200000,0.000118343091743645
125240000,0.000118362071542477
125280000,0.000117651714389765
125320000,0.000117645690425763
125360000,0.000119159304482065
125400000,0.000118146358306393
125440000,0.000116160610850604
125480000,0.000117892008618218
125520000,0.000119275094539684
125560000,0.000117326736012698
125600000,0.00011738792504067
125640000,0.000117856947974334
125680000,0.000118170666639985
125720000,0.000118684751231015
125760000,0.000121588478104747
125800000,0.000118339358674007
125840000,0.000118064330846755
125880000,0.000118338308076817
125920000,0.00012086437233651
125960000,0.000118119700696111
1.26e+08,0.00011893347277498
126040000,0.000119929373695024
126080000,0.000118164497984653
126120000,0.000118988169832346
126160000,0.000117367062685629
126200000,0.000118062418224585
126240000,0.000117964100099479
126280000,0.00011929487359574
126320000,0.000119366653974477
126360000,0.000118331520633127
126400000,0.000120352129679556
126440000,0.000119253749352433
126480000,0.00011773925750629
126520000,0.000119559098748214
126560000,0.000117117872250357
126600000,0.000117839461320225
126640000,0.000116756217302273
126680000,0.000118260418223253
126720000,0.000118589158684342
126760000,0.000116189391336469
126800000,0.000117122900932642
126840000,0.000117392059174836
126880000,0.000118550550005145
126920000,0.000118323227130722
126960000,0.000116939635673389
1.27e+08,0.000117731574176043
127040000,0.000118168592703787
127080000,0.000119212282052249
127120000,0.000117738464271564
127160000,0.000115699616739258
127200000,0.000118482394950393
127240000,0.000115058890829082
127280000,0.000118549874725955
127320000,0.000120184825953847
127360000,0.000117733474323536
127400000,0.000116192118378726
127440000,0.000118517772275901
127480000,0.00011884062721522
127520000,0.000117747663195139
127560000,0.000118454924935278
127600000,0.000118178582319981
127640000,0.000117337372957662
127680000,0.000117216614280352
127720000,0.000118308241214329
127760000,0.000118712657277848
127800000,0.000116014553976052
127840000,0.000116947436674035
127880000,0.000118229556557532
127920000,0.000116867515292433
127960000,0.000117056451696901
1.28e+08,0.000118795734701788
128040000,0.00011908598034324
128080000,0.000118944963811846
128120000,0.000118810188008022
128160000,0.000121802003429204
128200000,0.000119665190124153
128240000,0.000117701943489856
128280000,0.000119858812890699
128320000,0.000117989875257915
128360000,0.000118459124532344
128400000,0.000117941457753461
128440000,0.000118302219249578
128480000,0.000119355230071974
128520000,0.000119250943807156
128560000,0.000116953473834341
128600000,0.000118083746329911
128640000,0.000121959913104939
128680000,0.000118610443972949
128720000,0.000119161977246638
128760000,0.000117952803292777
128800000,0.000119326833136187
128840000,0.000119259262867887
128880000,0.00012063292536018
128920000,0.000120535364513
128960000,0.000118988818155025
1.29e+08,0.000118048024049522
129040000,0.000119534889336207
129080000,0.000117934359573532
129120000,0.00011952644217151
129160000,0.000118649748021491
129200000,0.000121388511628489
129240000,0.00011801923112465
129280000,0.000119902572988931
129320000,0.000118337863120434
129360000,0.000117657442350529
129400000,0.000118531428312387
129440000,0.000119723143224566
129480000,0.000118531155480705
129520000,0.000118975984284594
129560000,0.000118675460141258
129600000,0.000119326097446356
129640000,0.000116890217880128
129680000,0.00011793088584441
129720000,0.000115857321295787
129760000,0.000119333945180286
129800000,0.000119809293388564
129840000,0.000119402569842565
129880000,0.0001208395388744
129920000,0.000118262451110911
129960000,0.000119120184531537
1.3e+08,0.000118405832169236
130040000,0.000119008687980102
130080000,0.000119194449783428
130120000,0.000120764305294947
130160000,0.000116236618206942
130200000,0.000118742475248497
130240000,0.000118216670134249
130280000,0.000119866783705158
130320000,0.000118161664181445
130360000,0.000120810910809782
130400000,0.000118316225211585
130440000,0.000118876532794441
130480000,0.000117961271336157
130520000,0.000118955905016484
130560000,0.00011909480442616
130600000,0.000117864666107247
130640000,0.000117512434266702
130680000,0.000116827995880205
130720000,0.000120306647237625
130760000,0.000117674317338936
130800000,0.00011868627602051
130840000,0.000119990245516715
130880000,0.000121076613120926
130920000,0.000118971594133893
130960000,0.000119511903424289
1.31e+08,0.000119737758481971
131040000,0.000116517264356941
131080000,0.00011941388409335
131120000,0.000119674707758679
131160000,0.000118206542271496
131200000,0.000117676726313663
131240000,0.000120606406233963
131280000,0.000117468804820153
131320000,0.000119460789970375
131360000,0.000118878753747288
131400000,0.000118335506339374
131440000,0.00011737351996083
131480000,0.000117980311765587
131520000,0.000119269866988178
131560000,0.000119305896519561
131600000,0.000118344440322871
131640000,0.000119788315213576
131680000,0.000120478763453039
131720000,0.000117676896188774
131760000,0.000117259101087859
131800000,0.000118788103612376
131840000,0.000117621678006398
131880000,0.000117473890930699
131920000,0.000118185779367438
131960000,0.000120207891101041
1.32e+08,0.000119961769644047
132040000,0.000118512856360431
132080000,0.000120217654278885
132120000,0.000119569994031212
132160000,0.000116765987792647
132200000,0.000119745834490023
132240000,0.000118280812340157
132280000,0.000120967160342118
132320000,0.000120301723506457
132360000,0.00011926654532924
132400000,0.000116885805324301
132440000,0.000118645675192364
132480000,0.000117556639595698
132520000,0.000120662151659901
132560000,0.000119770246845952
132600000,0.000117750345099742
132640000,0.000119080191261744
132680000,0.000118762219553077
132720000,0.000119697165571495
132760000,0.000117179510851793
132800000,0.000119952553410467
132840000,0.000116775831322678
132880000,0.000120231389071417
132920000,0.000117960354851712
132960000,0.000118658130600149
1.33e+08,0.000117698961886837
133040000,0.000118701693445121
133080000,0.000119381606580733
133120000,0.000117696995423749
133160000,0.000118737670337887
133200000,0.000120141787710283
133240000,0.000119221126946722
133280000,0.000119684960588635
133320000,0.000118533188102489
133360000,0.000118311817765441
133400000,0.0001212762373066
133440000,0.000119665999428932
133480000,0.00011931623661532
133520000,0.00011980280216413
133560000,0.000120841635992299
133600000,0.000120069169785116
133640000,0.000119613185863113
133680000,0.000120480441161226
133720000,0.000120025104024937
133760000,0.000118948867294463
133800000,0.000120456335879303
133840000,0.000117698128649022
133880000,0.000118923408607615
133920000,0.000118305589532076
133960000,0.000118641621568839
1.34e+08,0.000119949448300688
134040000,0.00011892899514333
134080000,0.000117902914199902
134120000,0.000121508375223862
134160000,0.000120619395327399
134200000,0.00011919135768582
134240000,0.000118437986555252
134280000,0.000117861916705491
134320000,0.000119020439317851
134360000,0.000116821204319691
134400000,0.000117222964841572
134440000,0.000119728102841344
134480000,0.000118764850400903
134520000,0.000118823255144992
134560000,0.000117231208096223
134600000,0.0001192300578694
134640000,0.000119960904420582
134680000,0.000119991064560305
134720000,0.000119355291999065
134760000,0.000117486340772753
134800000,0.000119425656173433
134840000,0.000117806367382912
134880000,0.000120075996562409
134920000,0.000117746680877231
134960000,0.000118787111262896
1.35e+08,0.000118408296836439
135040000,0.000118199334160823
135080000,0.000119416202589185
135120000,0.000119889066696627
135160000,0.000118210528248914
135200000,0.000117896471764211
135240000,0.000117780979589975
135280000,0.000119833193355163
135320000,0.000118894114045295
135360000,0.000115574973982327
135400000,0.000117381410599602
135440000,0.000116865975420102
135480000,0.00011783937202386
135520000,0.000117501996204511
135560000,0.000116079025148383
135600000,0.000117630353358953
135640000,0.000117850643301186
135680000,0.00011688011437849
135720000,0.000119743195136437
135760000,0.000118143358357176
135800000,0.000117456050924823
135840000,0.000116117081651572
135880000,0.000116981785831009
135920000,0.000120781410862934
135960000,0.000117569878968395
1.36e+08,0.000119562188775009
136040000,0.000117803533400133
136080000,0.000118529476279508
136120000,0.000119776752599669
136160000,0.000117560145132061
136200000,0.000117431432032849
136240000,0.000118973753923296
136280000,0.000116275468636451
136320000,0.000116947318229887
136360000,0.00011842915816097
136400000,0.000119018638754097
136440000,0.000117474435769438
136480000,0.000118742701979785
136520000,0.000118861745408756
136560000,0.000119499201670353
136600000,0.000117935252420521
136640000,0.000118917651845321
136680000,0.000119511645719919
136720000,0.000115719934418709
136760000,0.000117211309915089
136800000,0.000117186240718059
136840000,0.00011793318714958
136880000,0.000118160296588282
136920000,0.00011828714553778
136960000,0.000117360919101021
1.37e+08,0.000120430638701975
137040000,0.00011747984952277
137080000,0.000116029430196137
137120000,0.000117441943890009
137160000,0.000118655454083427
137200000,0.000117413562592007
137240000,0.000119388607619885
137280000,0.000118536010834836
137320000,0.000117043776883831
137360000,0.000119835569445924
137400000,0.000119069104016291
137440000,0.000117533733026951
137480000,0.000115147847173425
137520000,0.000118216174007601
137560000,0.000118761485137474
137600000,0.000118964784077416
137640000,0.00011667463231875
137680000,0.000116130797372878
137720000,0.000117243488370308
137760000,0.000117626263318433
137800000,0.000117942785647479
137840000,0.000119441680059819
137880000,0.000118084571828795
137920000,0.000117011003291729
137960000,0.000118369047234865
1.38e+08,0.000118756682135351
138040000,0.000120050973287707
138080000,0.00011665977249535
138120000,0.000117842252019957
138160000,0.00011831069029422
138200000,0.000117879131014825
138240000,0.000119011674984031
138280000,0.000117933104219149
138320000,0.000118491498681759
138360000,0.000119052659435117
138400000,0.000118045873887818
138440000,0.000117139610651322
138480000,0.000116475356192379
138520000,0.000117998681812987
138560000,0.000117159322157857
138600000,0.000115550458437455
138640000,0.000117483801822412
138680000,0.000117518678355945
138720000,0.000117899735253091
138760000,0.000118256287649322
138800000,0.000119496298167239
138840000,0.000117127759127204
138880000,0.000117244065901302
138920000,0.000118376634747674
138960000,0.000116103095345059
1.39e+08,0.000116524478799545
139040000,0.000116507758010735
139080000,0.000115061290609749
139120000,0.000119193040072472
139160000,0.000117889885106544
139200000,0.000117001851025429
139240000,0.000117185681870912
139280000,0.000117266391609672
139320000,0.000117939919975552
139360000,0.00011684060883976
139400000,0.000116884246959956
139440000,0.000118387686459157
139480000,0.000117260571328743
139520000,0.000117721881304596
139560000,0.00011747697996114
139600000,0.000119083500974117
139640000,0.000117280075812702
139680000,0.000114252548672209
139720000,0.000118319673463438
139760000,0.000116636235543604
139800000,0.000117812717379372
139840000,0.00011758064094312
139880000,0.000118604193441672
139920000,0.000118983896319814
139960000,0.000117165468591791
1.4e+08,0.000117447040157512
140040000,0.000117245506102027
140080000,0.000117765211609832
140120000,0.000116393962602453
140160000,0.000116857631673812
140200000,0.000120415251676572
140240000,0.000118539795170807
140280000,0.000118610209086599
140320000,0.000119241106540482
140360000,0.000118146446190333
140400000,0.000116813685105075
140440000,0.000116790955741719
140480000,0.000118325182695162
140520000,0.000117725013502953
140560000,0.000115418430714354
140600000,0.000119017095456998
140640000,0.000117027128300846
140680000,0.000118101497202556
140720000,0.000115957687516916
140760000,0.000118572598051163
140800000,0.000117212705964502
140840000,0.000116973336082529
140880000,0.000118190092160287
140920000,0.00011634685482193
140960000,0.000115812498719632
1.41e+08,0.000114574425005472
141040000,0.000116879809277474
141080000,0.000116603479491531
141120000,0.000114861488620064
141160000,0.000116819305136652
141200000,0.000118521438775987
141240000,0.000115690709523387
141280000,0.00011839123772037
141320000,0.000114684142042122
141360000,0.000117465699949478
141400000,0.000115570347610518
141440000,0.000116466725948088
141480000,0.000114202946918846
141520000,0.00011762044941876
141560000,0.000117782055433309
141600000,0.00011497267863317
141640000,0.000116621650819769
141680000,0.000115701948106615
141720000,0.00011575783998686
141760000,0.000115720790266532
141800000,0.000115760696215199
141840000,0.000117536188232336
141880000,0.000117506668794096
141920000,0.000116130842838195
141960000,0.000116424648673442
1.42e+08,0.000115918519642065
142040000,0.000117701439407412
142080000,0.00011717637224756
142120000,0.000114786298949633
142160000,0.000116269996790206
142200000,0.000117391023417821
142240000,0.000115781963531097
142280000,0.000117232565129822
142320000,0.000117911048801115
142360000,0.000117064315778224
142400000,0.000118670394689911
142440000,0.000118368339013291
142480000,0.000116311742696075
142520000,0.000116725870884275
142560000,0.000116010190847419
142600000,0.000116370989314199
142640000,0.000117254704839396
142680000,0.000115331782143759
142720000,0.000117965162515706
142760000,0.000113250634991244
142800000,0.000117705244064876
142840000,0.000115279722548348
142880000,0.000117476509047407
142920000,0.000118325781284369
142960000,0.000115822852688214
1.43e+08,0.000115867857844721
143040000,0.000117849122225111
143080000,0.000118095707161576
143120000,0.000117096532604947
143160000,0.00011677853386129
143200000,0.000118332567896476
143240000,0.000116348219413498
143280000,0.000118738909643439
143320000,0.000115113903212576
143360000,0.000117526634349704
143400000,0.00011695947984561
143440000,0.000118809358519762
143480000,0.000115365018593327
143520000,0.000116315307462439
143560000,0.000116648708669068
143600000,0.000115247944759574
143640000,0.000116654355050347
143680000,0.000116530500395212
143720000,0.000113806968274198
143760000,0.000116427681046537
143800000,0.000116339681068308
143840000,0.000116636819491289
143880000,0.000116090950808821
143920000,0.000116919622068317
143960000,0.000117754364291687
1.44e+08,0.000114580308964122
144040000,0.000116291596731612
144080000,0.00011693032929467
144120000,0.000116092119061796
144160000,0.000115299063676274
144200000,0.000116961456800147
144240000,0.000116463768537313
144280000,0.000116434448197546
144320000,0.00011494152040918
144360000,0.000117104656307912
144400000,0.000113868243197959
144440000,0.000114740041522911
144480000,0.0001149697737075
144520000,0.000116248771836895
144560000,0.000114372362700851
144600000,0.000116039448608846
144640000,0.000114933399309174
144680000,0.000113774814561629
144720000,0.000115487817359888
144760000,0.000116779118010277
144800000,0.000117090124126645
144840000,0.000115991899774386
144880000,0.000116381574783529
144920000,0.000118337455074955
144960000,0.000116401264222769
1.45e+08,0.000115700599727997
145040000,0.000118370577747354
145080000,0.000116189624653416
145120000,0.000116762098500795
145160000,0.000114488824064966
145200000,0.000114679472048489
145240000,0.00011318030024134
145280000,0.00011679378124904
145320000,0.000114952384434539
145360000,0.00011543707723249
145400000,0.000114415215451011
145440000,0.000116030523539525
145480000,0.000115396086959923
145520000,0.00011607525088881
145560000,0.000113461546099225
145600000,0.000115281648090914
145640000,0.000116859371613812
145680000,0.000115630266818489
145720000,0.000114345199375294
145760000,0.000114079860182397
145800000,0.00011777818798142
145840000,0.00011452824883189
145880000,0.00011330948806981
145920000,0.000115506715342864
145960000,0.000114854686958731
1.46e+08,0.000114423435301621
146040000,0.00011477992849983
146080000,0.000115709113961771
146120000,0.000114526560327348
146160000,0.000113686860155522
146200000,0.000113775375639999
146240000,0.000116471452766347
146280000,0.000114484819241928
146320000,0.000113537806734191
146360000,0.000113498141785455
146400000,0.000115308474069238
146440000,0.000113806804763083
146480000,0.000114570274006554
146520000,0.00011295853209499
146560000,0.000114368261008234
146600000,0.000114959890886553
146640000,0.000113260226233372
146680000,0.000115483314946253
146720000,0.000112646013068039
146760000,0.000113025521668523
146800000,0.000112679006826112
146840000,0.000114067869703428
146880000,0.000112348634185722
146920000,0.000113268418611613
146960000,0.000114307107483065
1.47e+08,0.000114478583098694
147040000,0.000114359437067976
147080000,0.000112840010350831
147120000,0.00011521865521569
147160000,0.00011030951763373
147200000,0.000114089108282698
147240000,0.000113210118245367
147280000,0.000113401314990301
147320000,0.000113212934116844
147360000,0.000111471582869235
147400000,0.000113258310725566
147440000,0.000112540210150433
147480000,0.000113191040376532
147520000,0.000113543989767676
147560000,0.000113015972409154
147600000,0.000112931871643578
147640000,0.000113364717897221
147680000,0.000112964808772442
147720000,0.000114817105257832
147760000,0.000113749447169327
147800000,0.000112037722081042
147840000,0.00011118804749683
147880000,0.000113232677033613
147920000,0.000113052699059557
147960000,0.000112959387345856
1.48e+08,0.000111766720235961
148040000,0.000112807927832548
148080000,0.000111250188601885
148120000,0.000112916651329633
148160000,0.000112178901205315
148200000,0.000112664223406827
148240000,0.00011240955636117
148280000,0.00011074458664117
148320000,0.000113833162001307
148360000,0.000111579580669324
148400000,0.000114131104611751
148440000,0.000113845882417894
148480000,0.000111069420675849
148520000,0.000112382491958894
148560000,0.000111312946806317
148600000,0.000113708249716035
148640000,0.000114079768637039
148680000,0.000112398303038527
148720000,0.000111153913423828
148760000,0.000112450918929187
148800000,0.00011254181896279
148840000,0.000110585411492789
148880000,0.000112672511286943
148920000,0.000110636015758249
148960000,0.000114751772859131
1.49e+08,0.000113598473488166
149040000,0.000113248137369255
149080000,0.000112920396803011
149120000,0.000111086266560626
149160000,0.000115902667483944
149200000,0.000110568154166864
149240000,0.00011095531519703
149280000,0.000110836213091915
149320000,0.000114167523071447
149360000,0.00011425122645991
149400000,0.000112204065895305
149440000,0.000114295218336547
149480000,0.000110702658600513
149520000,0.000115494436472598
149560000,0.000113300841639246
149600000,0.000111731511029112
149640000,0.000114434566816101
149680000,0.000111168976185164
149720000,0.000111286317086342
149760000,0.000112085866086925
149800000,0.000112569398823397
149840000,0.000114911816410947
149880000,0.000112669430427894
149920000,0.000114474822752158
149960000,0.000114083600307685
1.5e+08,0.000112307167255379
150040000,0.000112228896442515
150080000,0.000112844930572102
150120000,0.00011234873623221
150160000,0.000114089310803776
150200000,0.000113837615164623
150240000,0.0001141857058811
150280000,0.000111372915376084
150320000,0.000110725238459863
150360000,0.000111456389020621
150400000,0.000113881168161564
150440000,0.0001115724756699
150480000,0.000111846292514586
150520000,0.000110843686592216
150560000,0.000113533953557098
150600000,0.000111982582120125
150640000,0.000112726055706232
150680000,0.000112009798817603
150720000,0.000111270915793734
150760000,0.000112340270431095
150800000,0.000113355124379548
150840000,0.00011298791303687
150880000,0.000112994739954943
150920000,0.000113360683463011
150960000,0.000111652385474317
1.51e+08,0.000110812962770522
151040000,0.000112679558214149
151080000,0.000112590462832654
151120000,0.000113621695809659
151160000,0.000112036316967492
151200000,0.000111833925627606
151240000,0.000112532324296965
151280000,0.000111495185356372
151320000,0.000113594537521356
151360000,0.00011264764919281
151400000,0.000116724015357477
151440000,0.000111697900989605
151480000,0.000113550276728652
151520000,0.000113346331582145
151560000,0.000112383811574503
151600000,0.000111250320968828
151640000,0.000113716911338355
151680000,0.000116140924308368
151720000,0.00011325252167659
151760000,0.00011176301310707
151800000,0.000110314880267132
151840000,0.00011151744488329
151880000,0.000112156358096493
151920000,0.000112813237633853
151960000,0.00011128112405356
1.52e+08,0.000110465619425794
152040000,0.000111361360308831
152080000,0.000110846107322428
152120000,0.000110664917528564
152160000,0.000113112119196149
152200000,0.000110532281444114
152240000,0.000112116117189026
152280000,0.000109757034112226
152320000,0.000109622566947798
152360000,0.000112776067487796
152400000,0.000113302172705377
152440000,0.000113439935589978
152480000,0.00011136717444196
152520000,0.000111418303620171
152560000,0.00011267585668022
152600000,0.000111417251606387
152640000,0.000112693647084325
152680000,0.000110374777980277
152720000,0.000112852705911857
152760000,0.000111432315305273
152800000,0.000112251522985035
152840000,0.000110474900644629
152880000,0.000110321218672965
152920000,0.000110907400355313
152960000,0.000112257948767413
1.53e+08,0.000112055081138448
153040000,0.000112151308079201
153080000,0.00011343133679183
153120000,0.000114272448752718
153160000,0.000112936641834797
153200000,0.000111691148339698
153240000,0.000110844641880913
153280000,0.000112797484732857
153320000,0.000111672191373615
153360000,0.000115145827048633
153400000,0.000113468737504538
153440000,0.000112833409001537
153480000,0.000111018577144088
153520000,0.000113872502775723
153560000,0.000114483331745245
153600000,0.00011204016670908
153640000,0.000111232229016744
153680000,0.000111131344951436
153720000,0.000113678561480661
153760000,0.000112465066258266
153800000,0.000112725934946906
153840000,0.00011261801990495
153880000,0.000111686823146206
153920000,0.000111925007643741
153960000,0.000111528785926783
1.54e+08,0.000112842521343981
154040000,0.000111636742983538
154080000,0.000111898484668533
154120000,0.000113132504274928
154160000,0.000113506095166447
154200000,0.000112605109994196
154240000,0.00011137084674886
154280000,0.000111426379113126
154320000,0.000112101843864711
154360000,0.000113597268333677
154400000,0.000113267791038877
154440000,0.000112575919080526
154480000,0.000113009813461131
154520000,0.000111249144360546
154560000,0.000112485443932496
154600000,0.000110400207942661
154640000,0.000111809723542741
154680000,0.000113511331117078
154720000,0.000111177058170913
154760000,0.000111204801839351
154800000,0.000111679958795457
154840000,0.00011315951589686
154880000,0.000112462049562496
154920000,0.000112247750741174
154960000,0.000109878133984132
1.55e+08,0.000111471297895086
155040000,0.000111625072443563
155080000,0.000112226069781984
155120000,0.000110512534832045
155160000,0.000112654333733084
155200000,0.000111325468664818
155240000,0.000109844637964228
155280000,0.000113438832246579
155320000,0.000112025280295149
155360000,0.000111978060797178
155400000,0.00010946430867105
155440000,0.000110691264225577
155480000,0.000110844904335194
155520000,0.000111708817204107
155560000,0.00011212817675595
155600000,0.000111061338712748
155640000,0.00011068044079223
155680000,0.000111622428017651
155720000,0.000112023008572915
155760000,0.000110591287173745
155800000,0.000112567878517854
155840000,0.000111882829816715
155880000,0.000111279124152141
155920000,0.000113167804649667
155960000,0.00011327661802357
1.56e+08,0.00011144934851536
156040000,0.000111323520623999
156080000,0.000110389195070013
156120000,0.000110289852299025
156160000,0.000111319546368819
156200000,0.000110003284205066
156240000,0.000112708436832979
156280000,0.000110325946467396
156320000,0.000108679931905072
156360000,0.000113424656231878
156400000,0.000111010042245461
156440000,0.000111221234174316
156480000,0.000111820900930874
156520000,0.000112255982049868
156560000,0.000109003603394608
156600000,0.000113691366383223
156640000,0.00011169460509751
156680000,0.000110122012834934
156720000,0.000110971010298698
156760000,0.000111328848070632
156800000,0.000111881795068673
156840000,0.00011028872839978
156880000,0.000109563173529534
156920000,0.000112206365753841
156960000,0.000110832258239196
1.57e+08,0.00011167906181283
157040000,0.000109276577946136
157080000,0.000112700852628114
157120000,0.000111310691122724
157160000,0.000112069203032582
157200000,0.000109291645088532
157240000,0.000112791038622095
157280000,0.000112063880554051
157320000,0.000112950948377583
157360000,0.000111679035652218
157400000,0.000112261829356943
157440000,0.000111585281980917
157480000,0.000110413047880703
157520000,0.000110783631245726
157560000,0.000109616261880572
157600000,0.000111685578209528
157640000,0.000109386090900105
157680000,0.000113064903093138
157720000,0.000108886971265381
157760000,0.000109966860780455
157800000,0.000111692333231115
157840000,0.000109708365747134
157880000,0.000109812202780503
157920000,0.000110975758824017
157960000,0.000111065194913369
1.58e+08,0.000109708832339947
158040000,0.000112314890459762
158080000,0.000112052452990814
158120000,0.000111421704572261
158160000,0.000111369338504351
158200000,0.000110737352307641
158240000,0.000109446455688098
158280000,0.000109432554514003
158320000,0.000111524195466066
158360000,0.000110092306214674
158400000,0.000112157487006739
158440000,0.000113739506049125
158480000,0.000110693638186483
158520000,0.000112601108223908
158560000,0.000109604075209626
158600000,0.000109439346973487
158640000,0.000111130421875604
158680000,0.000111444102368356
158720000,0.000110602415593875
158760000,0.000110555699513033
158800000,0.000109185098941156
158840000,0.000108732033007501
158880000,0.000109710806335658
158920000,0.0001111737290114
158960000,0.000111025755098409
1.59e+08,0.000110009729263429
159040000,0.000108929703650876
159080000,0.000113123742170248
159120000,0.000109151399398261
159160000,0.000112388315409218
159200000,0.000109013212316569
159240000,0.000110718364521037
159280000,0.00011064831631772
159320000,0.000109107859983895
159360000,0.0001104904207319
159400000,0.000109172526546241
159440000,0.000109676187359231
159480000,0.000113541876247532
159520000,0.000109424091593737
159560000,0.000108175999626731
159600000,0.000106098049923514
159640000,0.00010787601169928
159680000,0.000110995821306278
159720000,0.000109558557320669
159760000,0.000110848300205792
159800000,0.000110061492117767
159840000,0.00010774075829179
159880000,0.000109988304548309
159920000,0.000109709399876934
159960000,0.000109830957469737
1.6e+08,0.000110163251911148
160040000,0.000111412001873565
160080000,0.000109987743219795
160120000,0.000112397272125598
160160000,0.000108586865261762
160200000,0.000111108016826361
160240000,0.000112365621975775
160280000,0.00011007595943726
160320000,0.000107865467692049
160360000,0.000111628796473073
160400000,0.000111030242622141
160440000,0.000111576762109218
160480000,0.000108759592964406
160520000,0.000109699289188786
160560000,0.000110127858104764
160600000,0.000110541127822295
160640000,0.000111071435171602
160680000,0.00011031747897378
160720000,0.000108614074385073
160760000,0.000110524216578601
160800000,0.000111490787078303
160840000,0.000110987421941291
160880000,0.000110775685720872
160920000,0.000110639160914333
160960000,0.000109488081603699
1.61e+08,0.00011054697291703
161040000,0.000110268582551938
161080000,0.000107552514865689
161120000,0.000109864321082345
161160000,0.000110213810591297
161200000,0.000108322581220029
161240000,0.000109351275704838
161280000,0.000110178459639684
161320000,0.000109547907546369
161360000,0.00011019903426916
161400000,0.0001092194108194
161440000,0.000109084856592543
161480000,0.000109603270084974
161520000,0.000111203196066034
161560000,0.000108080933297385
161600000,0.000109646345287049
161640000,0.000110007319044897
161680000,0.000112724936108584
161720000,0.000109729692145796
161760000,0.000109334457854071
161800000,0.000110043613918956
161840000,0.000111583805920871
161880000,0.000109044242420535
161920000,0.00011183089115326
161960000,0.000108784876564703
1.62e+08,0.000110470019607825
162040000,0.000110408995608716
162080000,0.000109526273548625
162120000,0.000109796019600575
162160000,0.000107990138814761
162200000,0.000110311587957745
162240000,0.000110163225629259
162280000,0.000107693515837637
162320000,0.000110751594820026
162360000,0.000111201756678469
162400000,0.000108398578394434
162440000,0.000109429157911381
162480000,0.000107900320666443
162520000,0.000109627684355982
162560000,0.0001082755247256
162600000,0.000110645725966224
162640000,0.000110512981558681
162680000,0.000111857746165356
162720000,0.000108659779879876
162760000,0.000110631774834546
162800000,0.000109612706534091
162840000,0.000110343206532495
162880000,0.00010862429904416
162920000,0.000110786367324967
162960000,0.000108775533273382
1.63e+08,0.000109336770807161
163040000,0.000106711407345881
163080000,0.00010842794280397
163120000,0.000108516206341146
163160000,0.000108278733544836
163200000,0.000108121910953957
163240000,0.000108818563530555
163280000,0.000110309508244433
163320000,0.000109888329609787
163360000,0.000107204810990266
163400000,0.000108980917432739
163440000,0.000109038764919575
163480000,0.000110656407656609
163520000,0.000107382837167363
163560000,0.000106556423829771
163600000,0.000106481556698016
163640000,0.000110652635966117
163680000,0.000110144830335084
163720000,0.000109657073115658
163760000,0.000109262370744921
163800000,0.000110631727849944
163840000,0.000110653148295227
163880000,0.000108997390693573
163920000,0.000110877162072856
163960000,0.000105806258899959
1.64e+08,0.000109859303487119
164040000,0.000109035589715454
164080000,0.000108550913887619
164120000,0.000110193175863152
164160000,0.000111472580330357
164200000,0.00010914665793708
164240000,0.000109492764090926
164280000,0.000110989596797167
164320000,0.000109181377084226
164360000,0.00011204087664557
164400000,0.000108133892680464
164440000,0.000110928225855819
164480000,0.000109958358477099
164520000,0.000109593513873461
164560000,0.000108346230515291
164600000,0.000110154934019361
164640000,0.000111104085694664
164680000,0.00011121488906315
164720000,0.000109748930315353
164760000,0.000107962037508674
164800000,0.000110922528492551
164840000,0.000110121711852815
164880000,0.000109270164971319
164920000,0.000109016042975258
164960000,0.000107917936660324
1.65e+08,0.000109183094657276
165040000,0.00010990895275754
165080000,0.000111457198404523
165120000,0.000111624447932586
165160000,0.000110733737033341
165200000,0.000108768357888433
165240000,0.000108717892652246
165280000,0.000109697232966298
165320000,0.000110596014956623
165360000,0.000111515472797704
165400000,0.000108724117042836
165440000,0.000108356909395465
165480000,0.000108763026983563
165520000,0.000112278888668098
165560000,0.000109433264277533
165600000,0.000109987413639889
165640000,0.00010754385910287
165680000,0.000111489805886298
165720000,0.000108857473518816
165760000,0.000110554664564956
165800000,0.000111396780425734
165840000,0.000110572870414572
165880000,0.000107824740821187
165920000,0.000112284339174425
165960000,0.000110405359375258
1.66e+08,0.000109969795811421
166040000,0.000113202849863925
166080000,0.000106682719589512
166120000,0.0001086187217911
166160000,0.000106648590894972
166200000,0.000110784981228387
166240000,0.000109665295624886
166280000,0.000113723791838822
166320000,0.000109552165970344
166360000,0.000109640625193141
166400000,0.000111935720931373
166440000,0.000110319011235698
166480000,0.000111013119187392
166520000,0.000112020622344668
166560000,0.000110011371203986
166600000,0.000110060007843143
166640000,0.000112257311962931
166680000,0.000108342616625538
166720000,0.000110740013154211
166760000,0.000109837385033045
166800000,0.000107069386271838
166840000,0.000110561724585742
166880000,0.000111212080019974
166920000,0.000110721854676357
166960000,0.000111990718789283
1.67e+08,0.000110244408230291
167040000,0.000111121477487351
167080000,0.000114146795902476
167120000,0.000111766071177833
167160000,0.000110763328007679
167200000,0.000111102505933739
167240000,0.000110461270686457
167280000,0.000110654535341551
167320000,0.000110728864851124
167360000,0.000109508210536304
167400000,0.000107437497771966
167440000,0.000111284391073494
167480000,0.000110048677255103
167520000,0.000109797497669555
167560000,0.000109816822744418
167600000,0.000108423193823779
167640000,0.000110889171251591
167680000,0.000108816307030054
167720000,0.000111191497108268
167760000,0.00010997638103266
167800000,0.000108023348411866
167840000,0.000109768355176792
167880000,0.000110908062926059
167920000,0.00010900742567171
167960000,0.000110630745357385
1.68e+08,0.000111171981529593
168040000,0.000109533096997052
168080000,0.000110454863780693
168120000,0.000108406239436237
168160000,0.00011094794631251
168200000,0.000106139935210558
168240000,0.00011054716527785
168280000,0.00011039841084618
168320000,0.00011212466081563
168360000,0.000112893771806537
168400000,0.000111693750261509
168440000,0.000110068389354944
168480000,0.000108063258150936
168520000,0.000109377355797107
168560000,0.000108272953098894
168600000,0.000109382642526881
168640000,0.00010939308071031
168680000,0.000108410552022018
168720000,0.000110295516893096
168760000,0.000109389147801114
168800000,0.000109914471766988
168840000,0.000109270916164489
168880000,0.000107938205453036
168920000,0.000109043676836686
168960000,0.000109372326806884
1.69e+08,0.000106691140259501
169040000,0.00010864000184294
169080000,0.000106067864040651
169120000,0.000105688521566673
169160000,0.000111430286962749
169200000,0.000110247672875067
169240000,0.000110143022468086
169280000,0.000108839319071122
169320000,0.000107498256585497
169360000,0.000107839789895998
169400000,0.000109673558775886
169440000,0.000106788541998578
169480000,0.000108012825242281
169520000,0.00011035604609917
169560000,0.00010999331464367
169600000,0.000110839906445732
169640000,0.000108273539568458
169680000,0.000109090355529781
169720000,0.000109178514096094
169760000,0.000110297759038482
169800000,0.000109099721542073
169840000,0.000113393331058064
169880000,0.000107553130180853
169920000,0.000110380300272827
169960000,0.000110442763984489
1.7e+08,0.000108902807370949
170040000,0.000110091351436305
170080000,0.000114460126396399
170120000,0.000108698613039784
170160000,0.000110291553659673
170200000,0.000107416752960617
170240000,0.000109757959557895
170280000,0.000111253072548747
170320000,0.000108527973159593
170360000,0.000109412532310725
170400000,0.000105309398012876
170440000,0.000108007156251814
170480000,0.000109605394129769
170520000,0.000107867648234201
170560000,0.00010541918472689
170600000,0.000108605575709331
170640000,0.000108029313165249
170680000,0.000105604438969935
170720000,0.000111346467617739
170760000,0.000108253364908893
170800000,0.000111179581688338
170840000,0.000109373040068465
170880000,0.000107155566521956
170920000,0.000107908103712598
170960000,0.000109819418176973
1.71e+08,0.000108645007519935
171040000,0.000109534222485802
171080000,0.000109031625519402
171120000,0.000111326309092654
171160000,0.000109797029443093
171200000,0.000111583538893532
171240000,0.000108878654775012
171280000,0.000110030689191673
171320000,0.000110486429454888
171360000,0.000108363871945543
171400000,0.000107793771026881
171440000,0.000108472437300477
171480000,0.00010822688785918
171520000,0.000109564142652639
171560000,0.000109884207035917
171600000,0.000109307060755026
171640000,0.000111688120870385
171680000,0.000110113395430109
171720000,0.000109543935397067
171760000,0.00011002146239776
171800000,0.000107566028133012
171840000,0.00010944325700286
171880000,0.000109071691805828
171920000,0.000107668331769043
171960000,0.000110898961895752
1.72e+08,0.000109921509900678
172040000,0.00011163115426329
172080000,0.000106673246668443
172120000,0.000105791390355739
172160000,0.000107974824496423
172200000,0.000110457894546802
172240000,0.000109526179664732
172280000,0.000111328528160043
172320000,0.000109362052821518
172360000,0.000109748799945705
172400000,0.000111853595337448
172440000,0.000110985569820447
172480000,0.000108180572042163
172520000,0.000112823714536452
172560000,0.000111138283426422
172600000,0.000109171594404395
172640000,0.000110329094582205
172680000,0.000112760441669456
172720000,0.000107205531570726
172760000,0.000111519426775394
172800000,0.000108965580412969
172840000,0.000108338013982184
172880000,0.000108413435591637
172920000,0.000108929640856274
172960000,0.000107715521646754
1.73e+08,0.000108150342743841
173040000,0.000110654704362816
173080000,0.000109209663355671
173120000,0.000108925470067503
173160000,0.000108670518830783
173200000,0.000111269358955724
173240000,0.000108220258108607
173280000,0.000109477288463779
173320000,0.000105745437067938
173360000,0.000111435247592777
173400000,0.000110196530035629
173440000,0.000107886235348434
173480000,0.000108146619602877
173520000,0.000107208699777621
173560000,0.00010882050053193
173600000,0.000109567144150384
173640000,0.000108531246087998
173680000,0.000109623531044297
173720000,0.00010968839102139
173760000,0.00010924114558527
173800000,0.000109859623874413
173840000,0.000108005108039211
173880000,0.000107787762282283
173920000,0.000108454860803024
173960000,0.000110519572602359
1.74e+08,0.0001104564217108
174040000,0.000109288522308602
174080000,0.00010909669300792
174120000,0.000108863383136095
174160000,0.000107342725876839
174200000,0.000110424279788776
174240000,0.000108728050422287
174280000,0.000109528798762214
174320000,0.00010995548734397
174360000,0.000108845680565757
174400000,0.000108534531576897
174440000,0.000109783320489859
174480000,0.000112035593431301
174520000,0.000108314905923905
174560000,0.000108339500188699
174600000,0.000110414855309842
174640000,0.000107537371005812
174680000,0.000110031003833394
174720000,0.00011037219754227
174760000,0.000108812020611132
174800000,0.00010683182844355
174840000,0.00010955719952196
174880000,0.000108054659819404
174920000,0.000111747264940436
174960000,0.000107722131858839
1.75e+08,0.000110555148162567
175040000,0.000108894425548818
175080000,0.000108872458487677
175120000,0.000112410419106106
175160000,0.000105265145706825
175200000,0.000113247915789795
175240000,0.000109218875386585
175280000,0.000108816880783103
175320000,0.000110700470906972
175360000,0.000109157158752693
175400000,0.000110059803017034
175440000,0.00010653571774092
175480000,0.000110461324707144
175520000,0.000107431496427253
175560000,0.000109010710852566
175600000,0.0001103103448835
175640000,0.000108868381239801
175680000,0.000108222277313236
175720000,0.000109703366285949
175760000,0.000109404052256859
175800000,0.0001064180530718
175840000,0.000106725117482547
175880000,0.000107784956159106
175920000,0.000108795478131911
175960000,0.000109827425448176
1.76e+08,0.000108539285780607
176040000,0.000109062810401887
176080000,0.000110427485320086
176120000,0.000110243241620022
176160000,0.000108353333819598
176200000,0.000107410848714676
176240000,0.000111980954884286
176280000,0.00010729876860296
176320000,0.000107211394877704
176360000,0.000108897844124808
176400000,0.000108211995138636
176440000,0.000109672596471804
176480000,0.000108102861778937
176520000,0.00010705327091267
176560000,0.00010826781281349
176600000,0.000108274662525163
176640000,0.000109331916550784
176680000,0.000108846019448238
176720000,0.000108108148795917
176760000,0.000108699048595965
176800000,0.000109370155523205
176840000,0.000106713855553861
176880000,0.000106345841237831
176920000,0.000107614928542344
176960000,0.000109994538877988
1.77e+08,0.000108409645742372
177040000,0.000109476291141878
177080000,0.000110613344929234
177120000,0.000111747006928947
177160000,0.000107113031773144
177200000,0.000110887020131992
177240000,0.000108172315352173
177280000,0.000111156740202919
177320000,0.000108268674902694
177360000,0.000108185072052287
177400000,0.000106806686058824
177440000,0.000107546174550259
177480000,0.000110013056622861
177520000,0.000107746244903857
177560000,0.000108996965348688
177600000,0.000109359671140894
177640000,0.000110390735614195
177680000,0.000109707180194787
177720000,0.000109651782339471
177760000,0.000110880814067
177800000,0.000105644031800627
177840000,0.000107296057679422
177880000,0.000107651632432205
177920000,0.000109905964526822
177960000,0.000108671732614376
1.78e+08,0.000107531153203624
178040000,0.000108322776854273
178080000,0.000109178002298659
178120000,0.000107424294237718
178160000,0.000109191378237731
178200000,0.000108674029958923
178240000,0.000109954480329043
178280000,0.000106660193857931
178320000,0.000107702067565575
178360000,0.000108094638797807
178400000,0.000108260010359118
178440000,0.000110247424623417
178480000,0.000108735667760067
178520000,0.000110394717535226
178560000,0.000108939073187676
178600000,0.000107629952867172
178640000,0.000109620154497352
178680000,0.000108619858214543
178720000,0.000109942074207253
178760000,0.000107932749268625
178800000,0.000107532216324815
178840000,0.000108045726377989
178880000,0.000107409026736507
178920000,0.000107396984847552
178960000,0.000105368689033087
1.79e+08,0.00010714808129744
179040000,0.000105840671873649
179080000,0.000110260799660405
179120000,0.000110047221578012
179160000,0.00010897095154995
179200000,0.00010835550662094
179240000,0.000107366530336848
179280000,0.000107953122655878
179320000,0.000110810663672613
179360000,0.000108736917043043
179400000,0.000108221395774721
179440000,0.000111351602387342
179480000,0.0001055617699103
179520000,0.000108527703836896
179560000,0.000108269295766964
179600000,0.000107266698810841
179640000,0.00010707661192579
179680000,0.000110325544356185
179720000,0.000109279911509178
179760000,0.000109945871486711
179800000,0.000106014751870052
179840000,0.000107273422857345
179880000,0.000107726337827672
179920000,0.000111781888773007
179960000,0.000112452224006278
1.8e+08,0.000107916029211294
180040000,0.000104777142104848
180080000,0.000107935279883292
180120000,0.000108959452054425
180160000,0.000107708278677077
180200000,0.000105136999887779
180240000,0.000105508106175922
180280000,0.000110040339686013
180320000,0.000111239259151713
180360000,0.000107265730107021
180400000,0.000106520894476718
180440000,0.000107168998982631
180480000,0.000106561365085234
180520000,0.000105462312555047
180560000,0.000108822839392123
180600000,0.000104772555133853
180640000,0.000108160089215598
180680000,0.000106543709497619
180720000,0.000105560047582593
180760000,0.000105220868638836
180800000,0.000105305121619428
180840000,0.000105864188977904
180880000,0.000105673027953337
180920000,0.000109169668257525
180960000,0.000103677357878748
1.81e+08,0.00010725387752781
181040000,0.000107016791248033
181080000,0.000105320995563224
181120000,0.000106602124853074
181160000,0.000108318531231572
181200000,0.000107324830816547
181240000,0.000107653081671968
181280000,0.000107418643310974
181320000,0.000105392068586029
181360000,0.000107859148812434
181400000,0.000107776077761335
181440000,0.000105141982935139
181480000,0.000108008743636653
181520000,0.000107806444805515
181560000,0.000103109926686308
181600000,0.00010632132754437
181640000,0.000104115058227335
181680000,0.00010942717391327
181720000,0.000106406420469546
181760000,0.000105114358363614
181800000,0.000105061889029589
181840000,0.000103687039096686
181880000,0.000104667947686615
181920000,0.00010558314414368
181960000,0.000108043196999458
1.82e+08,0.000104527457299979
182040000,0.000104762667521921
182080000,0.000103667814499195
182120000,0.000103392624757338
182160000,0.000106227789480001
182200000,0.000103889029810524
182240000,0.000107348461718637
182280000,0.000104458920189027
182320000,0.000106721938768838
182360000,0.000103889839972531
182400000,0.000104325455574811
182440000,0.000108432793919128
182480000,0.000102817934828914
182520000,0.000103147146286744
182560000,0.000105493205926621
182600000,0.000104287535877842
182640000,0.00010596616599518
182680000,0.000104527287624976
182720000,0.00010381692316604
182760000,0.000104332630841585
182800000,0.000104543312641332
182840000,0.000102790560323499
182880000,0.000106725786906507
182920000,0.00010624782434505
182960000,0.000106489626668945
1.83e+08,0.000105571767329901
183040000,0.000101783514397526
183080000,0.000104418916806726
183120000,0.00010588281183706
183160000,0.000108166733777036
183200000,0.000108081485245945
183240000,0.000103418269711752
183280000,0.000104507715754692
183320000,0.000108363718465534
183360000,0.000107744209474436
183400000,0.000105939383576844
183440000,0.000101081732063567
183480000,0.000104385313734113
183520000,0.000104495405173632
183560000,0.000108961294037788
183600000,0.000106036511679168
183640000,0.000107218147843825
183680000,0.000102558889937615
183720000,0.000103910557701744
183760000,0.000107642697603012
183800000,0.000104753409287927
183840000,0.000103776747506601
183880000,0.000107723523893532
183920000,0.000104566728188602
183960000,0.000106622383664526
1.84e+08,0.000106863752381799
184040000,0.000108277773066429
184080000,0.00010667763028591
184120000,0.000106474376820325
184160000,0.00010894760984269
184200000,0.000104274629462991
184240000,0.000105438949408906
184280000,0.000106489109173474
184320000,0.00010530407016523
184360000,0.000105835832339668
184400000,0.000107226008452532
184440000,0.00010489120225371
184480000,0.000107433876508981
184520000,0.000107534009582367
184560000,0.000107903734354064
184600000,0.00010629057573082
184640000,0.00010531427367776
184680000,0.000105735670304537
184720000,0.000108731186764318
184760000,0.000104739524852729
184800000,0.000106051718125942
184840000,0.000107010215822343
184880000,0.000106924370611185
184920000,0.000103929286544135
184960000,0.000108374667667651
1.85e+08,0.000104015010309928
185040000,0.000106112826905076
185080000,0.000105609068418291
185120000,0.000106044803229338
185160000,0.000106957614268182
185200000,0.000105581423864566
185240000,0.000104914017548647
185280000,0.000105057115334138
185320000,0.000107822465353069
185360000,0.000106512384191813
185400000,0.000105274566354941
185440000,0.000106416070208229
185480000,0.000108522504368736
185520000,0.000103653940124507
185560000,0.000107102712008553
185600000,0.000107302793791576
185640000,0.000106304802281292
185680000,0.000104494389147721
185720000,0.000108543944998624
185760000,0.000105645928495704
185800000,0.000105975213569904
185840000,0.000106808206683856
185880000,0.000104740211813959
185920000,0.000105505501461712
185960000,0.000105925326612501
1.86e+08,0.000105499260884574
186040000,0.000105836999388462
186080000,0.00010641744278794
186120000,0.000104521957546376
186160000,0.000102702109659722
186200000,0.000109114188477508
186240000,0.000105375463514481
186280000,0.00010738451587891
186320000,0.000104889568214901
186360000,0.000104319610913683
186400000,0.000105130808303798
186440000,0.000107011834440791
186480000,0.00010578856702586
186520000,0.000105370050364955
186560000,0.000104390643805176
186600000,0.000104036964303653
186640000,0.000104391260669954
186680000,0.000104726008790262
186720000,0.00010598478707248
186760000,0.000105441785661979
186800000,0.0001101831736785
186840000,0.000103955025066346
186880000,0.000104509791173992
186920000,0.000104096803991787
186960000,0.000104676902874424
1.87e+08,0.00010953661853912
187040000,0.000103711824996457
187080000,0.000104151157506114
187120000,0.000104798609235617
187160000,0.000105813872130915
187200000,0.00010407027707563
187240000,0.000101766625133255
187280000,0.000106188436494453
187320000,0.000108369520659851
187360000,0.000102886802947004
187400000,0.000106709162111601
187440000,0.000107292699307443
187480000,0.000104693187047902
187520000,0.000104855801139486
187560000,0.000109086734147949
187600000,0.000105897473188381
187640000,0.000104283143052034
187680000,0.000105565245422872
187720000,0.000108256171502333
187760000,0.000106143007705471
187800000,0.000104109375506971
187840000,0.000105103824260584
187880000,0.00010416525855699
187920000,0.000104871844329508
187960000,0.000102898660239781
1.88e+08,0.00010507282060919
188040000,0.000107668601019485
188080000,0.000105182496350202
188120000,0.000105953420181278
188160000,0.000106611782046653
188200000,0.000106331562400539
188240000,0.000107925242745575
188280000,0.000104672142828903
188320000,0.000103702321597894
188360000,0.000100728822829946
188400000,0.000103692316004465
188440000,0.000106461643986242
188480000,0.000107717599196202
188520000,0.000104379197870001
188560000,0.000103148936987389
188600000,0.000108660466484084
188640000,0.000104982497401992
188680000,0.000106775881876239
188720000,0.000102509709008507
188760000,0.000106011986411048
188800000,0.000106408475638245
188840000,0.000104087714196481
188880000,0.000104149935474193
188920000,0.00010222710684426
188960000,0.000107771574423462
1.89e+08,0.000101936813689732
189040000,0.000106041936047654
189080000,0.000106348058598124
189120000,0.000104921382650524
189160000,0.000105193748892697
189200000,0.000106305004679327
189240000,0.000105033753918756
189280000,0.000101755234778559
189320000,0.00010134739302971
189360000,0.000104586736303644
189400000,0.000105761341605458
189440000,0.000105044964494808
189480000,0.000105181609996179
189520000,0.000110234237527812
189560000,0.000104074748515939
189600000,0.000104434878675342
189640000,0.000105973639450951
189680000,0.000105159207507028
189720000,0.000105164629988321
189760000,0.00010547409150984
189800000,0.000102473832064164
189840000,0.000108214522526929
189880000,0.000107689665209537
189920000,0.000105722212494342
189960000,0.00010333572801424
1.9e+08,0.000106370091575329
190040000,0.000105165710136492
190080000,0.000107128373203046
190120000,0.000112673470760931
190160000,0.000104207116714428
190200000,0.00010618028606442
190240000,0.000104961213767733
190280000,0.000108130200483276
190320000,0.000107922225782917
190360000,0.000104509186576032
190400000,0.000107018792539218
190440000,0.00010740021770006
190480000,0.000103245015873971
190520000,0.000107263688682998
190560000,0.000109691972803511
190600000,0.000106525732138626
190640000,0.00010574128652604
190680000,0.000107463476306168
190720000,0.000106252818442849
190760000,0.000105601830045247
190800000,0.000107156340429105
190840000,0.000106883730754078
190880000,0.000103253453229978
190920000,0.000103769000552655
190960000,0.000124399896437237
1.91e+08,0.000170435005076458
191040000,0.000105712142974831
191080000,0.000104991339192613
191120000,0.000106201407114033
191160000,0.000107602557811476
191200000,0.000104370290133799
191240000,0.000106909034162923
191280000,0.000103116106492433
191320000,0.000102041032408103
191360000,0.000106240214717699
191400000,0.000105029762398931
191440000,0.00010558261837236
191480000,0.000104326521927477
191520000,0.000102368789651512
191560000,0.000103046393468431
191600000,0.00010445779113091
191640000,0.000106811092407196
191680000,0.000107826615534932
191720000,0.000107660498133717
191760000,0.000100941655593036
191800000,0.000105719226984665
191840000,0.000103220414173187
191880000,0.000106109569083912
191920000,0.000103031035328303
191960000,0.000101912660774719
1.92e+08,0.000100636077640265
192040000,0.000104959259461046
192080000,0.000107720230796627
192120000,0.000107560149757014
192160000,0.000105860400980893
192200000,0.000102721933689166
192240000,0.000105616815143675
192280000,0.000104535446004556
192320000,0.000107237031952838
192360000,0.000105694489661043
192400000,0.000104294074084927
192440000,0.000104660699854339
192480000,0.000107173285967442
192520000,0.000105128875187498
192560000,0.000104326912810018
192600000,0.000101366101878339
192640000,0.000107330058291061
192680000,0.000102703991462472
192720000,0.000101900717693866
192760000,0.000100753533242544
192800000,0.000102770285781736
192840000,0.000102013633172907
192880000,9.98200782774961e-05
192920000,0.000102915549663758
192960000,0.000104449514432258
1.93e+08,0.000104168576767687
193040000,0.000103508537260158
193080000,0.000105137939713316
193120000,0.000100854375773636
193160000,0.000102804029548258
193200000,0.00010305039532452
193240000,0.000104966416693109
193280000,0.000101073746838487
193320000,0.000106976214086949
193360000,0.000101928070491509
193400000,0.000102097661422903
193440000,0.000103824459722912
193480000,0.000103004301954995
193520000,0.000101407970177974
193560000,0.000101284100147001
193600000,0.000101425180511551
193640000,0.000102240964921314
193680000,0.000102585401573448
193720000,0.000102326732588548
193760000,0.00010056913305632
193800000,0.00010007303251606
193840000,0.000101484186442998
193880000,0.000101811503778851
193920000,0.000102671427582359
193960000,0.000103661645498465
1.94e+08,0.000104814792890025
194040000,0.000108199339870492
194080000,0.000103277513688047
194120000,0.000103745979413084
194160000,0.000104490050702653
194200000,0.000106142783390033
194240000,0.000103153255578948
194280000,0.000109119993154661
194320000,0.000103254620872529
194360000,0.000101276246470198
194400000,0.000109151760166246
194440000,0.000103003045612623
194480000,0.00010149784886703
194520000,0.000104240288423356
194560000,0.000105736714266866
194600000,0.000103547383450642
194640000,0.000105047877024377
194680000,0.000100652195577453
194720000,0.000100596879854525
194760000,0.000104618297366549
194800000,0.000102583630448915
194840000,0.000103337700923404
194880000,0.000104498268410876
194920000,0.000101138201048311
194960000,0.000101724212852461
1.95e+08,9.88977998313586e-05
195040000,0.000103505728887471
195080000,0.000101543316583554
195120000,0.000106265893204741
195160000,0.000103365877679582
195200000,0.000103629787734692
195240000,0.000105423614769979
195280000,0.000103774123128958
195320000,0.000106046486300535
195360000,0.000103784600249908
195400000,9.89427492767067e-05
195440000,9.85964830440505e-05
195480000,0.000100895611875507
195520000,0.000101399842370863
195560000,0.000102197293242993
195600000,0.000104455275773762
195640000,0.000103619421569434
195680000,9.99290823525713e-05
195720000,0.000100339365129212
195760000,0.000103369257180263
195800000,0.000102389273974413
195840000,0.000102871511439914
195880000,9.82903467462211e-05
195920000,0.00010327375175971
195960000,0.000102806795999217
1.96e+08,0.000102931408783909
196040000,0.000100897633081942
196080000,0.000101313127918212
196120000,9.97931223506881e-05
196160000,0.00010475767387857
196200000,0.000103404094061851
196240000,9.93679235010861e-05
196280000,0.000102206931797945
196320000,0.000103075601441995
196360000,0.000100309958298213
196400000,0.000105532242373209
196440000,0.000104181697889111
196480000,0.000102744219367792
196520000,0.000102150942752948
196560000,0.000103728717175492
196600000,0.000105722285111675
196640000,9.93098519550846e-05
196680000,0.000106561668954425
196720000,9.93135707594483e-05
196760000,9.9077880009105e-05
196800000,0.000103156628171107
196840000,0.000101297232419896
196880000,9.90114238887637e-05
196920000,0.000102082058035288
196960000,0.000101996665301812
1.97e+08,0.000102393753331162
197040000,0.000101445356316255
197080000,0.000104360309717085
197120000,0.00010475237996227
197160000,0.000106002622399914
197200000,0.000101783150778059
197240000,9.88588225340572e-05
197280000,0.000103440931991477
197320000,0.000104139275440145
197360000,0.000105804937480608
197400000,0.00010209953059892
197440000,9.82555929372385e-05
197480000,0.000102446846319198
197520000,0.000103277104311225
197560000,0.00010525444536818
197600000,0.000103639442287303
197640000,0.000104030555782423
197680000,0.000100449970195717
197720000,0.000106621719714808
197760000,0.000106005263994685
197800000,0.000102294146516299
197840000,9.93397106096698e-05
197880000,0.000101372644857207
197920000,0.000106526744894666
197960000,0.000106614140884681
1.98e+08,0.000105299414424584
198040000,0.000100116262348959
198080000,0.000101544004120338
198120000,0.000103284015663073
198160000,0.000107647663170472
198200000,9.73361923688837e-05
198240000,0.000104625868922155
198280000,0.000104027285957794
198320000,0.00010950011451823
198360000,0.000103604009856055
198400000,0.000106460126908645
198440000,0.00010259278865634
198480000,0.000103250269772438
198520000,0.000106842192417996
198560000,9.90008536708104e-05
198600000,0.000103847085818297
198640000,0.000102254228137449
198680000,0.000100336398738212
198720000,0.000101899783331901
198760000,0.000103652312123681
198800000,0.000104128613460072
198840000,0.000108613673209093
198880000,0.000102681946708722
198920000,0.000102667594823166
198960000,0.000105583737411436
1.99e+08,0.00010417421553774
199040000,0.000105781237331743
199080000,0.000106795593666023
199120000,0.000105022609415541
199160000,9.95624765201552e-05
199200000,0.000102405565785362
199240000,0.000102689854661245
199280000,0.000102466743049115
199320000,0.000103405896880994
199360000,0.000103267775299335
199400000,0.000103837186895162
199440000,0.000108403249042496
199480000,0.000103294181413669
199520000,0.000105423540904066
199560000,0.000105677076111873
199600000,0.000100274518313523
199640000,0.000105120027310651
199680000,0.000103940188723925
199720000,0.000105436728709819
199760000,0.000101254860154633
199800000,0.000102278446747796
199840000,0.000107228418518968
199880000,0.000103752914461166
199920000,0.0001025932136413
199960000,0.000103336853399257
2e+08,0.000103522788701179
200040000,0.000104342098668112
200080000,0.000104365328794102
200120000,0.000105193387957074
200160000,0.000101093413948805
200200000,0.000101670227056191
200240000,0.000103102228691108
200280000,0.000106907586601116
200320000,0.000105283098016358
200360000,0.000104945846497171
200400000,0.000110148526167497
200440000,0.000102350365595584
200480000,0.000105044749926387
200520000,0.000105994004263047
200560000,0.000109078421950821
200600000,0.000105609933202453
200640000,0.000103568987202383
200680000,0.000101990372913507
200720000,0.000100062525810083
200760000,0.000105094025041193
200800000,0.000100417246042335
200840000,0.000104527249687145
200880000,0.000100308703655221
200920000,0.000103059895265205
200960000,0.000107091970592534
2.01e+08,0.000105530967825709
201040000,0.00010268825217038
201080000,0.000106794185916933
201120000,0.000103166652928144
201160000,0.00010452986280586
201200000,0.000104973796550022
201240000,0.000104797375830342
201280000,0.000103277497377743
201320000,0.000104839244468358
201360000,0.000104769924345773
201400000,9.90041707925788e-05
201440000,0.000105853926088872
201480000,0.00010284470311798
201520000,0.000103025863219618
201560000,0.00010277132620135
201600000,0.000108528131922006
201640000,0.000104748478343925
201680000,0.00010250288916656
201720000,0.000101267752943918
201760000,0.000103776979995526
201800000,9.85971730776879e-05
201840000,0.000101934418236686
201880000,0.000106799349987497
201920000,0.000105390288862408
201960000,0.000110809360475821
2.02e+08,0.000102645169603133
202040000,0.000101516108701348
202080000,0.00010266013073672
202120000,0.000102486407428917
202160000,0.000102970058737879
202200000,0.000102578042908269
202240000,0.000101152953289718
202280000,0.000105739196429195
202320000,0.000107014395925116
202360000,0.00010438929537448
202400000,0.000100466740465683
202440000,0.000100846906520021
202480000,0.000106762884731547
202520000,0.000102185806685135
202560000,0.000100762237098304
202600000,0.000105612995000142
202640000,0.000105664878513711
202680000,0.000103272041496659
202720000,0.000102029413982214
202760000,0.000103918386457372
202800000,0.000106615204481568
202840000,0.000102725818636443
202880000,0.000106422489222058
202920000,0.000102873715147188
202960000,0.000101625420831627
2.03e+08,0.000100605032154094
203040000,9.94895153771286e-05
203080000,0.000104686323012925
203120000,0.000102160907765846
203160000,0.000102600684275494
203200000,0.000103011663463566
203240000,0.000100394067069937
203280000,0.000103128884536908
203320000,0.000104149570648939
203360000,9.92935928783194e-05
203400000,0.00010397898074801
203440000,0.000104537567988103
203480000,0.000104160297922757
203520000,0.00010466108715681
203560000,0.000102579671164124
203600000,0.000103365523340512
203640000,0.000105685838151697
203680000,0.000101556335913407
203720000,0.00010204841799694
203760000,0.000106844574193547
203800000,0.000102296113773592
203840000,0.000100175214289058
203880000,0.000103032783237159
203920000,0.000103299752332861
203960000,0.000106632414925931
2.04e+08,0.000104631832202246
204040000,0.000101766663874839
204080000,9.97470957350511e-05
204120000,0.000110756988166864
204160000,0.000106387957848012
204200000,0.000101886754737724
204240000,9.9562327184107e-05
204280000,0.000101538306800673
204320000,0.000103041428728186
204360000,0.000105248514526235
204400000,0.000104578327099449
204440000,0.000104865203553399
204480000,0.000106480952043267
204520000,0.000102601225832762
204560000,0.000107876666309685
204600000,0.000104164751809169
204640000,0.000106549805034782
204680000,0.0001026165876032
204720000,0.000104367096123458
204760000,0.000105332267210411
204800000,0.000108027895050537
204840000,0.000102191715044213
204880000,0.000105261356910498
204920000,0.000103411585159135
204960000,0.000106431270094225
2.05e+08,0.000112156562939025
205040000,0.000104828746908448
205080000,0.000106819463298725
205120000,0.000102964971268301
205160000,0.000105113634535635
205200000,0.000104219316124493
205240000,0.000103267979181807
205280000,0.000106277227018904
205320000,0.000106208519547047
205360000,0.00010785167034708
205400000,0.000104638708185241
205440000,0.000101329723599517
205480000,0.000102243165924682
205520000,0.000104763403346303
205560000,0.000105446864491212
205600000,0.000105675482411702
205640000,0.000103429913340873
205680000,0.000105837859358097
205720000,0.000106626451152492
205760000,0.000107176676028915
205800000,0.00010390963284814
205840000,0.000108887558360431
205880000,0.000105164630956377
205920000,0.000108549118292513
205960000,0.000106364296333168
2.06e+08,0.00010659897577075
206040000,0.000104098436616872
206080000,0.000103090972311996
206120000,0.000106311806649986
206160000,0.000106748076748131
206200000,0.000104967199722711
206240000,0.000107135639307961
206280000,0.000104601783144619
206320000,0.000109102040482586
206360000,0.000109610134920303
206400000,0.000104737894977087
206440000,0.000105183973641836
206480000,0.000108060966386678
206520000,0.000104532685128972
206560000,0.000102630208792851
206600000,0.000105088601750416
206640000,0.000105952169702432
206680000,0.000102426239697456
206720000,0.000106444276907696
206760000,0.000110499706700353
206800000,0.00010737554636168
206840000,0.000111223826428763
206880000,0.000113053147967085
206920000,0.000107370569634929
206960000,0.000104924305577151
2.07e+08,0.000103593059898056
207040000,0.000109456465749182
207080000,0.000109540395677552
207120000,0.000107390539167394
207160000,0.000106712173970453
207200000,0.000106365433477402
207240000,0.000106989459986944
207280000,0.000106502657990596
207320000,0.000110006098014841
207360000,0.000104099401659613
207400000,0.00010426449126019
207440000,0.000109016257739152
207480000,0.000106220660476515
207520000,0.000105003621901148
207560000,0.000108609309727922
207600000,0.000105100270159323
207640000,0.000110828258836942
207680000,0.000104981797012213
207720000,0.000104936930450699
207760000,0.000108617974990097
207800000,0.0001044422919808
207840000,0.000107577115923489
207880000,0.000104287967761866
207920000,0.000102902463466598
207960000,0.000106659098802979
2.08e+08,0.000106436625776874
208040000,0.000106677311696931
208080000,0.00010258291940793
208120000,0.000102016431102909
208160000,0.000104335261863987
208200000,0.000107733969287116
208240000,0.000109513957014391
208280000,0.000107804639337431
208320000,0.000104246304061271
208360000,0.000108644112757168
208400000,0.000105775505654575
208440000,0.000104330843429499
208480000,0.000106198769511255
208520000,0.000107805344997607
208560000,0.000100946415617802
208600000,0.000106492139149785
208640000,0.000105317012083253
208680000,0.000105074267241639
208720000,0.000103119636649207
208760000,0.00010798406319109
208800000,0.000102865908831552
208840000,0.000105309416369216
208880000,0.000103414832291744
208920000,0.000104998089684449
208960000,0.000108214142316803
2.09e+08,0.000102792227935215
209040000,0.000105841632144511
209080000,0.000106759005921518
209120000,0.000101854512958732
209160000,0.000104354560098298
209200000,0.000109404603401347
209240000,0.000107989816944831
209280000,0.000104121988130141
209320000,0.000106830447902674
209360000,0.000110095157661288
209400000,0.000106438801309517
209440000,0.000107939970783311
209480000,0.000108149604313773
209520000,0.000104196782138902
209560000,0.000105196880225021
209600000,0.000106208615416207
209640000,0.000108187558522508
209680000,0.00011406249453511
209720000,9.97272079703651e-05
209760000,0.000104839173883493
209800000,0.00011155265544482
209840000,0.000106570575841855
209880000,0.000108294801272157
209920000,0.00010586206974655
209960000,0.00010393390327835
2.1e+08,0.000103726314681495
210040000,0.000105293311863685
210080000,0.000108220635488109
210120000,0.000101050654276105
210160000,0.000106179518841695
210200000,0.000103296454784111
210240000,0.000106802603951459
210280000,0.000103736043011492
210320000,0.000103874787307693
210360000,0.000106921304268779
210400000,0.00010814178835273
210440000,0.000104076490792982
210480000,0.000106080817107409
210520000,0.000104804496084522
210560000,0.000108000501666477
210600000,0.000104350050184079
210640000,0.000103367941783546
210680000,0.000107944992331656
210720000,0.000101380106375512
210760000,0.000105471676592635
210800000,0.000105232860081253
210840000,0.000102461242378815
210880000,0.000109503854687391
210920000,0.00010474004936543
210960000,0.000101170556205371
2.11e+08,0.00011008368372926
211040000,0.00010373308603326
211080000,0.000102774983192277
211120000,0.000104912485396481
211160000,0.000107987554997348
211200000,0.000107157711942299
211240000,0.000109521338802327
211280000,0.000110107752473194
211320000,0.000104889201069173
211360000,0.00010447516309991
211400000,0.000111209800071742
211440000,0.000104030791608161
211480000,0.00010328556325861
211520000,0.000102138132416483
211560000,0.000104734270865727
211600000,0.000107331225470678
211640000,0.000103726384461744
211680000,0.000109837343523335
211720000,9.93267111334666e-05
211760000,0.000108994168543748
211800000,0.000103619011231295
211840000,0.000106469321402402
211880000,0.000108059942290612
211920000,0.000102101976659667
211960000,0.00010862441932504
2.12e+08,0.000104310934061579
212040000,0.000106326767152835
212080000,0.000104665534842851
212120000,0.000104865826664324
212160000,0.000109279441850322
212200000,0.00010935819997888
212240000,0.00010555533160141
212280000,0.000107031948448731
212320000,0.000110953480330799
212360000,0.000103280807971618
212400000,0.000105349568406965
212440000,0.000108189918630338
212480000,0.000107900988928602
212520000,0.00010299143736026
212560000,0.000107748862595615
212600000,0.000104116872932886
212640000,0.000101097052204263
212680000,0.000103153352459615
212720000,0.000103352753896353
212760000,0.000106174602857755
212800000,0.000105492008074155
212840000,0.000105725926651186
212880000,0.000107498928311676
212920000,0.000108958212345269
212960000,0.000107583501977983
2.13e+08,0.000108131117959775
213040000,0.000108316653852434
213080000,0.000105966684047096
213120000,0.00010724111535817
213160000,0.000101907665316118
213200000,0.000111494123233393
213240000,0.000103891720683743
213280000,0.000109910552482142
213320000,0.000107087581537917
213360000,0.000103874838884796
213400000,0.000105651809906641
213440000,0.000107041069758337
213480000,0.000104388804367141
213520000,0.000104524471762718
213560000,0.000109996152317122
213600000,0.000101863515610864
213640000,0.000102226332996098
213680000,0.000103324680616933
213720000,0.000104590294193179
213760000,0.000106806423168728
213800000,0.000103945808308061
213840000,0.000109630606691467
213880000,0.00010449735689149
213920000,0.000110487421357098
213960000,0.000107122365612136
2.14e+08,0.000106165064566349
214040000,0.000102281510444522
214080000,0.00010647525623962
214120000,0.000105693972253397
214160000,0.000106963449460734
214200000,0.000111491969384127
214240000,0.000109884352401628
214280000,0.000110549107277845
214320000,0.000112965671710763
214360000,0.000101471545151464
214400000,0.000107173875464968
214440000,0.000104389816027327
214480000,0.000105021238865958
214520000,0.000106964551658272
214560000,0.000105812094712983
214600000,0.000105164033662853
214640000,0.000104253544995005
214680000,0.000102959559119498
214720000,0.000108776026258557
214760000,0.000109121370727819
214800000,0.000108111345739039
214840000,0.000103790562551415
214880000,0.000107458368948732
214920000,0.000102082141202169
214960000,0.00010895204275402
2.15e+08,0.000105499859869557
215040000,0.00010173401004921
215080000,0.000102031735230111
215120000,0.000108976764620768
215160000,0.000105517638946536
215200000,0.0001091122057553
215240000,0.000107496479535993
215280000,0.000111046607017989
215320000,0.000103839676329329
215360000,0.000104709909972628
215400000,0.000103973850637166
215440000,0.000106818977219226
215480000,0.000107849835262525
215520000,0.000114788502269959
215560000,0.000102816061766683
215600000,0.000108577473326159
215640000,0.000102786110702
215680000,0.000113317725614973
215720000,0.000103078267774613
215760000,0.000107980689306241
215800000,0.000103864226550329
215840000,0.000107648731020545
215880000,0.000106612756447218
215920000,0.000108779484432605
215960000,0.000111746229946849
2.16e+08,0.000103942855614881
216040000,0.000104954844914142
216080000,0.000112457569223197
216120000,0.000111904932650826
216160000,0.000110071163926095
216200000,0.00010440005815151
216240000,0.000117819406275525
216280000,0.000107197633132878
216320000,0.000112961745476605
216360000,0.000105728753285868
216400000,0.000111396183784878
216440000,0.000108580047232937
216480000,0.000110533935472978
216520000,0.000100576557266808
216560000,0.000111036259805995
216600000,0.000109005593296673
216640000,0.000105468101814631
216680000,0.000103776443515984
216720000,0.00011052843819207
216760000,0.000105226071604257
216800000,0.000107961559354254
216840000,0.000111826471112476
216880000,0.000107080571208136
216920000,0.000109908167641741
216960000,0.00010792932054673
2.17e+08,0.000101921252572451
217040000,0.000112051378749326
217080000,0.000112019254099547
217120000,0.000110671541383291
217160000,0.000105547755194123
217200000,0.000109830140543912
217240000,0.000110089911260212
217280000,0.000105809442516039
217320000,0.000110793176472139
217360000,0.000107796887388703
217400000,0.000115251968862079
217440000,0.000104358138195731
217480000,0.000119859872905589
217520000,0.000113613781232775
217560000,0.000115592891137923
217600000,0.000110397658907437
217640000,0.000124060653062578
217680000,0.000124751194997452
217720000,0.0001254710944406
217760000,0.000114755238675963
217800000,0.000154458339522167
217840000,0.000262606497504144
217880000,0.000166179256402974
217920000,0.000137683023660454
217960000,0.000137608824247816
2.18e+08,0.000138674124560279
218040000,0.000130353365969719
218080000,0.000113399995874923
218120000,0.000108048654827935
218160000,0.000113285256649895
218200000,0.000111478427800025
218240000,0.000105533577924078
218280000,0.000107166806373104
218320000,0.000106446123307025
218360000,0.000107219527385505
218400000,0.000106426253624319
218440000,0.000101977972030151
218480000,0.000111933479105874
218520000,0.000109731561350033
218560000,0.000107333053200815
218600000,0.000107418332746199
218640000,0.000106749859859456
218680000,0.000112721416055583
218720000,0.000103403743251889
218760000,0.000101692705173198
218800000,0.00010693331891381
218840000,0.000103283933979113
218880000,0.000101836567392304
218920000,0.000104172357924435
218960000,0.000105290729496803
2.19e+08,0.000104659709079664
219040000,0.000104824044868986
219080000,0.000104100975559295
219120000,0.000104829170873072
219160000,0.000103696799964678
219200000,0.000103986711892279
219240000,0.000100470160948201
219280000,0.00010519346763567
219320000,0.000109136137968804
219360000,0.00011160521254007
219400000,9.95499382301847e-05
219440000,0.000103407946231249
219480000,0.000105132849353011
219520000,0.000108197023422248
219560000,0.000104405263806621
219600000,0.000106786251304375
219640000,0.000106706501687743
219680000,0.000107450718450662
219720000,0.000105040545858924
219760000,0.000105880004646773
219800000,0.000110123368388495
219840000,0.000106447576418122
219880000,0.000104501572434413
219920000,0.000104689227359579
219960000,0.000104220313548544
2.2e+08,0.000104328980306022
220040000,0.000104551522677823
220080000,0.000107152095297401
220120000,0.000102952489685413
220160000,0.000108783726723567
220200000,0.000106333794106999
220240000,0.0001103654549565
220280000,0.000106196959124892
220320000,0.000106661817338899
220360000,0.000101011349368491
220400000,0.000105276686970581
220440000,0.000102881573464158
220480000,0.000103064518972282
220520000,0.00010395697612179
220560000,0.000107828745335224
220600000,0.000101904194102577
220640000,0.000103996553209012
220680000,0.000108539048782728
220720000,0.000111413661470613
220760000,9.71884838752044e-05
220800000,0.00010609152352045
220840000,0.000113752254931857
220880000,0.000110123341092003
220920000,0.000105947519569819
220960000,0.000107435091765351
2.21e+08,0.000106748555251826
221040000,0.000105473172561621
221080000,0.000105219708229027
221120000,0.000108819709416949
221160000,0.000108680740194486
221200000,0.000104686474506352
221240000,0.000101098699250106
221280000,0.000102976908738041
221320000,0.000105323829415662
221360000,0.000100586714952217
221400000,0.000101838641617403
221440000,0.000103288205347738
221480000,0.000110253076911841
221520000,0.000107169370963032
221560000,0.000104715956381205
221600000,0.000105267722446517
221640000,0.000106287210731297
221680000,0.000111271971156976
221720000,0.00010756030779231
221760000,0.000104236728255196
221800000,0.000105810242240256
221840000,0.000107541680141252
221880000,0.000105149965220638
221920000,0.000100655461318189
221960000,0.00010592727422524
2.22e+08,0.000107260473624875
222040000,0.000105821229237978
222080000,0.000108220743592288
222120000,0.00010303040871779
222160000,0.000101058169942971
222200000,0.000103714191502044
222240000,0.000104170842633949
222280000,0.000104881673157862
222320000,0.000110158909256837
222360000,0.000109562676027027
222400000,0.000110673161216978
222440000,0.000101292431733757
222480000,0.000105720676576972
222520000,0.00011405768068263
222560000,0.000103211485428857
222600000,0.000105570040181823
222640000,0.000100517879152531
222680000,0.000110979992015177
222720000,0.000100974039921132
222760000,0.000104623406849159
222800000,0.00010855356320345
222840000,0.000110378176124097
222880000,0.000106130554976941
222920000,0.000105364963471052
222960000,0.000103318715293494
2.23e+08,0.000106022630690015
223040000,0.000110787175870622
223080000,0.000110412613320892
223120000,0.000106612866768184
223160000,0.000110465945280224
223200000,0.000114213673030285
223240000,0.000109830379285421
223280000,0.00010734741224906
223320000,0.000107352527266762
223360000,0.000117116014970228
223400000,0.00011831850679352
223440000,0.000124936480811202
223480000,0.00014784781237017
223520000,0.000126968231846789
223560000,0.000108119626993605
223600000,0.000108652773540669
223640000,0.000109834467139987
223680000,0.000108687439790549
223720000,0.000113116618291622
223760000,0.000108792326788379
223800000,0.000107821122310885
223840000,0.000106473171663472
223880000,0.00010743408282448
223920000,0.000106224165321842
223960000,0.000107678049145165
2.24e+08,0.000106554047946229
224040000,0.00010594149647452
224080000,0.000107410790607764
224120000,0.000108052016681674
224160000,0.000106689867154832
224200000,0.00010744898739651
224240000,0.000103083622123285
224280000,0.000105823691643032
224320000,0.000107803249448324
224360000,0.000112437917243865
224400000,0.000103944861825575
224440000,0.000112581868491654
224480000,0.0001109586929685
224520000,0.000111713166211944
224560000,0.000105185490887339
224600000,0.000105311672925049
224640000,0.000108704021505419
224680000,0.000105389926804979
224720000,0.000109048437091886
224760000,0.000105732538549252
224800000,0.000108478526874757
224840000,0.000107539192899405
224880000,0.00011077899892489
224920000,0.000100033497740833
224960000,0.000107141245565733
2.25e+08,0.000111115008449033
225040000,0.000109492645899102
225080000,0.000114674052928106
225120000,0.000106410853885208
225160000,0.000105669476694589
225200000,9.91704382855415e-05
225240000,0.000114129137978994
225280000,0.000112317294756024
225320000,0.000106523282401077
225360000,0.000106430435154368
225400000,0.000105886119042244
225440000,0.000107240724817247
225480000,0.000105235900905007
225520000,0.000106107154191954
225560000,0.000109394511330701
225600000,0.000103365979157286
225640000,0.000110933885046321
225680000,0.000113268957755223
225720000,0.000102852635397763
225760000,0.000101537690050782
225800000,0.000105576204736762
225840000,0.000105036868076302
225880000,0.000101871798730388
225920000,0.000110259469707465
225960000,0.000111659907564728
2.26e+08,0.000104213938709949
226040000,0.000103047146372229
226080000,0.000110421374028875
226120000,0.00010977751574267
226160000,0.000107003367272361
226200000,0.000101718127078804
226240000,0.000104130810725502
226280000,0.000104020989702393
226320000,0.000107799625058171
226360000,0.000116212751745427
226400000,0.000103615029353221
226440000,0.000102782036663311
226480000,0.000108270232988712
226520000,0.000109015030269734
226560000,0.000108261695867117
226600000,0.000110872873807056
226640000,0.000109362876290576
226680000,0.000109139164002629
226720000,0.000116087786839471
226760000,0.000107830878982099
226800000,0.000101596535216005
226840000,0.000101292526259724
226880000,0.000109919897903946
226920000,0.000103089250858697
226960000,0.00010660859170764
2.27e+08,0.000107264118661687
227040000,0.00011218630930137
227080000,0.00011270563442353
227120000,0.000104382727955055
227160000,0.000107285524488381
227200000,0.000103967235421323
227240000,0.000111345950940911
227280000,0.000102835169940655
227320000,0.000116520031800858
227360000,0.000108301454477437
227400000,0.000113405224153475
227440000,0.000106130537546829
227480000,0.000104286166117494
227520000,0.00010625931953934
227560000,0.000110562889835646
227600000,0.000107231700007041
227640000,0.000109209478674167
227680000,0.000108859887787535
227720000,0.000105383648298494
227760000,0.00010636312841595
227800000,0.000110680022842047
227840000,0.00010445501083514
227880000,0.000111041541513843
227920000,0.000110358341381414
227960000,0.000111737510131533
2.28e+08,0.000113359496090716
228040000,0.000106454375098551
228080000,0.000117591076435062
228120000,0.000104129000803011
228160000,0.000112575760520429
228200000,0.000119102745205653
228240000,0.00010755636318634
228280000,0.000109140505446224
228320000,0.000107003015928606
228360000,0.000110218865395341
228400000,0.000106648889321479
228440000,0.000101350267357841
228480000,0.000109395419806967
228520000,0.000104040229520558
228560000,0.000115593885268397
228600000,0.000115692538368117
228640000,0.000105006726682095
228680000,0.000105495511766567
228720000,0.000113488068033861
228760000,0.000108829873892557
228800000,0.000111266473019879
228840000,0.000112307763951424
228880000,0.0001164991036728
228920000,0.000113078510955333
228960000,0.000105502954363874
2.29e+08,0.000110770697419727
229040000,0.000109522535901292
229080000,0.00010919991943761
229120000,0.000112523051881011
229160000,0.000101098051741978
229200000,0.000102608788109809
229240000,0.000109278168462059
229280000,0.000109396764852187
229320000,0.000114027795221704
229360000,0.00010933228613529
229400000,0.000106171057468699
229440000,0.000109995277734534
229480000,0.000100607897928482
229520000,0.000111024798116954
229560000,0.000107645106785069
229600000,0.000114949743239999
229640000,0.000109709333752093
229680000,0.000104145103182415
229720000,0.000107894468915398
229760000,0.000110239506358242
229800000,0.000112899118899965
229840000,0.000105853852460573
229880000,0.000106584869121015
229920000,0.000107662626057143
229960000,0.000108644562504087
2.3e+08,0.00010916445142771
230040000,0.000116247914186278
230080000,0.000110194211841099
230120000,0.00010851186502768
230160000,0.000107850650480742
230200000,0.000108420452019336
230240000,0.000110948821135562
230280000,0.000120648922919104
230320000,0.00012584748778356
230360000,0.000109117920304707
230400000,0.000109436857822276
230440000,0.000111508017096713
230480000,0.000112394036423122
230520000,0.000118832778050654
230560000,0.000114232755887382
230600000,0.000114889364305168
230640000,0.000109819090116925
230680000,0.000106571544474501
230720000,0.000109427777651633
230760000,0.000102445463037581
230800000,0.000114889088090831
230840000,0.000122081834889461
230880000,0.000108042910375083
230920000,0.000105024916682218
230960000,0.000113428649653278
2.31e+08,0.000110554592469507
231040000,0.000113504845420718
231080000,0.000109150522768808
231120000,0.000110394662177793
231160000,0.000109011251652566
231200000,0.000115309444709155
231240000,0.000112578249780489
231280000,0.000110968624350049
231320000,0.000114915449131727
231360000,0.00011255390548941
231400000,0.000112651292649974
231440000,0.000123074575625352
231480000,0.000112832937153888
231520000,0.000109027417690941
231560000,0.000103352646137429
231600000,0.000111271987267001
231640000,0.000116017020191807
231680000,0.000107275139985318
231720000,0.00011471040991399
231760000,0.000115612175757543
231800000,0.000103189633270207
231840000,0.000113379377469145
231880000,0.000108548811643627
231920000,0.000118850585705661
231960000,0.000114427364040987
2.32e+08,0.000118235981436078
232040000,0.000112753283032617
232080000,0.000111502566994424
232120000,0.00011058271238459
232160000,0.0001187811007742
232200000,0.000108021511553972
232240000,0.0001173085223099
232280000,0.000111030795466775
232320000,0.000120446916927479
232360000,0.000124945287995509
232400000,0.000113739853733668
232440000,0.000109597336148343
232480000,0.000105543004933586
232520000,0.000115229140245981
232560000,0.000108468699222616
232600000,0.000110467111275082
232640000,0.000124003195734378
232680000,0.000118549305981993
232720000,0.000114425122257812
232760000,0.000113340869782566
232800000,0.000116900948492845
232840000,0.000116286300150521
232880000,0.000117705699138534
232920000,0.000116643625980856
232960000,0.000108908847703465
2.33e+08,0.000117713228020546
233040000,0.000109727054075902
233080000,0.000116550470883331
233120000,0.000110945011234787
233160000,0.000117189893346513
233200000,0.000114504464766026
233240000,0.00011251679760504
233280000,0.000106062199529291
233320000,0.000132840964883859
233360000,0.000112480237557531
233400000,0.000117103002928164
233440000,0.000108498210627101
233480000,0.000109157952896293
233520000,0.00010534894448443
233560000,0.000106861987385406
233600000,0.000107073246020462
233640000,0.000115179595381758
233680000,0.000109221731882004
233720000,0.00011623785102703
233760000,0.000110811750410943
233800000,0.00011951550626606
233840000,0.000120906398245696
233880000,0.000128480030313985
233920000,0.000122326364638758
233960000,0.000107298353968059
2.34e+08,0.000124798745760344
234040000,0.000114517056216575
234080000,0.000116390460658567
234120000,0.000118424625548358
234160000,0.000124097867790553
234200000,0.000123121752378392
234240000,0.000113001030124632
234280000,0.000123842595526091
234320000,0.000111516079799416
234360000,0.000122166352301692
234400000,0.000114919662651324
234440000,0.000113618697459934
234480000,0.000112817485062781
234520000,0.000119543269990983
234560000,0.000114901229131011
234600000,0.000120686730358212
234640000,0.000113529371307986
234680000,0.000123246092831705
234720000,0.000120115700117321
234760000,0.000112843896791692
234800000,0.000117114564648058
234840000,0.000108834378513779
234880000,0.00011944333718777
234920000,0.000128469390454205
234960000,0.000125070363516452
2.35e+08,0.000120765802018189
235040000,0.000114759124317549
235080000,0.000109653039188303
235120000,0.00012383030273997
235160000,0.00013296937321508
235200000,0.000123948966581095
235240000,0.0001154784073703
235280000,0.000118807907059912
235320000,0.000135592081201554
235360000,0.000123317631132248
235400000,0.00011961163086725
235440000,0.000108749765994106
235480000,0.000123628721700312
235520000,0.000110549318029225
235560000,0.000136332440619259
235600000,0.00012497161665895
235640000,0.000115068173437642
235680000,0.000121392489778832
235720000,0.000120738524601325
235760000,0.000131616508959305
235800000,0.000127838427927278
235840000,0.000118574550595936
235880000,0.000113324952330542
235920000,0.000120432289878937
235960000,0.000118207265538286
2.36e+08,0.000120008152988524
236040000,0.000124174995091995
236080000,0.000111297968555324
236120000,0.00012266098303797
236160000,0.000115016623496313
236200000,0.000121628186203576
236240000,0.000147498499775283
236280000,0.000124460135821696
236320000,0.000109508886901369
236360000,0.000122252761711922
236400000,0.000119726702432021
236440000,0.0001227034883796
236480000,0.000117257367309212
236520000,0.000119046595898376
236560000,0.000119259855420147
236600000,0.000120204765009642
236640000,0.000121241561317172
236680000,0.00012652870183826
236720000,0.000128547955822939
236760000,0.000117366896498356
236800000,0.000110848649327963
236840000,0.000119364110993566
236880000,0.000116600915709088
236920000,0.000119449055520307
236960000,0.00011588649378721
2.37e+08,0.000116563368702105
237040000,0.000112929553393273
237080000,0.000114959185207406
237120000,0.000132348291951482
237160000,0.000114120128663975
237200000,0.000114623873539315
237240000,0.000112490227243053
237280000,0.000136906178671889
237320000,0.000120291550261513
237360000,0.000120234437933063
237400000,0.000111617844310332
237440000,0.00012898309434604
237480000,0.000126502752804315
237520000,0.000127811232969429
237560000,0.000111008442475113
237600000,0.000114623100932598
237640000,0.000107317339402151
237680000,0.000125587174524918
237720000,0.000135834990730805
237760000,0.000119713387267324
237800000,0.000135866635791841
237840000,0.000135501484090057
237880000,0.000117619115453851
237920000,0.000122666543842772
237960000,0.000128870715342819
2.38e+08,0.000117406125766918
238040000,0.000107522522151339
238080000,0.000113715355237134
238120000,0.000117323958195716
238160000,0.000117352979703228
238200000,0.000130531383947311
238240000,0.000116332882463391
238280000,0.000121168649489065
238320000,0.000116858499174187
238360000,0.000126432836959904
238400000,0.000116384182472462
238440000,0.000129902842040348
238480000,0.000108571369444269
238520000,0.000132950523830715
238560000,0.000122455181555261
238600000,0.000118667200087076
238640000,0.000113293342457434
238680000,0.000125955320090048
238720000,0.000124011450086648
238760000,0.000115131452114445
238800000,0.000124341892741319
238840000,0.00011198942683234
238880000,0.000125347720662646
238920000,0.000110603199231453
238960000,0.000117817884508126
2.39e+08,0.000123144775438413
239040000,0.000122681799398993
239080000,0.000116092947811844
239120000,0.000118823519662629
239160000,0.000125527271816606
239200000,0.000125180657697169
239240000,0.000119993327111558
239280000,0.000126453465086607
239320000,0.000133729764963933
239360000,0.000133363614961324
239400000,0.000141134443437753
239440000,0.00012953224369956
239480000,0.000125476874628125
239520000,0.000144527351226341
239560000,0.00013632694908053
239600000,0.000130294223291809
239640000,0.000137341271373193
239680000,0.000128777179002922
239720000,0.000132641859393044
239760000,0.000121731847628335
239800000,0.000126621877642557
239840000,0.000120679884537372
239880000,0.000112323379095178
239920000,0.000133815962977477
239960000,0.00012383916415365
2.4e+08,0.000129099139317666
240040000,0.000119112278298817
240080000,0.000134633721302913
240120000,0.000126977655247401
240160000,0.000138623228798946
240200000,0.000119327429270643
240240000,0.000123596169506215
240280000,0.000141717043486624
240320000,0.000141426895649504
240360000,0.000119517884233641
240400000,0.000115894919787361
240440000,0.000146934608046228
240480000,0.000125165587052482
240520000,0.000121438517014038
240560000,0.000118652840961329
240600000,0.000129016308679156
240640000,0.000141844392190194
240680000,0.000120179940323551
240720000,0.000119745334424059
240760000,0.000139268137358505
240800000,0.000125863718426255
240840000,0.000129271440884256
240880000,0.000129361166151374
240920000,0.000115362031495786
240960000,0.000135816216759045
2.41e+08,0.000139734440833927
241040000,0.000115786367503234
241080000,0.000135394407417367
241120000,0.000136020505378442
241160000,0.000121206974602822
241200000,0.000131019755124018
241240000,0.000133371610316297
241280000,0.000140703878045136
241320000,0.000131593325634747
241360000,0.000131874905126497
241400000,0.000148217971923202
241440000,0.00015824505814611
241480000,0.000164805274553252
241520000,0.000129026236293127
241560000,0.000125616963812321
241600000,0.000121408483369448
241640000,0.000144875346129257
241680000,0.000123204742314831
241720000,0.000116207955112533
241760000,0.000124782456365448
241800000,0.000123152923340713
241840000,0.000147900982517666
241880000,0.000133889594548045
241920000,0.000145601953980605
241960000,0.000129446159692129
2.42e+08,0.000157324978928917
242040000,0.000116991861951785
242080000,0.000129830550689985
242120000,0.000154822952059491
242160000,0.000140110629754316
242200000,0.000140546342378619
242240000,0.000182429878692984
242280000,0.000145112613517547
242320000,0.000164357440223287
242360000,0.000126584129165084
242400000,0.0001310952339914
242440000,0.000159257296968054
242480000,0.000138375248198068
242520000,0.000152299453909922
242560000,0.000175000321144175
242600000,0.000172376765455936
242640000,0.000136600317758425
242680000,0.000169680475943078
242720000,0.00014333511534281
242760000,0.000220115014447289
242800000,0.000139688958573034
242840000,0.000162145697015296
242880000,0.000162398313339517
242920000,0.000220007283069347
242960000,0.00015415084916506
2.43e+08,0.000195695262133923
243040000,0.000181459020493184
243080000,0.000135928369828181
243120000,0.000125448791057686
243160000,0.000150867081952777
243200000,0.000157600101656681
243240000,0.000141160399990943
243280000,0.000151809230879139
243320000,0.000151140292349443
243360000,0.000129682638643353
243400000,0.000132628044519656
243440000,0.000157843338533972
243480000,0.00021520865770194
243520000,0.000125963351681489
243560000,0.000173649309060482
243600000,0.000144020952327689
243640000,0.000122847914404951
243680000,0.000157737258621485
243720000,0.000181906575920664
243760000,0.000133226199541803
243800000,0.000127854881861517
243840000,0.00013005083486607
243880000,0.000151281027229256
243920000,0.000135368781139403
243960000,0.000131138479021911
2.44e+08,0.000134028262380699
244040000,0.000144021983209569
244080000,0.00021098725621241
244120000,0.000117990518173847
244160000,0.000166287231956976
244200000,0.000162300835873182
244240000,0.000131247081344477
244280000,0.000115199756913464
244320000,0.00018872529179895
244360000,0.000143124293868749
244400000,0.000143559912907199
244440000,0.000158043397725033
244480000,0.000135939786922397
244520000,0.000149459194157934
244560000,0.000126345834244108
244600000,0.000190360658666852
244640000,0.000191546373433077
244680000,0.000163432191402016
244720000,0.000117579077284314
244760000,0.000131834638199195
244800000,0.000180536755557015
244840000,0.000115504000597756
244880000,0.000131960611345802
244920000,0.000189048394326975
244960000,0.000129065187958983
2.45e+08,0.000218403965061102
245040000,0.000107464654943644
245080000,0.000177470939468796
245120000,0.000159107126659551
245160000,0.000130531549017625
245200000,0.00022754995900825
245240000,0.000186177371573727
245280000,0.000145623008894493
245320000,0.000206984758310881
245360000,0.000114238714628667
245400000,0.000142915993071151
245440000,0.000129916210979746
245480000,0.000134874379848392
245520000,0.000229266272702657
245560000,0.00012442182453614
245600000,0.000137259466801181
245640000,0.000141099077688206
245680000,0.000123498362405337
245720000,0.000232394919338813
245760000,0.000152884904422205
245800000,0.000147944410750893
245840000,0.000143046850678511
245880000,0.000151368307529862
245920000,0.000128776714394055
245960000,0.00025480383884333
246040000,0.000127962678053026
246080000,0.000192244407515171
246120000,0.000160124490056244
246160000,0.000165122194266589
246200000,0.000240531200085371
246240000,0.000163287763921883
246280000,0.000161092584109697
246320000,0.000204283109760118
246360000,0.000128777251814759
246400000,0.000128082314836173
246480000,0.000174162430258353
246640000,0.000134928135787702
246680000,0.000163738947672567
246720000,0.000195767392660461
246800000,0.000354337176628804
246840000,0.000170486888711381
246880000,0.000198376890896659
246920000,0.000343560261917526
246960000,8.52842969972619e-05
2.47e+08,0.00017510518752604
247120000,0.000122717434646898
247160000,0.000170815842190617
247200000,0.000238804727406045
247240000,0.000129426629386577
247280000,0.000198939206314446
247320000,0.000176165015826417
247400000,0.000122152050730253
247440000,0.000117463800543329
247480000,0.00014346365944072
247560000,0.000138336145841047
247600000,0.000474196972031597
247680000,0.000108545338634562
247720000,0.000134815173422974
247760000,0.000221489188352043
247800000,0.000286168515519849
247840000,0.000478298046759141
247880000,0.000181843038924542
247920000,0.000125194025275794
247960000,0.000122163076522759
248120000,0.000125536969029483
248160000,0.00014274016982022
248200000,0.000326229484386146
248240000,0.000156796651036613
248280000,0.000196549729848037
248360000,0.000143615316096127
248400000,0.000143899906363065
248440000,0.000338076750441906
248520000,0.000762656355986767
