distance,mean_norm_contact
0,0.200981777810629
40000,0.0335349342610276
80000,0.0145241976378283
120000,0.0103765441659931
160000,0.00818767796234476
2e+05,0.00678072109369382
240000,0.00577917544039381
280000,0.00502219656705008
320000,0.00442690294466922
360000,0.00394094576314397
4e+05,0.00354552350950182
440000,0.00320672810793086
480000,0.00293222883181202
520000,0.0026947124093092
560000,0.00248591037259897
6e+05,0.002306065971639
640000,0.0021494864038902
680000,0.00200362116906419
720000,0.00187781948060047
760000,0.00176520960234284
8e+05,0.00167125056617529
840000,0.00157595789970093
880000,0.00149072998316348
920000,0.0014175361173449
960000,0.00134636911693445
1e+06,0.00129314603645892
1040000,0.001229677658272
1080000,0.00116939536110822
1120000,0.00112205422307411
1160000,0.00107818329218013
1200000,0.00103572494532083
1240000,0.000999349515835752
1280000,0.000958263155222632
1320000,0.000925679008546297
1360000,0.000892104580427943
1400000,0.00086757532767185
1440000,0.000834920018753482
1480000,0.000811942993114042
1520000,0.00078528618255272
1560000,0.000760707072559718
1600000,0.000740313753755358
1640000,0.000717472409382066
1680000,0.000697556928310476
1720000,0.000677213676003933
1760000,0.000667017765391824
1800000,0.000650512230769731
1840000,0.000630784269193926
1880000,0.000617743031789436
1920000,0.000606002130473391
1960000,0.000592765730199909
2e+06,0.000581019210960045
2040000,0.000566475805803625
2080000,0.000552965866738157
2120000,0.000543462895485153
2160000,0.000530413369881559
2200000,0.000522798308134607
2240000,0.000509448979429812
2280000,0.000503529241579639
2320000,0.000494627742709854
2360000,0.000486268515147122
2400000,0.000478286179407391
2440000,0.000468516090700054
2480000,0.000464522777749263
2520000,0.000456119878077437
2560000,0.000449168088292182
2600000,0.000443826523579888
2640000,0.000435607844106518
2680000,0.000430120706609837
2720000,0.00042445688975372
2760000,0.000419124470449152
2800000,0.000418010829640352
2840000,0.00040919806810324
2880000,0.000404610779175507
2920000,0.000402908483211076
2960000,0.000397079358577429
3e+06,0.000391886617807316
3040000,0.00038839923229597
3080000,0.000385979966975844
3120000,0.000380394926905175
3160000,0.000377431658286029
3200000,0.000375736917959282
3240000,0.000374783123685554
3280000,0.00036340453993468
3320000,0.000360359526552664
3360000,0.000359066768161598
3400000,0.000354513234800269
3440000,0.000351755533182727
3480000,0.000347694140109165
3520000,0.000346066793470554
3560000,0.000342831299540958
3600000,0.000338748788559158
3640000,0.000338479472730057
3680000,0.000334104273040494
3720000,0.000332293858361239
3760000,0.000329262002927937
3800000,0.000325060545441267
3840000,0.000323662798556105
3880000,0.000320635665639618
3920000,0.000320026315262282
3960000,0.000317858145156286
4e+06,0.000316100611478606
4040000,0.000313935770706848
4080000,0.000313002059550384
4120000,0.00030789997026186
4160000,0.00030974367191762
4200000,0.000305633175237782
4240000,0.000303927851857256
4280000,0.000301871778989506
4320000,0.000301366347294407
4360000,0.000300189847621698
4400000,0.000297782906756987
4440000,0.000296058655987283
4480000,0.000294950007162497
4520000,0.000292556180201415
4560000,0.000290042027150061
4600000,0.000288777609240046
4640000,0.000288649315894581
4680000,0.000284249876184267
4720000,0.000284518505034507
4760000,0.000280310411217042
4800000,0.000281144169735003
4840000,0.000279182591018927
4880000,0.000278804084945071
4920000,0.000278086541277659
4960000,0.000275860659276587
5e+06,0.000274317400245126
5040000,0.000273202269380944
5080000,0.000272839346745345
5120000,0.000270296154227909
5160000,0.000269719811878214
5200000,0.000266890076588337
5240000,0.000267230764029865
5280000,0.000268120521852483
5320000,0.000265739708682449
5360000,0.000263520639623047
5400000,0.000262033977762002
5440000,0.000262465372142824
5480000,0.000261532093864903
5520000,0.000261973919161191
5560000,0.000261522748448013
5600000,0.000260283682621328
5640000,0.000257455373618606
5680000,0.000256995249566175
5720000,0.000253976591696466
5760000,0.000255864701229126
5800000,0.000254980188469132
5840000,0.000256561109577707
5880000,0.000254366445245731
5920000,0.00025449174661111
5960000,0.000251487830205228
6e+06,0.000249704670282539
6040000,0.000250201285376926
6080000,0.000249755329718142
6120000,0.000248857286161301
6160000,0.000249385896491473
6200000,0.00024688829306217
6240000,0.000245787534122546
6280000,0.000246645965155651
6320000,0.000246114212129423
6360000,0.000245175887404497
6400000,0.000244004942391242
6440000,0.00024234045010135
6480000,0.000242250809593539
6520000,0.000240226968282068
6560000,0.000240320975450868
6600000,0.000239385950294122
6640000,0.000241108117290996
6680000,0.000238689909522106
6720000,0.000238530166940822
6760000,0.000238021722785835
6800000,0.000236831696316148
6840000,0.000235904293636686
6880000,0.00023695923894704
6920000,0.000235039392649114
6960000,0.00023463666769843
7e+06,0.000234376590351847
7040000,0.000233416103961353
7080000,0.000233977909162098
7120000,0.000232910026616218
7160000,0.000232530615178157
7200000,0.000231500416515893
7240000,0.000231079955189877
7280000,0.000232267958180108
7320000,0.000230068626456019
7360000,0.0002289421839773
7400000,0.000229156122673787
7440000,0.000228708632924008
7480000,0.000229412171903944
7520000,0.000233007287969846
7560000,0.000227195102038392
7600000,0.000227945679631489
7640000,0.00022704954826197
7680000,0.000227434002016762
7720000,0.000226839026935675
7760000,0.00022700670276286
7800000,0.000226606778747362
7840000,0.000225081219044007
7880000,0.00022472366705554
7920000,0.000223444906145901
7960000,0.000225176660758837
8e+06,0.000223957244471076
8040000,0.000224015621365257
8080000,0.000223294223915819
8120000,0.000223687635158677
8160000,0.000222672106806856
8200000,0.000222337799175814
8240000,0.000220988988199312
8280000,0.000220715570175245
8320000,0.000220593872745617
8360000,0.000219874773711004
8400000,0.000221634230119493
8440000,0.000219911508163624
8480000,0.000219707254827753
8520000,0.000218353933292659
8560000,0.00021897517671994
8600000,0.000217757169899488
8640000,0.000217708302383395
8680000,0.000217451942087093
8720000,0.000216382037052915
8760000,0.000217888821036258
8800000,0.000216435430193364
8840000,0.000216276395861358
8880000,0.000215097577107533
8920000,0.000215664867001741
8960000,0.00021551099724912
9e+06,0.000216092599154456
9040000,0.000214589877716124
9080000,0.000214567950224864
9120000,0.000215564421620538
9160000,0.000214332551231207
9200000,0.000214625519568486
9240000,0.000212771463160423
9280000,0.000213978284488327
9320000,0.000212665502709159
9360000,0.000212515690619441
9400000,0.000212691076040165
9440000,0.000212065559393399
9480000,0.000211427826584956
9520000,0.000211270974584743
9560000,0.000211074044520641
9600000,0.000212370707700581
9640000,0.00021100268118972
9680000,0.000209912886149688
9720000,0.000211663231031353
9760000,0.00021036334294882
9800000,0.000210544684976509
9840000,0.000210780430761375
9880000,0.000209402335735691
9920000,0.0002106798274942
9960000,0.000208994996129949
1e+07,0.000206278567193215
10040000,0.000208956058541619
10080000,0.000208403117989588
10120000,0.000208288646168098
10160000,0.000208354485895492
10200000,0.000208027702641358
10240000,0.000206452378267857
10280000,0.000207579733723889
10320000,0.000207112782525579
10360000,0.000207435707854086
10400000,0.00020662264235334
10440000,0.000207594040573791
10480000,0.000206296424279301
10520000,0.000206589522787002
10560000,0.000206976695236185
10600000,0.000207136444118833
10640000,0.000206720214988951
10680000,0.000205501688636866
10720000,0.000205362316640508
10760000,0.000206006366294588
10800000,0.000204613600434377
10840000,0.000205042383321754
10880000,0.000206076323875908
10920000,0.000205226665999229
10960000,0.0002056941948897
1.1e+07,0.000204660122785578
11040000,0.00020403885354462
11080000,0.000203795011564781
11120000,0.000204399960314103
11160000,0.000204262351220857
11200000,0.000203408745205152
11240000,0.000203899177025253
11280000,0.000203803517282794
11320000,0.000204152525750354
11360000,0.000203538114663747
11400000,0.000203133068664609
11440000,0.000203417842932551
11480000,0.000203025521695354
11520000,0.000204952132430215
11560000,0.000203489728501198
11600000,0.000202520933022154
11640000,0.000202525964409487
11680000,0.000202027585493902
11720000,0.000201802824867224
11760000,0.00020283095749578
11800000,0.000201638649634109
11840000,0.000202673021542214
11880000,0.000202893679986356
11920000,0.000202781129169829
11960000,0.000201536913663596
1.2e+07,0.00020124880611709
12040000,0.000202590637659546
12080000,0.000201796099365577
12120000,0.000201160193019527
12160000,0.000200587884557519
12200000,0.00020213271343162
12240000,0.000202127841379944
12280000,0.000200605143295116
12320000,0.000200373644118831
12360000,0.000199827439653873
12400000,0.000200219128593845
12440000,0.000200434738159175
12480000,0.000200479816192345
12520000,0.000200744598541089
12560000,0.000200714543563361
12600000,0.000199487579033614
12640000,0.000199619195658381
12680000,0.000200008577281759
12720000,0.000198999520605008
12760000,0.000199457545775079
12800000,0.000200776545669038
12840000,0.000199605259929536
12880000,0.000199313143109414
12920000,0.000198784414895342
12960000,0.000197911409429907
1.3e+07,0.000199747893819398
13040000,0.000199332241011804
13080000,0.000199145614258898
13120000,0.000198089091517271
13160000,0.000198740598120465
13200000,0.000197975026648635
13240000,0.000197540157993666
13280000,0.000197353830729183
13320000,0.000199673203666792
13360000,0.000198881274050575
13400000,0.000199767491308527
13440000,0.000198753371176474
13480000,0.000198079155997752
13520000,0.000198245338146112
13560000,0.000200077753290231
13600000,0.000197199690482414
13640000,0.000196960717576589
13680000,0.00019686914605708
13720000,0.000197038523222984
13760000,0.000197126605999651
13800000,0.000197639185303927
13840000,0.000195007195291052
13880000,0.000195725988955663
13920000,0.000194589783887773
13960000,0.000195612825554502
1.4e+07,0.000195696140676165
14040000,0.000195933275476787
14080000,0.000195433893750794
14120000,0.000195079138868697
14160000,0.000195704561855519
14200000,0.000195216774756022
14240000,0.000195600668195366
14280000,0.000194732662884945
14320000,0.000194643412454973
14360000,0.000193957668281224
14400000,0.000194274210087071
14440000,0.000195215046673287
14480000,0.000194847713245701
14520000,0.000194845827190083
14560000,0.00019434933678961
14600000,0.000194098817367896
14640000,0.000194106260635819
14680000,0.000194375225365989
14720000,0.00019462843911253
14760000,0.000194157252411633
14800000,0.000194036843638382
14840000,0.000192796036965323
14880000,0.000193627999534275
14920000,0.000193395693733583
14960000,0.000192814481701184
1.5e+07,0.000193770722763627
15040000,0.000193907444070308
15080000,0.000193143989925018
15120000,0.000193574194477078
15160000,0.000192569017906696
15200000,0.00019299132918978
15240000,0.000192402949118771
15280000,0.000193990930885933
15320000,0.00019225165292887
15360000,0.000192752214351202
15400000,0.000192640403216979
15440000,0.000192626870012021
15480000,0.000193409540823242
15520000,0.000190907016833236
15560000,0.000191349175387455
15600000,0.000192614437613807
15640000,0.000192426873427852
15680000,0.000192462336224903
15720000,0.000191544877246537
15760000,0.000192709786881296
15800000,0.000192428192404069
15840000,0.000194114626417401
15880000,0.000191737993298908
15920000,0.000191324014365795
15960000,0.000191234222238247
1.6e+07,0.000192429905409308
16040000,0.000192485587674645
16080000,0.000194022498432037
16120000,0.000190462747005348
16160000,0.000192266628833817
16200000,0.000191909692538323
16240000,0.000191731192314228
16280000,0.000190947885512185
16320000,0.00019189823188489
16360000,0.000192319299868525
16400000,0.000192275320361689
16440000,0.000191589460886235
16480000,0.000191776617876482
16520000,0.000190053760338956
16560000,0.000191830325157897
16600000,0.000190882626454851
16640000,0.000191126150314406
16680000,0.000191334669498532
16720000,0.000190744728781827
16760000,0.000190436629998039
16800000,0.000190110290198661
16840000,0.000190107169140502
16880000,0.000189931971452368
16920000,0.000189340749650823
16960000,0.000189510169444359
1.7e+07,0.000190406716719968
17040000,0.000188842103835053
17080000,0.000190580416983797
17120000,0.000189706633726085
17160000,0.000190443716477323
17200000,0.000189783519298381
17240000,0.000190272418712541
17280000,0.00018952072034561
17320000,0.000188975105756108
17360000,0.000189629576959598
17400000,0.000189241888451687
17440000,0.000188684018712711
17480000,0.000187771832881832
17520000,0.000189306672225686
17560000,0.000190196269972934
17600000,0.000189767426929756
17640000,0.000189470657208463
17680000,0.000188735314793953
17720000,0.000188459137358492
17760000,0.000188956746722887
17800000,0.000187282677111621
17840000,0.000187163726677542
17880000,0.000188365966471951
17920000,0.000189003726032082
17960000,0.000189278292075393
1.8e+07,0.000187776599086227
18040000,0.000188495091584047
18080000,0.000187341286257925
18120000,0.000189799852188306
18160000,0.000188439067560458
18200000,0.000188383732551896
18240000,0.000189270935637122
18280000,0.000188299629957312
18320000,0.000189064557581471
18360000,0.000187504503839309
18400000,0.000188551257516265
18440000,0.0001882935008867
18480000,0.000187037154785664
18520000,0.000188338078760633
18560000,0.000187312860930255
18600000,0.000188921260320487
18640000,0.000187450542098475
18680000,0.00018808858447739
18720000,0.000187525134493678
18760000,0.000188496085606297
18800000,0.000187786620066877
18840000,0.000187946618769128
18880000,0.0001881408708458
18920000,0.000188066960973977
18960000,0.000187085150596817
1.9e+07,0.000188659114638004
19040000,0.000187792398251516
19080000,0.000189629332362925
19120000,0.000186615129570784
19160000,0.00018734357694192
19200000,0.000186916079630359
19240000,0.000188096489174054
19280000,0.000187466407001104
19320000,0.000187639818957185
19360000,0.000187003613698004
19400000,0.000185708265552324
19440000,0.000186193577148639
19480000,0.000186836436405673
19520000,0.00018788855645248
19560000,0.000188186933936426
19600000,0.000188180457644121
19640000,0.000187412732772781
19680000,0.000187452397166907
19720000,0.000188492371233698
19760000,0.000187626304155304
19800000,0.00018801252718768
19840000,0.000186319305200105
19880000,0.000186420663041632
19920000,0.000187274443607497
19960000,0.000186741492840715
2e+07,0.000187867251836124
20040000,0.000188639961579281
20080000,0.000187797388982527
20120000,0.000187021282648787
20160000,0.000187616687982204
20200000,0.000186813718682967
20240000,0.000186883123239272
20280000,0.000185716184245816
20320000,0.000186366342907263
20360000,0.000186987765045779
20400000,0.000186162536547106
20440000,0.000186786242800062
20480000,0.000187502829781208
20520000,0.000186259415987685
20560000,0.00018541027528919
20600000,0.000186487651579238
20640000,0.000186931689789986
20680000,0.000186632557038259
20720000,0.000186856430711933
20760000,0.000186819848406205
20800000,0.000186228467061637
20840000,0.000186271484736417
20880000,0.00018655965951083
20920000,0.000186096217028042
20960000,0.000186522086814481
2.1e+07,0.000186004330120778
21040000,0.000187294975092931
21080000,0.00018613865422224
21120000,0.000186807042255633
21160000,0.000186225917280272
21200000,0.000185736149135154
21240000,0.00018585932215348
21280000,0.000185758935319687
21320000,0.000186021578957681
21360000,0.000185529817686644
21400000,0.000184986948164758
21440000,0.000184155369327692
21480000,0.000184642083968896
21520000,0.000185224794979408
21560000,0.000184783137774366
21600000,0.000185900685634484
21640000,0.000184848962701037
21680000,0.000186137121250504
21720000,0.000185004738872186
21760000,0.000186628717017265
21800000,0.000185712913200666
21840000,0.000183916496521257
21880000,0.000184477141763999
21920000,0.000185050262154946
21960000,0.00018537994616471
2.2e+07,0.00018419037679871
22040000,0.00018532543427967
22080000,0.000187209905335679
22120000,0.000184921900026558
22160000,0.000184494104807079
22200000,0.000185534211832494
22240000,0.000186414411432835
22280000,0.000184833341961636
22320000,0.000184457814907181
22360000,0.000184241120300133
22400000,0.000184173987000618
22440000,0.000182560073184207
22480000,0.000184677228781614
22520000,0.000182519384978507
22560000,0.000182582498477589
22600000,0.000182922652384449
22640000,0.000183821597060366
22680000,0.000184946777987617
22720000,0.000182976964748851
22760000,0.000185952304360883
22800000,0.000183107854790758
22840000,0.000184384452789546
22880000,0.00018459609722892
22920000,0.000184395500900965
22960000,0.00018441156631604
2.3e+07,0.000182640275900943
23040000,0.00018319061869849
23080000,0.000183959296389386
23120000,0.000184725455886287
23160000,0.000183422645330857
23200000,0.00018500109997973
23240000,0.000183779335976584
23280000,0.000185553552720069
23320000,0.000183594682505738
23360000,0.000182165059055896
23400000,0.000182297988274485
23440000,0.00018277962076362
23480000,0.000184075034656416
23520000,0.000183555836018091
23560000,0.000182888695359548
23600000,0.000182570137553457
23640000,0.000183925124147566
23680000,0.000183373828945523
23720000,0.000183393987965873
23760000,0.000182993420272599
23800000,0.000184023267142892
23840000,0.000182342497510728
23880000,0.000182019976613326
23920000,0.000182588539383862
23960000,0.000181896718582011
2.4e+07,0.000183656285878614
24040000,0.000185363386233458
24080000,0.000185336256008867
24120000,0.000187415988272185
24160000,0.00018461855983024
24200000,0.000188473484380775
24240000,0.000185115674633385
24280000,0.000187793027428006
24320000,0.000185536259663118
24360000,0.000185025157592398
24400000,0.000185021513167787
24440000,0.000189374231530742
24480000,0.000185147993138476
24520000,0.000189105785777717
24560000,0.000187554402371423
24600000,0.000186566112234381
24640000,0.000189410880756698
24680000,0.000186363962692642
24720000,0.000184982393502474
24760000,0.000188225730488136
24800000,0.000184496887725856
24840000,0.000189793918347436
24880000,0.000184832610070009
24920000,0.000182901956345902
24960000,0.000182013346710664
2.5e+07,0.000183100229118237
25040000,0.000185114536537891
25080000,0.000181925624086252
25120000,0.000185423368522207
25160000,0.000184491371242247
25200000,0.00018206353895578
25240000,0.000183241649011173
25280000,0.000181578998691753
25320000,0.000181315169653044
25360000,0.000182758270399718
25400000,0.0001828352782109
25440000,0.00018248041624908
25480000,0.000183615949709508
25520000,0.000182100204976328
25560000,0.000183292781988934
25600000,0.000181455714195833
25640000,0.000183093506101063
25680000,0.000183227586836168
25720000,0.000182203239565749
25760000,0.000182568912578228
25800000,0.000182683804470191
25840000,0.000182932838811393
25880000,0.000181865441667113
25920000,0.000181859579194995
25960000,0.000181056581073324
2.6e+07,0.000181142244597179
26040000,0.000181231628246441
26080000,0.00018147423764485
26120000,0.000181014128298397
26160000,0.000182131690279528
26200000,0.000180308417309892
26240000,0.000181433975911177
26280000,0.000179844643530182
26320000,0.000180967967688091
26360000,0.000181076236974148
26400000,0.000181545634689321
26440000,0.000180978156820724
26480000,0.000181230553930271
26520000,0.000182151214681323
26560000,0.000182679384142974
26600000,0.000180800256586645
26640000,0.000181429119302189
26680000,0.000180768363156431
26720000,0.00018113526409692
26760000,0.000181385353485163
26800000,0.00018199274673437
26840000,0.000182352169355664
26880000,0.000182476034156177
26920000,0.000181734776577219
26960000,0.000181121118025622
2.7e+07,0.000182310883936104
27040000,0.000181815905832209
27080000,0.000182387487341831
27120000,0.000181369928491135
27160000,0.000181402330847595
27200000,0.00017997379974893
27240000,0.000179771762909484
27280000,0.000181372682536392
27320000,0.000180435217703942
27360000,0.00018029594623372
27400000,0.000180439764231111
27440000,0.000181460747251806
27480000,0.000179782486043282
27520000,0.000180159678722343
27560000,0.000180240697246789
27600000,0.000180608766291229
27640000,0.000180725166189679
27680000,0.000179139155649338
27720000,0.000180390648917872
27760000,0.000179827338352543
27800000,0.000181189930351511
27840000,0.000179973882317011
27880000,0.000179454702564692
27920000,0.000179104361148433
27960000,0.000180534606218461
2.8e+07,0.00018147299457835
28040000,0.000178614206562965
28080000,0.000179983335846557
28120000,0.000180379646243384
28160000,0.00018014447255898
28200000,0.000180892173293159
28240000,0.000178927051788548
28280000,0.000178580079469091
28320000,0.000180211232547847
28360000,0.000178264785490986
28400000,0.000179914933812311
28440000,0.000179967904213273
28480000,0.000181053652907518
28520000,0.000180492075358157
28560000,0.000180962965592946
28600000,0.000179011742471249
28640000,0.000180609104715568
28680000,0.000178565551953819
28720000,0.000179863079231571
28760000,0.000180621558095195
28800000,0.000180234012019593
28840000,0.000179184330079719
28880000,0.00018001104983527
28920000,0.000178243248993211
28960000,0.000177954346554994
2.9e+07,0.000179830057073367
29040000,0.000179050052478074
29080000,0.000178575856808549
29120000,0.000179395713228815
29160000,0.000180055910994871
29200000,0.000178343685113403
29240000,0.000179449329095554
29280000,0.000178088113356031
29320000,0.00017895292493549
29360000,0.000178730546363898
29400000,0.000176301311515784
29440000,0.000178718650572562
29480000,0.000177955500086899
29520000,0.000177633411465387
29560000,0.000178463483741428
29600000,0.000179169356518444
29640000,0.000178142762209874
29680000,0.000179119268540488
29720000,0.000178204553294285
29760000,0.000178214216067156
29800000,0.000177191854469993
29840000,0.000177786135273604
29880000,0.000178275289034736
29920000,0.000178357875674964
29960000,0.000177779323899915
3e+07,0.000177791317801468
30040000,0.000177993806180535
30080000,0.000177364819342246
30120000,0.000178424849454481
30160000,0.000176446168473065
30200000,0.000177514512058595
30240000,0.000179366373447934
30280000,0.000176984236255123
30320000,0.000177757945423842
30360000,0.000179138438173113
30400000,0.000177653205129809
30440000,0.000177772238560568
30480000,0.000175875906350516
30520000,0.000177157589154116
30560000,0.000176962065374605
30600000,0.000176208367272334
30640000,0.000176543251406426
30680000,0.000175091826622031
30720000,0.000176001407497883
30760000,0.000175656434517207
30800000,0.00017626236069302
30840000,0.000176958478441393
30880000,0.000176794287067965
30920000,0.000176625482982639
30960000,0.000177237603927794
3.1e+07,0.000176105739675173
31040000,0.000176685848146592
31080000,0.000175637834030098
31120000,0.000175196941984219
31160000,0.000175310849372189
31200000,0.000174752778384169
31240000,0.000174445721859786
31280000,0.000175488823974639
31320000,0.000175270582161444
31360000,0.000175398607911843
31400000,0.000179137249303197
31440000,0.000175296753504815
31480000,0.000177599059148714
31520000,0.000175272700146498
31560000,0.00017454993298528
31600000,0.00017575710555118
31640000,0.000175829617677614
31680000,0.000174438137583334
31720000,0.000175406755594766
31760000,0.000173862245931529
31800000,0.000174023919754691
31840000,0.000175009305454947
31880000,0.000175412331772939
31920000,0.000176236120899018
31960000,0.000176058502272061
3.2e+07,0.000174087996691591
32040000,0.000173701345978259
32080000,0.000174906691032443
32120000,0.000174472024330806
32160000,0.000175308282897034
32200000,0.000173930540797647
32240000,0.000174631767762876
32280000,0.000174071903090565
32320000,0.000173783165157547
32360000,0.000174571798718981
32400000,0.000176076972141205
32440000,0.000174544501616732
32480000,0.000174305127044068
32520000,0.000174563896387346
32560000,0.000175303003273235
32600000,0.000173644976789242
32640000,0.000174111946554705
32680000,0.000174780506149383
32720000,0.000174314992457602
32760000,0.000175395470345053
32800000,0.000174180815838393
32840000,0.000174953403339197
32880000,0.000173868384070108
32920000,0.000174145423353085
32960000,0.000175353755152933
3.3e+07,0.000174804729552438
33040000,0.000173722819881611
33080000,0.000174057029647896
33120000,0.000174988425913524
33160000,0.000174517600844334
33200000,0.000173891323671531
33240000,0.000173311492814145
33280000,0.000174479268353381
33320000,0.000173580751223433
33360000,0.000172945385694041
33400000,0.000174576251987673
33440000,0.000173098335423698
33480000,0.000172521676026802
33520000,0.000173466035759835
33560000,0.000172741834849108
33600000,0.00017267927005541
33640000,0.000172750002224261
33680000,0.000172508392958476
33720000,0.000171873963082482
33760000,0.000172800155510863
33800000,0.000173156347658096
33840000,0.000171959947530849
33880000,0.000173531804187966
33920000,0.00017384058648185
33960000,0.000171864986767161
3.4e+07,0.000172508330656198
34040000,0.000171835872471316
34080000,0.000172404064089717
34120000,0.000172554101438603
34160000,0.000172035591652955
34200000,0.000172458193260997
34240000,0.000173178535370064
34280000,0.000173511429709301
34320000,0.000173127250952447
34360000,0.000170936800414547
34400000,0.000173336611592991
34440000,0.000172609815675979
34480000,0.000171927444586897
34520000,0.000172824049938612
34560000,0.000173641567481828
34600000,0.000172798046311662
34640000,0.000173287282029526
34680000,0.000172259742235832
34720000,0.000172580853116918
34760000,0.000172311932474035
34800000,0.000172497824893042
34840000,0.00017108920449001
34880000,0.000171328581137261
34920000,0.000172134889846829
34960000,0.000171484101332639
3.5e+07,0.000171223070862207
35040000,0.000172352753341466
35080000,0.000170832720736223
35120000,0.000171465484255299
35160000,0.000171070086497299
35200000,0.000170537980895303
35240000,0.000171683335769127
35280000,0.000171565682507295
35320000,0.000172705281377231
35360000,0.000172060947420146
35400000,0.000171802448138245
35440000,0.000172734146541135
35480000,0.000170939598018729
35520000,0.000171024391529656
35560000,0.000170902725085983
35600000,0.000171430989904261
35640000,0.000171919552584429
35680000,0.00017118584706263
35720000,0.000170502568746274
35760000,0.000170762760551364
35800000,0.000171554352041418
35840000,0.000171170970606994
35880000,0.000171812151296524
35920000,0.000170364910750182
35960000,0.00016988058703882
3.6e+07,0.000170563013917253
36040000,0.000170365695560481
36080000,0.000170915040481209
36120000,0.000170119476560258
36160000,0.000170848505518664
36200000,0.000170043097096238
36240000,0.000169882463923994
36280000,0.000171883152025026
36320000,0.00017118084170922
36360000,0.000170543159094676
36400000,0.000169813380942812
36440000,0.000168738589535847
36480000,0.000169567647837936
36520000,0.000169327841924255
36560000,0.000170049503982802
36600000,0.000169586160371711
36640000,0.000170834153055306
36680000,0.00017126901195068
36720000,0.000169386288188782
36760000,0.000169758376654661
36800000,0.000170978032179764
36840000,0.000169753307164636
36880000,0.000169988918940767
36920000,0.000169714193345187
36960000,0.000170220908938381
3.7e+07,0.000170730191949034
37040000,0.000170454043899509
37080000,0.000169671126401447
37120000,0.000169349496883703
37160000,0.000169820118627345
37200000,0.000170367608174593
37240000,0.000169751392211147
37280000,0.00016856512894023
37320000,0.000169288276149519
37360000,0.000169802618174757
37400000,0.000168163698577608
37440000,0.000168705015228853
37480000,0.000169154979284987
37520000,0.000168558672126743
37560000,0.000169645664999099
37600000,0.000170289543159806
37640000,0.000169733163889432
37680000,0.000169863641736633
37720000,0.000169468168366589
37760000,0.000170462206214119
37800000,0.000169163368509078
37840000,0.000170385407571715
37880000,0.000169751429562917
37920000,0.00017037440898595
37960000,0.000168834396829117
3.8e+07,0.000169756314605555
38040000,0.000169564797677725
38080000,0.000169560609556646
38120000,0.00016840897323126
38160000,0.00016970465153313
38200000,0.00017009840086658
38240000,0.000169850326342015
38280000,0.000169573212322999
38320000,0.000169489236733533
38360000,0.000169819093229871
38400000,0.000169324796001647
38440000,0.000169589457949466
38480000,0.000169606574898036
38520000,0.000169012946885596
38560000,0.000168496159609298
38600000,0.000170620417407337
38640000,0.000169346200464482
38680000,0.000169019340188665
38720000,0.000168791178752722
38760000,0.000170651805269943
38800000,0.000169907380829918
38840000,0.000169969407299526
38880000,0.000168612130434183
38920000,0.000170797999442049
38960000,0.000168620224735139
3.9e+07,0.000168279067347521
39040000,0.000168580894559609
39080000,0.000169499866793601
39120000,0.000167241206201234
39160000,0.000168217675459613
39200000,0.000169737488186579
39240000,0.000169341056119756
39280000,0.000168926815130186
39320000,0.000169961183443073
39360000,0.000167267066644387
39400000,0.000168314083008764
39440000,0.0001687564066059
39480000,0.000168943846494742
39520000,0.000168281977380206
39560000,0.000169104167859809
39600000,0.000167722668484627
39640000,0.000168659568807468
39680000,0.000169178330069626
39720000,0.000169263532709353
39760000,0.000167527697757336
39800000,0.000167752834994145
39840000,0.000170001454392279
39880000,0.000167761241061265
39920000,0.000168009742497114
39960000,0.000168186661008011
4e+07,0.000168094607268248
40040000,0.00016875769991327
40080000,0.000171083756054422
40120000,0.000168067005689839
40160000,0.00017237696801073
40200000,0.000168124782707449
40240000,0.000170090686252845
40280000,0.000167661210539648
40320000,0.000168917024876166
40360000,0.000168328345159747
40400000,0.000168254365574158
40440000,0.000167918861166785
40480000,0.00016970231540052
40520000,0.000167192668880338
40560000,0.000168174906205985
40600000,0.000168686889196301
40640000,0.000166853298954081
40680000,0.000167052859760617
40720000,0.000167006915787792
40760000,0.000168259426809842
40800000,0.000167313697906964
40840000,0.000167729939462354
40880000,0.000168259618257701
40920000,0.000166592350457218
40960000,0.000168046720255239
4.1e+07,0.000168598126700599
41040000,0.000167885707787208
41080000,0.000167409707588757
41120000,0.00016787338869962
41160000,0.000168557603803956
41200000,0.000168575640925142
41240000,0.00016831045083767
41280000,0.000167721857849896
41320000,0.000168680423635944
41360000,0.000167686052422816
41400000,0.000167611274941063
41440000,0.000168412515308526
41480000,0.000168182179544039
41520000,0.000167516210521028
41560000,0.000167457707235495
41600000,0.000168342358756501
41640000,0.000168305676353812
41680000,0.000167936825020979
41720000,0.000167224025977155
41760000,0.000167592933656905
41800000,0.000166802488421804
41840000,0.000167474298641534
41880000,0.00016775956602302
41920000,0.000167397140318913
41960000,0.000168150504308768
4.2e+07,0.000169232036593669
42040000,0.000170043696370006
42080000,0.000168501901226603
42120000,0.000167450389750993
42160000,0.000168385462496408
42200000,0.000167453198457928
42240000,0.000167904216106679
42280000,0.000167713620065109
42320000,0.000168275276743176
42360000,0.000167698315280275
42400000,0.000167742352237033
42440000,0.00016731544998682
42480000,0.000169207067749336
42520000,0.000168102004272936
42560000,0.000166705565073984
42600000,0.000167583324439584
42640000,0.00016864992656657
42680000,0.000167856597779721
42720000,0.000167734082105197
42760000,0.00016866016472559
42800000,0.000167574148612351
42840000,0.00016862883432547
42880000,0.000167918968876413
42920000,0.000167689914071684
42960000,0.000168344322051975
4.3e+07,0.000168120538845776
43040000,0.000167421200868482
43080000,0.000167639039240108
43120000,0.000167578200745715
43160000,0.000169194033058505
43200000,0.000167164525118643
43240000,0.00016640254038847
43280000,0.000168108881762128
43320000,0.000167001721082351
43360000,0.000167362500083128
43400000,0.000167277856780149
43440000,0.00016718491464138
43480000,0.000167595971582455
43520000,0.00016720859700599
43560000,0.000166616541069994
43600000,0.000165706822074929
43640000,0.000167725280912745
43680000,0.000167632360370965
43720000,0.000167089682788772
43760000,0.000167809036116643
43800000,0.000167019967915368
43840000,0.000165949024644834
43880000,0.00016798076523943
43920000,0.000166252884355439
43960000,0.000166750791429382
4.4e+07,0.000166871952303646
44040000,0.000166751746545221
44080000,0.000166543915240733
44120000,0.000166465771632744
44160000,0.00016615268446961
44200000,0.000165306151269469
44240000,0.000165727618926181
44280000,0.000165907011390592
44320000,0.000165847850286154
44360000,0.00016601208973814
44400000,0.000165677932037349
44440000,0.000167253525945462
44480000,0.00016596536274863
44520000,0.000167107592273951
44560000,0.000166128459445447
44600000,0.000165230685880127
44640000,0.000166060811673278
44680000,0.000165053714592529
44720000,0.000166296055544381
44760000,0.000165945919694801
44800000,0.000165763051470564
44840000,0.000167083785225643
44880000,0.000166201189420823
44920000,0.000166099873650831
44960000,0.00016607980757323
4.5e+07,0.000166326112373354
45040000,0.000165910624060572
45080000,0.000165379393784137
45120000,0.000166778998989221
45160000,0.000165559977678312
45200000,0.000165941528551258
45240000,0.000165387348994423
45280000,0.000166793618134978
45320000,0.000165171004850882
45360000,0.000166596397307425
45400000,0.000166385548129202
45440000,0.000165744765381679
45480000,0.000164331315343743
45520000,0.000168187914207237
45560000,0.000166458995131702
45600000,0.000165991917277566
45640000,0.000165192026076633
45680000,0.000165375372076921
45720000,0.000164790297681492
45760000,0.000164007680910003
45800000,0.000165834343280114
45840000,0.000165970861306134
45880000,0.000167340068450501
45920000,0.000166343814336874
45960000,0.000166470933720465
4.6e+07,0.000166273665343266
46040000,0.000166108072055182
46080000,0.00016632486107199
46120000,0.000165853858557102
46160000,0.000164898042990053
46200000,0.000165613086555546
46240000,0.000165457619020897
46280000,0.00016502161088442
46320000,0.000166066454601942
46360000,0.00016684179510212
46400000,0.000164503339737939
46440000,0.000166068005915362
46480000,0.000165593176399343
46520000,0.000165574000087494
46560000,0.000165464521801283
46600000,0.000166062864410086
46640000,0.000165735188178326
46680000,0.00016492491975977
46720000,0.000164604915821514
46760000,0.000164992777641359
46800000,0.000163499888195496
46840000,0.000164711378685585
46880000,0.000164751059861519
46920000,0.000164809543205855
46960000,0.000166227201982058
4.7e+07,0.000164959246538177
47040000,0.000165480431663906
47080000,0.000163779830157352
47120000,0.000164546145327492
47160000,0.000163989024338806
47200000,0.000164878690827155
47240000,0.00016597362539038
47280000,0.000164430210470933
47320000,0.000164120592893763
47360000,0.000164843185613882
47400000,0.000165103760821374
47440000,0.000165256388581875
47480000,0.000166101895513926
47520000,0.000165432853203957
47560000,0.000165288013778467
47600000,0.00016417356822001
47640000,0.00016469213582471
47680000,0.000165363827283805
47720000,0.000165553331665129
47760000,0.000164608930427178
47800000,0.000165808943396947
47840000,0.000164758476168025
47880000,0.000164877965490815
47920000,0.000164061698616966
47960000,0.000165071802192657
4.8e+07,0.00016478345592695
48040000,0.000166480083942427
48080000,0.000165308924965636
48120000,0.000166657823306317
48160000,0.000166108092822278
48200000,0.000165086915249991
48240000,0.000164940262738176
48280000,0.000164814830253542
48320000,0.000165627323519673
48360000,0.000165010935374993
48400000,0.000164577329645542
48440000,0.000166527346937061
48480000,0.00016587420864954
48520000,0.000169071766328129
48560000,0.000164405550946711
48600000,0.000164409175243841
48640000,0.000164126196195493
48680000,0.000163646252614946
48720000,0.000163755152518053
48760000,0.000163778852919192
48800000,0.000165626714556508
48840000,0.000164319448135394
48880000,0.00016481222609022
48920000,0.000164794555387259
48960000,0.000164415062204973
4.9e+07,0.000164410925603357
49040000,0.000164865092457349
49080000,0.00016394934073148
49120000,0.000163992965542791
49160000,0.000164455312704137
49200000,0.000163563679813713
49240000,0.000165827103109513
49280000,0.000164702614253156
49320000,0.000164337274930738
49360000,0.000164938269073943
49400000,0.000163699589638436
49440000,0.000162697248369897
49480000,0.00016308225395241
49520000,0.000163654490648613
49560000,0.00016397862928387
49600000,0.000162926789801183
49640000,0.000164336191952053
49680000,0.000163436833797817
49720000,0.000162640441136102
49760000,0.000163676081826224
49800000,0.000163723469828099
49840000,0.000164251066532291
49880000,0.000163457167849734
49920000,0.000162947428250811
49960000,0.000163840889448487
5e+07,0.000162648905964599
50040000,0.000163194604222179
50080000,0.000162738078160761
50120000,0.00016212971333338
50160000,0.000162343769083821
50200000,0.000162664100612649
50240000,0.000163891375744778
50280000,0.000162871403545772
50320000,0.000162910618063699
50360000,0.000164890577059442
50400000,0.000163642590778038
50440000,0.000163190428809159
50480000,0.000163924939742229
50520000,0.000163560827627243
50560000,0.000163125263632256
50600000,0.000162931744549861
50640000,0.000161815615873597
50680000,0.000162225161748519
50720000,0.000162499420787363
50760000,0.000162283464311087
50800000,0.00016180342235818
50840000,0.000162506941417891
50880000,0.000161984665599082
50920000,0.000163331200713531
50960000,0.000161836660588989
5.1e+07,0.00016141883845464
51040000,0.000162111417436021
51080000,0.000163256638682303
51120000,0.000162190747756254
51160000,0.00016288284391672
51200000,0.000162127986896699
51240000,0.000162347472599353
51280000,0.000160412306423802
51320000,0.000161403343944624
51360000,0.000160897072627494
51400000,0.000161705339367966
51440000,0.000161915091335384
51480000,0.000162279901831916
51520000,0.000161794002932398
51560000,0.000161617571568914
51600000,0.000160525855313043
51640000,0.00016011434086018
51680000,0.00016128718218454
51720000,0.000161273088849139
51760000,0.000162186542878816
51800000,0.000161571281083188
51840000,0.000161031218420108
51880000,0.000161514027818075
51920000,0.00016087354356703
51960000,0.000160793148146256
5.2e+07,0.000160954160319083
52040000,0.000160515818825464
52080000,0.000160179386808751
52120000,0.000161809809036248
52160000,0.000161264526476895
52200000,0.000160958778545028
52240000,0.000161365295254118
52280000,0.000160776222965085
52320000,0.000161366127559387
52360000,0.00016027773080477
52400000,0.000161425374370011
52440000,0.000161105953647691
52480000,0.000160405242820621
52520000,0.000161000083819366
52560000,0.000160707320180522
52600000,0.000161522376549943
52640000,0.000160776042652419
52680000,0.000162107988600429
52720000,0.000161575371147766
52760000,0.00016070351846344
52800000,0.000160584910126114
52840000,0.000159768172750961
52880000,0.000160584755216981
52920000,0.000160308821124593
52960000,0.000160449106219962
5.3e+07,0.000160310673090291
53040000,0.000161031429452811
53080000,0.000160648940148936
53120000,0.000159919151223486
53160000,0.00016146945653761
53200000,0.000161288525698496
53240000,0.000161365784649619
53280000,0.000161784638225134
53320000,0.000161545690751365
53360000,0.0001613534152967
53400000,0.000159528868650243
53440000,0.000160790885626843
53480000,0.000160655454414785
53520000,0.000161228436346371
53560000,0.000160784570035439
53600000,0.000160226865127681
53640000,0.000159402738670782
53680000,0.000162358453954899
53720000,0.000160553502534371
53760000,0.000160397793067659
53800000,0.000159976879731075
53840000,0.000160808743086115
53880000,0.000161851923835163
53920000,0.000158920447024034
53960000,0.00015949611895899
5.4e+07,0.000160948302516179
54040000,0.000162041929199461
54080000,0.000161267393394777
54120000,0.000161162239850267
54160000,0.000160595596185889
54200000,0.000159393582072275
54240000,0.000160809960190981
54280000,0.000162293687307753
54320000,0.000161237639034794
54360000,0.000161152436789904
54400000,0.000161238631696486
54440000,0.000161971441675085
54480000,0.000160252359434841
54520000,0.000162378638812538
54560000,0.000162054571808708
54600000,0.000159984141449105
54640000,0.000160765591490527
54680000,0.000159630647130868
54720000,0.000161753817317046
54760000,0.000161631442396501
54800000,0.000161595849440219
54840000,0.000160881838692582
54880000,0.000160129508192234
54920000,0.000161886077240933
54960000,0.000161080619836907
5.5e+07,0.000160469149142879
55040000,0.000160998193920923
55080000,0.000159959609513758
55120000,0.000159905260237761
55160000,0.000159914513398476
55200000,0.000159592608921644
55240000,0.000160994976503353
55280000,0.000161332689562775
55320000,0.000160321853308037
55360000,0.000160079664361069
55400000,0.000160435407871755
55440000,0.000162111065592276
55480000,0.000160099940820163
55520000,0.000160717818396154
55560000,0.000161024461836614
55600000,0.000160901486020696
55640000,0.00015971416913122
55680000,0.000160474740712746
55720000,0.00016008638119016
55760000,0.000159407812030626
55800000,0.000160752798403471
55840000,0.000159689477500573
55880000,0.000161339196515536
55920000,0.000159175533166309
55960000,0.000160253672338101
5.6e+07,0.000160177084715718
56040000,0.000160192499459553
56080000,0.000161653191122591
56120000,0.000161845813663416
56160000,0.000160780279954866
56200000,0.000159599522834354
56240000,0.000160546067076259
56280000,0.000160514659931347
56320000,0.000162760792710928
56360000,0.000160398354716153
56400000,0.000160515645177273
56440000,0.000161765081046311
56480000,0.000162410220696938
56520000,0.000161147965972585
56560000,0.000159682168152924
56600000,0.000160828840852791
56640000,0.000160384325724607
56680000,0.000160302800750633
56720000,0.00016016961018736
56760000,0.000162300576154643
56800000,0.000160462441895879
56840000,0.000161011569741658
56880000,0.000160376748392985
56920000,0.00015983717692043
56960000,0.000159984100777138
5.7e+07,0.000160257624361752
57040000,0.000159887995603965
57080000,0.000159595361805299
57120000,0.000159301213871265
57160000,0.000161071941234588
57200000,0.000160659965808404
57240000,0.000161025725090679
57280000,0.000159570078116671
57320000,0.000160213248078643
57360000,0.000160914974634166
57400000,0.000159211936245452
57440000,0.000159986280715678
57480000,0.00015943987933272
57520000,0.000160835089733806
57560000,0.000161104153702831
57600000,0.000159656361590151
57640000,0.000160618246845147
57680000,0.000159556480401968
57720000,0.000160795441043655
57760000,0.000158675142064295
57800000,0.000159673060230394
57840000,0.00016061965271758
57880000,0.000158952921165992
57920000,0.00015922566038762
57960000,0.000159280581925824
5.8e+07,0.000159538368164874
58040000,0.000158702570716668
58080000,0.000158807104913256
58120000,0.00016176137697124
58160000,0.000160476501868045
58200000,0.000159111413594649
58240000,0.000160513506386676
58280000,0.000160296451571459
58320000,0.000158619392190779
58360000,0.000160273655165799
58400000,0.000158414104724534
58440000,0.000159420654168529
58480000,0.000159634111096206
58520000,0.000160179120724955
58560000,0.000159951375815083
58600000,0.000160019794939527
58640000,0.000159401143241371
58680000,0.000158567712817723
58720000,0.000159051884339444
58760000,0.000160345107595582
58800000,0.000158580902479765
58840000,0.000161242102409434
58880000,0.000160267996025789
58920000,0.000157597017799037
58960000,0.000160555153084175
5.9e+07,0.000166282840665417
59040000,0.000159215866830653
59080000,0.000159232008609629
59120000,0.000158441183157633
59160000,0.000161223458621841
59200000,0.000158321863756243
59240000,0.000159904980273043
59280000,0.000158147757329417
59320000,0.000159669287226943
59360000,0.000158748398328086
59400000,0.000159115088891776
59440000,0.000159257198299528
59480000,0.0001597437326994
59520000,0.000159715124549523
59560000,0.000159601805173538
59600000,0.000159756462596411
59640000,0.000160273842929978
59680000,0.000158400995504568
59720000,0.000159386423212028
59760000,0.000159677595724902
59800000,0.000160544142894474
59840000,0.000159374329200436
59880000,0.00015879845607394
59920000,0.000159200984837199
59960000,0.000160208235010014
6e+07,0.000159269412320453
60040000,0.000159139700212277
60080000,0.000159181888008851
60120000,0.000160291559015395
60160000,0.000158731654352515
60200000,0.000158763012411453
60240000,0.000158994478567404
60280000,0.000160227889614967
60320000,0.000159848929562193
60360000,0.000159794625565282
60400000,0.000159957419882384
60440000,0.00015938554202733
60480000,0.000159906244004717
60520000,0.00015857503631284
60560000,0.000159957876750487
60600000,0.0001589600052953
60640000,0.000158408141045185
60680000,0.000160710359702224
60720000,0.000157552312378437
60760000,0.000159081840316324
60800000,0.000158687232879363
60840000,0.000159566418425033
60880000,0.00015767516614705
60920000,0.000159763867139374
60960000,0.000159304092857365
6.1e+07,0.000159418748800525
61040000,0.000158670287651078
61080000,0.000159480920753776
61120000,0.000159831869140443
61160000,0.000158970556835577
61200000,0.000157864156845186
61240000,0.000159475464854742
61280000,0.000157294798326959
61320000,0.000159184009539359
61360000,0.000158683244087438
61400000,0.000158899702302635
61440000,0.00016053263521002
61480000,0.000157862622270247
61520000,0.000157711816908753
61560000,0.000158391614417097
61600000,0.000158331784177335
61640000,0.000159056577472099
61680000,0.000159453748944378
61720000,0.000157429644016067
61760000,0.000157174185989284
61800000,0.000158147306712647
61840000,0.000157264152256504
61880000,0.000157320546529786
61920000,0.000157273416143322
61960000,0.000156599978763915
6.2e+07,0.000157148119822414
62040000,0.000158157777900558
62080000,0.000158793531740531
62120000,0.000159277222856666
62160000,0.000160061439629006
62200000,0.000157241565606738
62240000,0.000160560832538399
62280000,0.000158640590640497
62320000,0.000158963688149506
62360000,0.000157956387708114
62400000,0.000157274636904628
62440000,0.000163011453917954
62480000,0.000165776999205632
62520000,0.000159188156732317
62560000,0.000158926913214578
62600000,0.00015873061045697
62640000,0.000159367403067658
62680000,0.000158028061238244
62720000,0.000157128283374438
62760000,0.000158100683692071
62800000,0.000157568803798015
62840000,0.000156566290078396
62880000,0.000158791506421507
62920000,0.000155051992461108
62960000,0.000156013990066418
6.3e+07,0.000157535941368656
63040000,0.000159032667784725
63080000,0.000158256609080511
63120000,0.000158043184280797
63160000,0.000155951587105285
63200000,0.000156190046722989
63240000,0.000155234875405851
63280000,0.000158035865649519
63320000,0.000155978721306904
63360000,0.000156204110788567
63400000,0.00015480620913587
63440000,0.000156046188688396
63480000,0.000155458455477659
63520000,0.000155518551443176
63560000,0.000157395248953754
63600000,0.00015774677803574
63640000,0.00015702960836883
63680000,0.000156851660423877
63720000,0.000157295131525171
63760000,0.000157171950559512
63800000,0.0001555875754587
63840000,0.00015629291708275
63880000,0.000156681987970039
63920000,0.000157145393162668
63960000,0.000156665238022176
6.4e+07,0.000156426005892004
64040000,0.000155587465524917
64080000,0.000156461582626413
64120000,0.000156811304959607
64160000,0.000157467182755759
64200000,0.00015671705891223
64240000,0.00015642492369725
64280000,0.000154008152259637
64320000,0.00015547437997265
64360000,0.000154429714574656
64400000,0.000157222960265963
64440000,0.000157058083009576
64480000,0.000154919108925565
64520000,0.000156780896128495
64560000,0.000157093663069013
64600000,0.000155039208616569
64640000,0.000155396589639023
64680000,0.000155428010570411
64720000,0.000155930499794203
64760000,0.000157270938890205
64800000,0.000155641554729665
64840000,0.000156491692072808
64880000,0.000155362216622109
64920000,0.000155963839342221
64960000,0.000154447829586063
6.5e+07,0.000156213106689074
65040000,0.00015489304841947
65080000,0.000156717894337083
65120000,0.000155485101607271
65160000,0.000156646776848552
65200000,0.000156628147292202
65240000,0.000156066839933969
65280000,0.00015476884894885
65320000,0.000155430831341841
65360000,0.000155950884457168
65400000,0.000154876270801285
65440000,0.000154433875253581
65480000,0.000157021582694263
65520000,0.000155136438492591
65560000,0.000154076583966639
65600000,0.000154584611930225
65640000,0.000154264057811151
65680000,0.000154994918650582
65720000,0.000152596029113314
65760000,0.000154483531146255
65800000,0.00015449697318883
65840000,0.000154891064032828
65880000,0.000155018304145096
65920000,0.000153702708512856
65960000,0.000154290881622573
6.6e+07,0.000154555096109361
66040000,0.000155383108933623
66080000,0.000154720694686079
66120000,0.000154570421783962
66160000,0.000154377401256805
66200000,0.000154716857407498
66240000,0.000154813769860432
66280000,0.000155373019303752
66320000,0.000156038739379776
66360000,0.000154774523803113
66400000,0.000156315193732823
66440000,0.000154905499929761
66480000,0.000154982447343012
66520000,0.000155099824018739
66560000,0.000155993651496127
66600000,0.000154984141494308
66640000,0.000153987047189053
66680000,0.000154960455678549
66720000,0.000154679398438903
66760000,0.000155873404958195
66800000,0.00015458512445471
66840000,0.00015412700087011
66880000,0.000154715562324978
66920000,0.000155171201758567
66960000,0.000154494708405888
6.7e+07,0.000154689664584645
67040000,0.000153006569712261
67080000,0.000154960840954784
67120000,0.000154252076108186
67160000,0.000155615514478955
67200000,0.000155796191793708
67240000,0.000156868935429159
67280000,0.000154904462151868
67320000,0.000154115740228151
67360000,0.000154973731952854
67400000,0.000154775779425932
67440000,0.00015326804791023
67480000,0.000155686482106811
67520000,0.000152855503166736
67560000,0.000156081228157273
67600000,0.000156745320339694
67640000,0.000154961069899044
67680000,0.000157402600926195
67720000,0.000156507723207747
67760000,0.000153450468306483
67800000,0.000154196864532026
67840000,0.000153291254438238
67880000,0.000155944597143168
67920000,0.000154154744760679
67960000,0.000154618883448752
6.8e+07,0.000154590496402432
68040000,0.00015571591467016
68080000,0.00015439354045176
68120000,0.000155912423066582
68160000,0.000154963332809802
68200000,0.000154483824127783
68240000,0.000154982069434425
68280000,0.000154903501967422
68320000,0.000154172536525846
68360000,0.000155784343990719
68400000,0.00015421370474431
68440000,0.000154676492455808
68480000,0.000155234127894545
68520000,0.000156369299271899
68560000,0.000154966297875135
68600000,0.000154577491182325
68640000,0.000155241517222014
68680000,0.000155405400595081
68720000,0.000154457848558709
68760000,0.000152970165606197
68800000,0.000153211401714802
68840000,0.000154628440557597
68880000,0.000152237839960537
68920000,0.000154891943600978
68960000,0.000153556172670079
6.9e+07,0.000154092824140912
69040000,0.000155251521451127
69080000,0.000153644899612931
69120000,0.00015417744139885
69160000,0.000153512521648394
69200000,0.00015274699004242
69240000,0.000153157722164962
69280000,0.000153075044986157
69320000,0.000153691025329412
69360000,0.000153278038427795
69400000,0.000153511391406913
69440000,0.000154878943043198
69480000,0.000153725390197111
69520000,0.000152469799209253
69560000,0.000152802535090252
69600000,0.000154236802263305
69640000,0.000153383828283403
69680000,0.00015213670832088
69720000,0.000153013478483682
69760000,0.000152547598006462
69800000,0.000152319974250864
69840000,0.000152591036905925
69880000,0.000154400676426252
69920000,0.000154383091471791
69960000,0.000153768828696999
7e+07,0.00015339807245838
70040000,0.000152863137483951
70080000,0.000152967770275658
70120000,0.00015384254034152
70160000,0.000152460430649111
70200000,0.000154153262673213
70240000,0.000153158049421487
70280000,0.000154515942843471
70320000,0.000155029168547013
70360000,0.00015281159145729
70400000,0.000153374925686604
70440000,0.000152464160983885
70480000,0.000153095843471902
70520000,0.000153160503229786
70560000,0.000152736934041212
70600000,0.000154186390821211
70640000,0.000155737298660901
70680000,0.000152859440508179
70720000,0.000151141330685618
70760000,0.000154560118896148
70800000,0.000152003007791117
70840000,0.000153356145379562
70880000,0.000154089513776762
70920000,0.000153831747604126
70960000,0.000152410974215769
7.1e+07,0.000152915410481738
71040000,0.000153106925693626
71080000,0.000152530476762856
71120000,0.000153010210936585
71160000,0.000152787494650946
71200000,0.000152459481640161
71240000,0.000153352170523816
71280000,0.000152129114967948
71320000,0.000153608760469954
71360000,0.000152084466075555
71400000,0.00015324089710051
71440000,0.000153553313632156
71480000,0.000152987131643834
71520000,0.000151437582061732
71560000,0.000153147440609673
71600000,0.000152622017045888
71640000,0.000153244707000835
71680000,0.000153049274622523
71720000,0.00015461621701995
71760000,0.000152784461769503
71800000,0.000154040995671029
71840000,0.000153819878932315
71880000,0.000154756460885473
71920000,0.000152930303767705
71960000,0.000152846733650328
7.2e+07,0.000152417464720143
72040000,0.000153543114458034
72080000,0.00015371833330125
72120000,0.000154321080762147
72160000,0.00015267052238271
72200000,0.000153003073162417
72240000,0.000153461847015837
72280000,0.000152619752991813
72320000,0.000153799615923574
72360000,0.000153100897323823
72400000,0.000154141317969258
72440000,0.000152838443112658
72480000,0.000151720364511056
72520000,0.000153642032519023
72560000,0.000152431858042826
72600000,0.000152676727235552
72640000,0.000152575895389567
72680000,0.00015240630247896
72720000,0.000152495616538784
72760000,0.000152929188347455
72800000,0.000152637805638961
72840000,0.000153927958836735
72880000,0.000153467699343441
72920000,0.000153246302930479
72960000,0.000153020520862208
7.3e+07,0.000152199660987964
73040000,0.000153339838184513
73080000,0.000153337634387859
73120000,0.000152171481529807
73160000,0.000153391379126438
73200000,0.000151358784342422
73240000,0.000151856719434707
73280000,0.000152342400658956
73320000,0.00015154472381562
73360000,0.000153623670793317
73400000,0.000151969335658957
73440000,0.000152971063347375
73480000,0.000150360769373568
73520000,0.000152707493557531
73560000,0.000154637758136616
73600000,0.000153197780528402
73640000,0.000152302836526369
73680000,0.000152236360519156
73720000,0.000152449206612639
73760000,0.00015255707127635
73800000,0.000154353045713199
73840000,0.000154359307134792
73880000,0.000151261570614589
73920000,0.000154109388578806
73960000,0.000152897664847621
7.4e+07,0.000154252814025353
74040000,0.000153053003598982
74080000,0.000152856199492998
74120000,0.000153495917812877
74160000,0.00015224253920025
74200000,0.000153441648891899
74240000,0.000151294592961086
74280000,0.000154283478149238
74320000,0.00015312834499616
74360000,0.000153143486458682
74400000,0.000151687640853103
74440000,0.000153504038576221
74480000,0.00015063560833461
74520000,0.000152212604653936
74560000,0.000152970364263661
74600000,0.000153163557131658
74640000,0.000152671410916384
74680000,0.000153394727983656
74720000,0.00015297679551308
74760000,0.000153891326669318
74800000,0.000152797076226834
74840000,0.000154897649723276
74880000,0.000152605216052697
74920000,0.000152885853177385
74960000,0.000153314098495714
7.5e+07,0.000151759619852101
75040000,0.000152689217661373
75080000,0.000153401912082653
75120000,0.00015309773761233
75160000,0.000152473154379624
75200000,0.000153052439102454
75240000,0.000152990997185249
75280000,0.000153233087378947
75320000,0.000150763096335553
75360000,0.000153119204708819
75400000,0.000151162545976642
75440000,0.000153714901998787
75480000,0.000152930797867064
75520000,0.000152965972888361
75560000,0.000153438976200439
75600000,0.000153037352389614
75640000,0.000151302059860778
75680000,0.000152104157358367
75720000,0.000151583428979382
75760000,0.000151355064605
75800000,0.000151661240106692
75840000,0.000152770959790076
75880000,0.00015371950155932
75920000,0.000153106677472288
75960000,0.000152511820103008
7.6e+07,0.000151514998381157
76040000,0.000152519682183844
76080000,0.000153875108588224
76120000,0.000154219461142596
76160000,0.000151641410032493
76200000,0.000152748408910095
76240000,0.000153072191433947
76280000,0.000152313777896065
76320000,0.000150905928329581
76360000,0.000154172528610401
76400000,0.000150641071459389
76440000,0.0001507610236691
76480000,0.000150780496226706
76520000,0.000153083389092135
76560000,0.000151562196895054
76600000,0.000153302840138608
76640000,0.000151722286827699
76680000,0.000152729251174296
76720000,0.00015103369936006
76760000,0.000153114450223678
76800000,0.000151922115600369
76840000,0.000152711361016028
76880000,0.000151643136872147
76920000,0.000151631499477869
76960000,0.000150717996650597
7.7e+07,0.000151651060220324
77040000,0.000153248661153293
77080000,0.000154107465163196
77120000,0.000152467493555748
77160000,0.00015273506093782
77200000,0.000150384130799108
77240000,0.000151870512887705
77280000,0.000151501974095446
77320000,0.00015175291631664
77360000,0.000150370341044505
77400000,0.000152220372800204
77440000,0.000151830595087784
77480000,0.000151377436710999
77520000,0.000152890351243935
77560000,0.000151933620526804
77600000,0.000152006210645374
77640000,0.000150640736748788
77680000,0.000152322011980836
77720000,0.000151942673639058
77760000,0.000152513406717189
77800000,0.000151565490583176
77840000,0.000151842730166097
77880000,0.000151537111820372
77920000,0.000152686847671554
77960000,0.000151237889564843
7.8e+07,0.000151482848043653
78040000,0.000150846084442094
78080000,0.000150838914781109
78120000,0.000150811333917138
78160000,0.000151259516636561
78200000,0.000152071373721761
78240000,0.00015092202865621
78280000,0.000152358242372896
78320000,0.000150565732257248
78360000,0.000151038276862316
78400000,0.000150389001048091
78440000,0.000151068123262189
78480000,0.000151849830132746
78520000,0.000149171151417415
78560000,0.000150592322164706
78600000,0.000149787734058102
78640000,0.000149745476406388
78680000,0.000152191243158908
78720000,0.000150873826377137
78760000,0.000148826570871137
78800000,0.000150421086996497
78840000,0.00015037124050571
78880000,0.000152617924091598
78920000,0.000149854699639041
78960000,0.000150093233497752
7.9e+07,0.000149258697563827
79040000,0.000151291329405623
79080000,0.000150224762271003
79120000,0.000149424084823335
79160000,0.000148637456736969
79200000,0.000149956314022172
79240000,0.000151142419383414
79280000,0.00015058891349657
79320000,0.000149287975609279
79360000,0.00014997106347887
79400000,0.000149065483906455
79440000,0.000149340169419907
79480000,0.000149779463128018
79520000,0.000149702227278847
79560000,0.000149458444135758
79600000,0.000149214164435617
79640000,0.000148615387552306
79680000,0.000149196285922806
79720000,0.000150305723201777
79760000,0.000149285223946541
79800000,0.000149069453474977
79840000,0.000149888577768392
79880000,0.000148603228663427
79920000,0.000147972432044666
79960000,0.000149208076356287
8e+07,0.00014886163018341
80040000,0.000151281827708602
80080000,0.000148703101403432
80120000,0.000150554186574484
80160000,0.000147829958182991
80200000,0.000150433760759981
80240000,0.00014848640865549
80280000,0.000149057703140455
80320000,0.000149381160659395
80360000,0.000150519577788169
80400000,0.000149527968534747
80440000,0.000149796783207207
80480000,0.000150087459217667
80520000,0.000149017586589345
80560000,0.00014897736476468
80600000,0.000149351143228733
80640000,0.000147985065877397
80680000,0.000147663027233892
80720000,0.00015065428236372
80760000,0.000146733269960865
80800000,0.000148598420224215
80840000,0.000150466179370888
80880000,0.000147843450139803
80920000,0.000149867585480283
80960000,0.000149387982244299
8.1e+07,0.000149001304750923
81040000,0.000150234478636779
81080000,0.000149322048703671
81120000,0.000150310625473077
81160000,0.000147840396437351
81200000,0.000149792084102169
81240000,0.000148383935040785
81280000,0.000147629416904429
81320000,0.000148313803612767
81360000,0.000148083549954943
81400000,0.000146977344543346
81440000,0.000149235243147307
81480000,0.000148089766308016
81520000,0.000147671721188367
81560000,0.000148962370827366
81600000,0.000150012844255301
81640000,0.000147715006873462
81680000,0.000147838997672752
81720000,0.000150561577724471
81760000,0.00014841539305731
81800000,0.000149096070095271
81840000,0.000149771401492897
81880000,0.000150382580898834
81920000,0.000149089103037282
81960000,0.000150188477605089
8.2e+07,0.00014857841284411
82040000,0.000149008414644866
82080000,0.000148815251363563
82120000,0.000150282019439221
82160000,0.000149786178327507
82200000,0.000147794529062629
82240000,0.000151767159741669
82280000,0.000149433695703214
82320000,0.000149003861951281
82360000,0.000150994046271674
82400000,0.000148965901997799
82440000,0.000148603143209596
82480000,0.000149693469721824
82520000,0.000148812920792292
82560000,0.00014899370345255
82600000,0.000148375867840205
82640000,0.000149916488488413
82680000,0.000149442999645341
82720000,0.000149881838971677
82760000,0.00014725199268281
82800000,0.000150577921183572
82840000,0.000150524142198532
82880000,0.000147751079076336
82920000,0.000148364545877183
82960000,0.000149000142327241
8.3e+07,0.000148837721023216
83040000,0.000146176235669105
83080000,0.000148999350549699
83120000,0.000149332299545709
83160000,0.000147735409965517
83200000,0.000148400015231446
83240000,0.000148094434343964
83280000,0.000149825162095329
83320000,0.000149780052585745
83360000,0.000149138173811937
83400000,0.000148122756685088
83440000,0.00014835264055331
83480000,0.00014859961828004
83520000,0.000149636703480573
83560000,0.00014782919500397
83600000,0.000148909114008208
83640000,0.000147912540906361
83680000,0.000148645420935155
83720000,0.00014691025097804
83760000,0.000147308391774601
83800000,0.000147627920626799
83840000,0.000147078844320764
83880000,0.000149154347556078
83920000,0.000148939708803253
83960000,0.000147803489446927
8.4e+07,0.000148003441040709
84040000,0.00014895915025478
84080000,0.000147164640786792
84120000,0.000148389504990876
84160000,0.000149947432048378
84200000,0.000148932992386945
84240000,0.000150329353336368
84280000,0.000147062212556433
84320000,0.000148642613969558
84360000,0.000150828580036362
84400000,0.000150375063216351
84440000,0.000148131171290613
84480000,0.000147712307720201
84520000,0.0001488400962647
84560000,0.000148364645222622
84600000,0.000148068126016638
84640000,0.000148800306935418
84680000,0.000147871691179235
84720000,0.000146900955260757
84760000,0.000151441567395693
84800000,0.000150270057014687
84840000,0.000148965610821678
84880000,0.000149499769553676
84920000,0.000147689713045126
84960000,0.000149172956043962
8.5e+07,0.000145896619694544
85040000,0.000147436641752702
85080000,0.00014783837479961
85120000,0.000147930243386904
85160000,0.00014930280701605
85200000,0.000148271838647886
85240000,0.000148289060342856
85280000,0.000149391324201468
85320000,0.000153256100534616
85360000,0.000149896378293918
85400000,0.000149697660614509
85440000,0.000156007901693194
85480000,0.00015566616755119
85520000,0.000146523372748172
85560000,0.000148775859938699
85600000,0.000147235912623427
85640000,0.000149696085337693
85680000,0.000149165432954193
85720000,0.000150841556275388
85760000,0.000150668811614364
85800000,0.000148056219248057
85840000,0.000149730907201972
85880000,0.000147773661830751
85920000,0.000146860386358236
85960000,0.000147129764003353
8.6e+07,0.000151182065204583
86040000,0.00014702963319868
86080000,0.000148405964911107
86120000,0.000148671832916057
86160000,0.000149745722434812
86200000,0.000147420297462395
86240000,0.000146723748615138
86280000,0.000148207634617007
86320000,0.000146970736661849
86360000,0.00014902287288293
86400000,0.000146716534009647
86440000,0.000146575641939231
86480000,0.000149382369524885
86520000,0.000147645301653561
86560000,0.000146879060065868
86600000,0.000146135916621405
86640000,0.000148059169956471
86680000,0.000146869432937948
86720000,0.000147157994505389
86760000,0.000146484124625715
86800000,0.000147175098229053
86840000,0.000146445400089211
86880000,0.000146934099710024
86920000,0.000146166435241634
86960000,0.000146287032415135
8.7e+07,0.000146415569011861
87040000,0.000146640384415074
87080000,0.000147887091436292
87120000,0.000147415653473714
87160000,0.00014688447470424
87200000,0.000145963004027161
87240000,0.000146637881425277
87280000,0.000147963175130463
87320000,0.000146857521513965
87360000,0.000145603601550312
87400000,0.000145710113396567
87440000,0.000144783802878963
87480000,0.000145857681132363
87520000,0.000146095010682665
87560000,0.000145591982864972
87600000,0.00014567957585867
87640000,0.000147286315960289
87680000,0.000146145989532106
87720000,0.00014817861957078
87760000,0.000144685157154296
87800000,0.000145890907169386
87840000,0.000146890339960212
87880000,0.00014553798748114
87920000,0.00014693696550525
87960000,0.000147561689827982
8.8e+07,0.000147531468167552
88040000,0.000145289131124419
88080000,0.000144866922172821
88120000,0.000146416392092825
88160000,0.00014876301924283
88200000,0.000145361600235524
88240000,0.000148616837433514
88280000,0.000146064500489582
88320000,0.000148018769417087
88360000,0.000147130665550452
88400000,0.000145768491174072
88440000,0.0001457962450363
88480000,0.000146342918341621
88520000,0.000147729941131763
88560000,0.00014489522018593
88600000,0.000144581673826689
88640000,0.000146656576261022
88680000,0.000146995997035416
88720000,0.00014744425833453
88760000,0.000148317520516753
88800000,0.000145663127148144
88840000,0.000147077942325914
88880000,0.000147155304013414
88920000,0.000147577715174586
88960000,0.000143623561965731
8.9e+07,0.000146692106049524
89040000,0.000144811223907261
89080000,0.000146339858427259
89120000,0.000145143309099663
89160000,0.000147131793150729
89200000,0.00014465301314391
89240000,0.000146155989814597
89280000,0.000144620469996013
89320000,0.000146154255581717
89360000,0.000144690974808247
89400000,0.000148478934836704
89440000,0.000146342087253058
89480000,0.000145672988081563
89520000,0.000146910349013364
89560000,0.000146698783313477
89600000,0.000145801561800253
89640000,0.000146442913192078
89680000,0.00014574208891085
89720000,0.000146937959462403
89760000,0.000147048031512975
89800000,0.000146461332769979
89840000,0.000145321145200508
89880000,0.000147388137845041
89920000,0.000144532606058238
89960000,0.000144728836379745
9e+07,0.00014351328382555
90040000,0.000146165919265759
90080000,0.000144805186482964
90120000,0.000145254404129675
90160000,0.000145032245676102
90200000,0.000145127425501711
90240000,0.000144574009961373
90280000,0.000143388525397358
90320000,0.000145541642435263
90360000,0.000145474727819526
90400000,0.000144036730855275
90440000,0.000146453414838813
90480000,0.000144962038114037
90520000,0.000141414435882205
90560000,0.000142770456963965
90600000,0.000145439971008025
90640000,0.000143538549717708
90680000,0.00014398285027678
90720000,0.000142693153134582
90760000,0.00014520423735272
90800000,0.000142935571218938
90840000,0.000143020889810124
90880000,0.000144103560674127
90920000,0.000145453808803539
90960000,0.00014310647384491
9.1e+07,0.000143834189503308
91040000,0.000142971597355194
91080000,0.000144543036653413
91120000,0.000144339988639737
91160000,0.000142463375217772
91200000,0.000144314666623858
91240000,0.000142116236368633
91280000,0.000143333520292135
91320000,0.000142696075423021
91360000,0.000142094799757431
91400000,0.000142609134564548
91440000,0.000142101527397245
91480000,0.000142571548768704
91520000,0.000142935730739864
91560000,0.000142892209623654
91600000,0.000141910289962668
91640000,0.000142282524719264
91680000,0.000143698872925122
91720000,0.000141930859839758
91760000,0.000143747386543018
91800000,0.000141267531432089
91840000,0.000141048894317778
91880000,0.00014395817729261
91920000,0.000141157805724269
91960000,0.000141293409340262
9.2e+07,0.000141028801334477
92040000,0.000142904437966593
92080000,0.000142936315381865
92120000,0.000142230019008265
92160000,0.000142711597001464
92200000,0.00014223727435334
92240000,0.000143200716866143
92280000,0.000141934701319258
92320000,0.000142822870535983
92360000,0.000141285592925005
92400000,0.000142531647561658
92440000,0.000143254171625825
92480000,0.000143202833022229
92520000,0.000142136405481717
92560000,0.000140841709350473
92600000,0.000139313501178675
92640000,0.000141487654581888
92680000,0.000142388951552576
92720000,0.000143197378308949
92760000,0.000141108643760448
92800000,0.000140179914032618
92840000,0.000142625347505397
92880000,0.000142099814479361
92920000,0.00014192866014852
92960000,0.000140648807555305
9.3e+07,0.000141460756070838
93040000,0.00014023335927771
93080000,0.000143123312867099
93120000,0.000141021970108941
93160000,0.000141353913531318
93200000,0.000140735951006488
93240000,0.000142558941635708
93280000,0.000141528237215096
93320000,0.000142726402997508
93360000,0.000141704330652435
93400000,0.000140588928692113
93440000,0.000141149646053858
93480000,0.000142326122208216
93520000,0.000143229740111305
93560000,0.000140527907432396
93600000,0.00014102466704017
93640000,0.000140478770980233
93680000,0.000140660466459714
93720000,0.000142029297517657
93760000,0.0001416592876833
93800000,0.000142226534750135
93840000,0.000139736915859686
93880000,0.000140675859263257
93920000,0.000142128357723187
93960000,0.000140642022215903
9.4e+07,0.000140766653267889
94040000,0.000141129347606228
94080000,0.000140037718725579
94120000,0.000141109936072473
94160000,0.000141309882756053
94200000,0.000141169674360544
94240000,0.000140614198044998
94280000,0.000141962903092085
94320000,0.000142436476569632
94360000,0.000140308787640279
94400000,0.000142981478455572
94440000,0.000140611975769116
94480000,0.000141890591472965
94520000,0.000141320259811844
94560000,0.000140160327212955
94600000,0.000142486378475222
94640000,0.000142753783060349
94680000,0.000140685306006883
94720000,0.000139883819091858
94760000,0.000141011969402057
94800000,0.000142157364290762
94840000,0.000138996343077361
94880000,0.000142147827871546
94920000,0.000140639918396075
94960000,0.000140592389133501
9.5e+07,0.000139985014938286
95040000,0.000141584045474966
95080000,0.000142482243928312
95120000,0.000141576444621366
95160000,0.000141683257954562
95200000,0.000139692057267947
95240000,0.000140123512399651
95280000,0.000141382963193063
95320000,0.000143477850887624
95360000,0.00014308290116456
95400000,0.000142629651564458
95440000,0.000140662460741994
95480000,0.00014093152656469
95520000,0.000141500607858498
95560000,0.000144568703090129
95600000,0.000141654927841835
95640000,0.000140734732460955
95680000,0.000141194951713191
95720000,0.000142415576969487
95760000,0.000140634969038824
95800000,0.000139011203825783
95840000,0.000140235100273758
95880000,0.000141975820496584
95920000,0.000140937316565905
95960000,0.000140814752495834
9.6e+07,0.000141483125563605
96040000,0.000142499984170405
96080000,0.000141830608349661
96120000,0.000142456492821136
96160000,0.000141447837147819
96200000,0.000140643734371621
96240000,0.000140658964292918
96280000,0.000141557829998854
96320000,0.000138959444275285
96360000,0.000142101992016156
96400000,0.000141194215133399
96440000,0.000141056348972942
96480000,0.000140268242747935
96520000,0.000140404704661151
96560000,0.000141514946961868
96600000,0.000140901487074059
96640000,0.000141452799569678
96680000,0.000142485245977555
96720000,0.000138998479892511
96760000,0.000139080381966314
96800000,0.000141363631407361
96840000,0.000140173703590203
96880000,0.000140113344293562
96920000,0.000140420686458779
96960000,0.000140214883213481
9.7e+07,0.000139427578169085
97040000,0.000139484141548589
97080000,0.000140026487953923
97120000,0.000139727366146141
97160000,0.00013766020167591
97200000,0.000138340856140225
97240000,0.000138963440774983
97280000,0.00013896895235576
97320000,0.000138756870356561
97360000,0.000139022873398224
97400000,0.000139181168881738
97440000,0.000140279248150414
97480000,0.000138271112979599
97520000,0.000139996976234133
97560000,0.000140033899320785
97600000,0.000139424901172166
97640000,0.000139399838951999
97680000,0.000139192765685778
97720000,0.000139295418838097
97760000,0.000138804535427469
97800000,0.00013980069368372
97840000,0.000138818204469247
97880000,0.000140300639775616
97920000,0.000138155626237229
97960000,0.000139846664557921
9.8e+07,0.000138348240354174
98040000,0.000137879561207372
98080000,0.000137650461023495
98120000,0.000140547425366605
98160000,0.000141244592457884
98200000,0.000139413202983294
98240000,0.000140298357378049
98280000,0.000141331665930511
98320000,0.000141238794650522
98360000,0.00014021357451712
98400000,0.000138068590015126
98440000,0.000140766685873028
98480000,0.000138972926568394
98520000,0.000138640917148765
98560000,0.000139285670262729
98600000,0.000137908064718312
98640000,0.000140210834780378
98680000,0.000139570746524369
98720000,0.000140425515601479
98760000,0.000140434184459104
98800000,0.000138893738341074
98840000,0.000139368419585692
98880000,0.000141068699454126
98920000,0.000140585158220723
98960000,0.000139722719330071
9.9e+07,0.000139693571252869
99040000,0.000139637011139433
99080000,0.000137205658623298
99120000,0.000140343703080464
99160000,0.000141270450095843
99200000,0.000138779463062544
99240000,0.000140963667782406
99280000,0.0001394122884801
99320000,0.00013918970813315
99360000,0.000139258322061942
99400000,0.000140513215983597
99440000,0.00013980080925494
99480000,0.00013912040346083
99520000,0.000139226573659425
99560000,0.000139531107509096
99600000,0.000138897032434351
99640000,0.000139169455760307
99680000,0.000138264151436088
99720000,0.000138518030539308
99760000,0.000138482328905294
99800000,0.00013868670363411
99840000,0.000136628293759073
99880000,0.000137986186228069
99920000,0.000139559312484198
99960000,0.000139555193010343
1e+08,0.000138401331460662
100040000,0.000139000174112668
100080000,0.000139521167383264
100120000,0.000138746911767168
100160000,0.000137000758440981
100200000,0.000138208939043828
100240000,0.000139393235779255
100280000,0.000138548234663766
100320000,0.000138069361385757
100360000,0.000138318172798847
100400000,0.000138505806853129
100440000,0.000139015884021431
100480000,0.000139003093746794
100520000,0.000139780229125407
100560000,0.000137904383681451
100600000,0.000140270347089915
100640000,0.000139309480607213
100680000,0.000140607279027417
100720000,0.000141280309155031
100760000,0.000138905836502312
100800000,0.000139835959372159
100840000,0.000138500356675336
100880000,0.000136580358255575
100920000,0.000140036373743055
100960000,0.000137687616856905
1.01e+08,0.000138925579699798
101040000,0.000139318922950536
101080000,0.00013851275842705
101120000,0.000139065150925924
101160000,0.000137465266780278
101200000,0.000137233285348218
101240000,0.000138839149503137
101280000,0.000139126123089782
101320000,0.000140030970187368
101360000,0.000139494464732864
101400000,0.000140661627606324
101440000,0.000138891974994478
101480000,0.000138929379743492
101520000,0.000137392034084713
101560000,0.00013872521511122
101600000,0.000138975149773189
101640000,0.000140663409644554
101680000,0.000140547965182516
101720000,0.00013877529816465
101760000,0.000138156823633783
101800000,0.000137914658284424
101840000,0.000139576180625135
101880000,0.000138732914775346
101920000,0.000139566334307546
101960000,0.000138536234029529
1.02e+08,0.000137854508321414
102040000,0.000140643602542096
102080000,0.000139405072915637
102120000,0.00013769021815364
102160000,0.000138900422197268
102200000,0.000137732979389494
102240000,0.000138202612907439
102280000,0.000138623608739596
102320000,0.000139315500712091
102360000,0.000138925274237124
102400000,0.000138172298886432
102440000,0.000138488715182457
102480000,0.000138020428433202
102520000,0.000138600391757421
102560000,0.000140763400204635
102600000,0.000137756051450436
102640000,0.000140910575646233
102680000,0.00013635876035986
102720000,0.000139574036170436
102760000,0.000139285978508154
102800000,0.00013953127705746
102840000,0.00013892466345461
102880000,0.000138464951621537
102920000,0.000138829388714115
102960000,0.000138823643605548
1.03e+08,0.00013807328083295
103040000,0.000139930836778955
103080000,0.000138856827996623
103120000,0.000138329819010636
103160000,0.000138852207069435
103200000,0.000140643440613289
103240000,0.000138150349260577
103280000,0.000139462692839663
103320000,0.000138972218018854
103360000,0.00013634755293853
103400000,0.000139279209553709
103440000,0.000138823466091677
103480000,0.000139045207245775
103520000,0.000138884486450675
103560000,0.000138303070171862
103600000,0.000138403408547113
103640000,0.000137063071624017
103680000,0.000138525577995532
103720000,0.000137524968500897
103760000,0.000139095276976874
103800000,0.000139350002274661
103840000,0.000137872737436468
103880000,0.000138125407761011
103920000,0.000137241827913693
103960000,0.000137486951430024
1.04e+08,0.000136847307450693
104040000,0.000138244836993742
104080000,0.000137149210635314
104120000,0.000139129176208725
104160000,0.000138255158908207
104200000,0.000139121607264149
104240000,0.000135980715740631
104280000,0.00013731835168665
104320000,0.000137061688106154
104360000,0.000138688542029492
104400000,0.000138002470206019
104440000,0.00013799131842549
104480000,0.000137942005192277
104520000,0.00013639626287712
104560000,0.000138290565771113
104600000,0.000138276461634739
104640000,0.000137254850259048
104680000,0.000138597425865145
104720000,0.000137474483563734
104760000,0.000135508647459804
104800000,0.000136752846227038
104840000,0.000138304739881958
104880000,0.000136209101497278
104920000,0.000138056872862396
104960000,0.000137400405108618
1.05e+08,0.000137015332765281
105040000,0.00013725129394109
105080000,0.000135861254378542
105120000,0.000136904801264361
105160000,0.000135814468772332
105200000,0.00013869790297526
105240000,0.000138438573743094
105280000,0.000138538696414781
105320000,0.000136788477466508
105360000,0.000136910978644428
105400000,0.000138538773942744
105440000,0.000138520645726548
105480000,0.000137045794302286
105520000,0.000137772357960553
105560000,0.000136997903139513
105600000,0.000136195746746786
105640000,0.000135785918783628
105680000,0.000136216062703746
105720000,0.000137179932054626
105760000,0.000137734193952586
105800000,0.000135961992347756
105840000,0.00013609805958576
105880000,0.000137302216670121
105920000,0.000136410508502416
105960000,0.000136390082983489
1.06e+08,0.000137275019289425
106040000,0.000135690264997134
106080000,0.000135865953978908
106120000,0.000138048189953699
106160000,0.000136573678771983
106200000,0.000138449196313076
106240000,0.000137176291307561
106280000,0.000136929317571666
106320000,0.000136693969153759
106360000,0.000139535235202844
106400000,0.000136901879613761
106440000,0.000136946811043509
106480000,0.000139124721421485
106520000,0.000136494464859475
106560000,0.000136065989496624
106600000,0.000135388810065335
106640000,0.000135160171193476
106680000,0.000138282964107928
106720000,0.000136728394710889
106760000,0.000135611779243736
106800000,0.0001364301701276
106840000,0.000138632199668373
106880000,0.000136486019766215
106920000,0.000137428468427703
106960000,0.000138423730844108
1.07e+08,0.000137132029464011
107040000,0.000137604341021175
107080000,0.000137943314824823
107120000,0.000135568527476336
107160000,0.000137972344321435
107200000,0.000136959897431231
107240000,0.000135684940500024
107280000,0.00013753690240636
107320000,0.000136469925070417
107360000,0.000137878445309455
107400000,0.00013604708885781
107440000,0.000136184914469023
107480000,0.000133606737432864
107520000,0.000137654503317744
107560000,0.00013617819767603
107600000,0.000136107117568653
107640000,0.000137000264987726
107680000,0.000133383926285927
107720000,0.000138241165659564
107760000,0.000137332003169587
107800000,0.000139693730984519
107840000,0.000136917570704369
107880000,0.000136819330972796
107920000,0.000135971981816734
107960000,0.000135616125800938
1.08e+08,0.000137311878077774
108040000,0.000136559598133426
108080000,0.000137397482165825
108120000,0.00013422782745981
108160000,0.00013547856281476
108200000,0.00013619810008124
108240000,0.000135791378447051
108280000,0.000137154595872728
108320000,0.000140929572598963
108360000,0.000135575315859097
108400000,0.000136256235424435
108440000,0.000137732527731677
108480000,0.000138274373150109
108520000,0.000137642337083583
108560000,0.000136802352304141
108600000,0.000135845762925645
108640000,0.000135605420726192
108680000,0.000135981616288199
108720000,0.000138145911329084
108760000,0.000134792570366681
108800000,0.000136594683296291
108840000,0.000137299810117263
108880000,0.000134208846779359
108920000,0.000137649468041475
108960000,0.000137515902778142
1.09e+08,0.000136905626624626
109040000,0.000137635895976245
109080000,0.000140129258750747
109120000,0.000137925129484876
109160000,0.000134699001351638
109200000,0.000137325147134672
109240000,0.000136743443650455
109280000,0.000136867102298547
109320000,0.000137765707983231
109360000,0.000133374994251294
109400000,0.000136325147392593
109440000,0.000137761430738747
109480000,0.000136706601437201
109520000,0.000135900752205488
109560000,0.000137076390725888
109600000,0.000135337263181049
109640000,0.000136897002020939
109680000,0.000135572164048779
109720000,0.000137314340933379
109760000,0.000135914808047057
109800000,0.000138010347983519
109840000,0.000137254138243742
109880000,0.00013657604385295
109920000,0.00013534505422252
109960000,0.000134523630987748
1.1e+08,0.000136745419257037
110040000,0.000133905435805289
110080000,0.000137072631773666
110120000,0.000135002539682684
110160000,0.000138378255570192
110200000,0.000139292354440128
110240000,0.00013475924160679
110280000,0.000137822380938456
110320000,0.0001371209844336
110360000,0.000137873027459771
110400000,0.000137024922777608
110440000,0.000137844358685787
110480000,0.000136574908065446
110520000,0.000136849477828563
110560000,0.000137139908061201
110600000,0.000136508073538368
110640000,0.000135378637651965
110680000,0.000137723386753945
110720000,0.000138528860090743
110760000,0.000134815161808905
110800000,0.000136283712214352
110840000,0.000133539483070484
110880000,0.000137718143482474
110920000,0.000137207800188626
110960000,0.000136822748854952
1.11e+08,0.00013796464429987
111040000,0.000136675571332667
111080000,0.000136194871330065
111120000,0.00013443514810479
111160000,0.000138493527926266
111200000,0.000136877313405299
111240000,0.000137385290145804
111280000,0.000136532990145497
111320000,0.000139283621082744
111360000,0.000135185445403976
111400000,0.000138016883541925
111440000,0.000138282710463091
111480000,0.000137515586696245
111520000,0.000138114054663608
111560000,0.000136020987587035
111600000,0.000136796186778984
111640000,0.000138497156179801
111680000,0.000137140574305111
111720000,0.000137993906298779
111760000,0.000136992425514703
111800000,0.000135858312384816
111840000,0.000136884118587254
111880000,0.000136158802967915
111920000,0.00013686132491026
111960000,0.000137738040880408
1.12e+08,0.00013691707263825
112040000,0.000137073207849436
112080000,0.000135973975132131
112120000,0.000136756500599144
112160000,0.000136724146150147
112200000,0.000136681490752311
112240000,0.000137337131866978
112280000,0.000137577321408963
112320000,0.000136363336747581
112360000,0.000134662828176403
112400000,0.000136537595774286
112440000,0.000137315940945031
112480000,0.000137355257362618
112520000,0.000136656476799213
112560000,0.000137131150463273
112600000,0.000135985067145052
112640000,0.000136616575177766
112680000,0.000136288691700786
112720000,0.000136041933899707
112760000,0.000135705093342989
112800000,0.00013674211852482
112840000,0.000135527053964771
112880000,0.000136289937279353
112920000,0.000137450628298254
112960000,0.000136363447350993
1.13e+08,0.000137892192504107
113040000,0.00013487674374672
113080000,0.000136781641720795
113120000,0.000137633317705325
113160000,0.00013645326400328
113200000,0.000136156079042807
113240000,0.000135976036738227
113280000,0.000138115704669766
113320000,0.000137021999399726
113360000,0.000135013463555899
113400000,0.000135693600795619
113440000,0.000135143217773002
113480000,0.000134212965385371
113520000,0.000135554212507866
113560000,0.000136861691451233
113600000,0.000137778656919005
113640000,0.000136114230258307
113680000,0.000133992094948194
113720000,0.000137409731481892
113760000,0.000136464057453425
113800000,0.000136104951073464
113840000,0.000136897913462414
113880000,0.00013582009207003
113920000,0.00013659106832248
113960000,0.000136400035364497
1.14e+08,0.000136505709241295
114040000,0.000136150165913889
114080000,0.00013486247288945
114120000,0.000136435070059378
114160000,0.000138644059647309
114200000,0.000134910417472893
114240000,0.000135919417283271
114280000,0.000135937930347398
114320000,0.000135312565474953
114360000,0.000137514437956122
114400000,0.000135048529019102
114440000,0.000135832244158211
114480000,0.000136471335563137
114520000,0.000135570849910824
114560000,0.000137538337072445
114600000,0.000134786673516098
114640000,0.000137085931491589
114680000,0.000136883432218673
114720000,0.000137581316020333
114760000,0.000134916762729451
114800000,0.000136112116115811
114840000,0.000136566395365729
114880000,0.000136278416104563
114920000,0.000139669669147349
114960000,0.000136707695142902
1.15e+08,0.000138146365411962
115040000,0.000137580068750285
115080000,0.000135765343639974
115120000,0.000137246451117828
115160000,0.000134348730876946
115200000,0.000135802609383265
115240000,0.000136874845391395
115280000,0.000135276508744634
115320000,0.000136768368202625
115360000,0.000138259416659844
115400000,0.000136858738815289
115440000,0.000140736767502676
115480000,0.000138178451434729
115520000,0.000137792165415734
115560000,0.000136553717327509
115600000,0.000137413780074201
115640000,0.000136511329115276
115680000,0.000137264635410324
115720000,0.000136090772217675
115760000,0.000138873695969725
115800000,0.000137563940643924
115840000,0.000136551227987485
115880000,0.000136183205486651
115920000,0.000134139201301134
115960000,0.000137727297819279
1.16e+08,0.000134773706466243
116040000,0.000137810500551978
116080000,0.000137920795472081
116120000,0.000136716549335749
116160000,0.000137801635755283
116200000,0.00013546872708991
116240000,0.000136291088999685
116280000,0.000136573228900132
116320000,0.000136929048008656
116360000,0.000137460395346301
116400000,0.000137663085418846
116440000,0.00013667321000853
116480000,0.000136846820470578
116520000,0.000136474553213922
116560000,0.00013572190132298
116600000,0.00013696303653963
116640000,0.00013767429700221
116680000,0.00013554789655319
116720000,0.000134988087545938
116760000,0.000135040352370244
116800000,0.00013596397897505
116840000,0.000135269869178594
116880000,0.000136282675501781
116920000,0.000137089839338011
116960000,0.000135916889607241
1.17e+08,0.000139357006257261
117040000,0.000137870742140133
117080000,0.000137191889672925
117120000,0.000137404721634839
117160000,0.000136771782587213
117200000,0.000136634226651454
117240000,0.000134507993482144
117280000,0.000137415840641229
117320000,0.000134071686704094
117360000,0.000135801110729621
117400000,0.00013503773938633
117440000,0.000136592578209321
117480000,0.000138622839622497
117520000,0.000134468728905864
117560000,0.000134528333292003
117600000,0.00013581163571246
117640000,0.000138644880839853
117680000,0.000136160832209238
117720000,0.000135430747025396
117760000,0.000135966162049157
117800000,0.000137343012939854
117840000,0.000134124366632557
117880000,0.000135593926137719
117920000,0.000135649526310227
117960000,0.000136164043584437
1.18e+08,0.000134360133579139
118040000,0.000135461662835288
118080000,0.000136039110670707
118120000,0.000134939886293567
118160000,0.000138782208258352
118200000,0.000136114672110131
118240000,0.000135358151525095
118280000,0.000136325605575053
118320000,0.000136620573103124
118360000,0.000138291244121743
118400000,0.000135300057937848
118440000,0.000137656750384086
118480000,0.000137017952700021
118520000,0.000137314439393242
118560000,0.000134421594396896
118600000,0.000136038295949999
118640000,0.000134087058702448
118680000,0.000134617138070326
118720000,0.000136658140350115
118760000,0.000135781348088994
118800000,0.000135942947756734
118840000,0.000138029772043874
118880000,0.000138158128724929
118920000,0.000135078550506404
118960000,0.00013576459168926
1.19e+08,0.00013528733035149
119040000,0.000136087941467416
119080000,0.000137502534074526
119120000,0.000136185376805169
119160000,0.000137363875456459
119200000,0.000135063271559333
119240000,0.000137823103020119
119280000,0.000136257931371168
119320000,0.000137758171337198
119360000,0.00013493845270312
119400000,0.000136338675618612
119440000,0.000137234527872392
119480000,0.000137360214182565
119520000,0.000134298022234763
119560000,0.000136704275954334
119600000,0.000133687070137896
119640000,0.000135206296506902
119680000,0.000134332492533356
119720000,0.000134848118893379
119760000,0.000138302301038435
119800000,0.000135711918262834
119840000,0.000136461008123461
119880000,0.000136291935457684
119920000,0.000136888668820425
119960000,0.000135027070161286
1.2e+08,0.00013726202135048
120040000,0.000136837738235475
120080000,0.000136792168259773
120120000,0.000137188921814112
120160000,0.000134908464021373
120200000,0.000134400620017334
120240000,0.000135245899350894
120280000,0.000137097067172176
120320000,0.000136462615587735
120360000,0.000135172350792734
120400000,0.000136212671538077
120440000,0.00013603103772888
120480000,0.000135152711773012
120520000,0.00013492234074895
120560000,0.000134683837401956
120600000,0.000137821432237696
120640000,0.000136981982287696
120680000,0.00013665570406624
120720000,0.000138226707082071
120760000,0.000136325602319127
120800000,0.000133715966698748
120840000,0.00013667589904431
120880000,0.000133021657194998
120920000,0.000137876487808076
120960000,0.000135028725314794
1.21e+08,0.000136673610169095
121040000,0.00013730040033436
121080000,0.000136335640200827
121120000,0.000137959015559917
121160000,0.00013773407668194
121200000,0.000135134687697505
121240000,0.00013710623968121
121280000,0.000138502084706312
121320000,0.000134751440469307
121360000,0.000135881504400967
121400000,0.000137262458564508
121440000,0.000137060157362671
121480000,0.000136336655349891
121520000,0.000134409597309671
121560000,0.000136180688385627
121600000,0.000137826106313922
121640000,0.000139112832349866
121680000,0.000138604052959053
121720000,0.00013436411178383
121760000,0.000137162043009589
121800000,0.000137634068773378
121840000,0.000138372168249885
121880000,0.000133908066176737
121920000,0.000136865138887135
121960000,0.00013373180528322
1.22e+08,0.000136258847947221
122040000,0.000137087420117949
122080000,0.000135340710725604
122120000,0.000137317972771445
122160000,0.000135135056639381
122200000,0.000134290057258288
122240000,0.000137021259706215
122280000,0.000134236077514295
122320000,0.000135426885516583
122360000,0.000135592937961117
122400000,0.00013524802370777
122440000,0.000136709777600984
122480000,0.000135322690021281
122520000,0.000136998930364089
122560000,0.000138496357804051
122600000,0.000134752971884209
122640000,0.000137501240084495
122680000,0.000135759982493365
122720000,0.000136581353029125
122760000,0.000134947808086053
122800000,0.00013723516463606
122840000,0.000136319083197024
122880000,0.000135351149435254
122920000,0.000136249481540095
122960000,0.000135742995232397
1.23e+08,0.00013483155320815
123040000,0.000137041584081829
123080000,0.000136035830783075
123120000,0.000134505632374008
123160000,0.000137842938183156
123200000,0.000135397178834209
123240000,0.000134737189490087
123280000,0.000135039540768397
123320000,0.000136243977395103
123360000,0.00013653542558929
123400000,0.000134105853444083
123440000,0.000137090534239929
123480000,0.000135159400342444
123520000,0.000137554580690974
123560000,0.000134648098660614
123600000,0.000133922661284931
123640000,0.000135941570059709
123680000,0.000136981017103844
123720000,0.000137363518764491
123760000,0.000136456830929567
123800000,0.000133367224427684
123840000,0.000137500696303699
123880000,0.000134135680474009
123920000,0.000138150282789796
123960000,0.000135232675234721
1.24e+08,0.000135638090711249
124040000,0.000136352048201822
124080000,0.00013623202624336
124120000,0.000134615337808497
124160000,0.000134652535750214
124200000,0.000135565957718415
124240000,0.000134407701705695
124280000,0.000135865772659859
124320000,0.000137323553973239
124360000,0.000136703636437308
124400000,0.000136173128688351
124440000,0.000135589066929545
124480000,0.000133322318399086
124520000,0.000134894706195185
124560000,0.000136455207523601
124600000,0.000133693571670969
124640000,0.000136155819306264
124680000,0.000135400655979982
124720000,0.000136672094131812
124760000,0.000135671977335235
124800000,0.000133766175558224
124840000,0.000134194942687265
124880000,0.000134072591079243
124920000,0.000133907041326942
124960000,0.000135131352804682
1.25e+08,0.000133966446429008
125040000,0.000136192641866223
125080000,0.000133326806573693
125120000,0.000131987308841806
125160000,0.000135990405742334
125200000,0.000133079791484441
125240000,0.000135470419916638
125280000,0.0001321617498561
125320000,0.000134144463598755
125360000,0.000133329507579191
125400000,0.000133982684341551
125440000,0.00013579563436967
125480000,0.000134620506135584
125520000,0.000134298114770196
125560000,0.000133228682215782
125600000,0.00013484046104798
125640000,0.000136115456114092
125680000,0.000135043867763185
125720000,0.000136388887382739
125760000,0.000137121838835175
125800000,0.000134810795266297
125840000,0.000138055865415516
125880000,0.000134493103304555
125920000,0.000136447921357288
125960000,0.000136500574486603
1.26e+08,0.000136656768496852
126040000,0.000134747268561563
126080000,0.000133681733245393
126120000,0.000134262022728956
126160000,0.000133527882595588
126200000,0.000134637122442524
126240000,0.000133341161018115
126280000,0.000136598569262648
126320000,0.000133996566451214
126360000,0.000134882693965128
126400000,0.000135984060649961
126440000,0.000135267521752951
126480000,0.000131464308695765
126520000,0.000135189189440877
126560000,0.000135014033019723
126600000,0.000136843532561603
126640000,0.000135923993316561
126680000,0.000136038203089226
126720000,0.000134511997814976
126760000,0.000134999097565781
126800000,0.000134192193887187
126840000,0.000134364803948497
126880000,0.000133058829627027
126920000,0.000133911905161078
126960000,0.000134038606406337
1.27e+08,0.000135636998604662
127040000,0.000135568443876959
127080000,0.000136147455242365
127120000,0.000137589646174237
127160000,0.000134407225524167
127200000,0.000134513066772312
127240000,0.00013415522342911
127280000,0.00013358173549814
127320000,0.000134930179886092
127360000,0.000133437005700509
127400000,0.000136446994195939
127440000,0.000133289724822527
127480000,0.000135474507926777
127520000,0.000133903209964386
127560000,0.00013718230753224
127600000,0.00013831905635027
127640000,0.0001318421795335
127680000,0.000135745248830812
127720000,0.000135519709055961
127760000,0.000136663269520874
127800000,0.000135483056734437
127840000,0.00013408597156833
127880000,0.000135457587789667
127920000,0.000136364926488933
127960000,0.000134227793278382
1.28e+08,0.000133363466481393
128040000,0.000133504451028914
128080000,0.000135832457626377
128120000,0.000138212901408827
128160000,0.000136186804830243
128200000,0.000136559969513615
128240000,0.000137061455926149
128280000,0.00013592689073751
128320000,0.000136449351044984
128360000,0.000137355905376935
128400000,0.00013431582030634
128440000,0.000137414050456677
128480000,0.000136197898652493
128520000,0.000134102914388579
128560000,0.000138004947569938
128600000,0.000136391209580189
128640000,0.000137508273613834
128680000,0.000136796780968006
128720000,0.000135181875737112
128760000,0.000138194402575667
128800000,0.000137235207910226
128840000,0.000135927329846609
128880000,0.000139536908521138
128920000,0.000137658517318475
128960000,0.000135997173487649
1.29e+08,0.000136490360961921
129040000,0.000135676635146555
129080000,0.000136852722126152
129120000,0.000136296089066909
129160000,0.000138017497514633
129200000,0.000134538334818287
129240000,0.000137676607934155
129280000,0.000134360790896404
129320000,0.000136027822259387
129360000,0.000137193978780348
129400000,0.000135081555484548
129440000,0.000138810782069098
129480000,0.000135906625613689
129520000,0.000133777787204235
129560000,0.000137700323995983
129600000,0.000133971223465934
129640000,0.000136320265675352
129680000,0.000134998750700102
129720000,0.00013743056626272
129760000,0.000136806985423386
129800000,0.000138412815397921
129840000,0.000137266042403117
129880000,0.000133880176496116
129920000,0.000133200623285038
129960000,0.000135113670510497
1.3e+08,0.000136048041545597
130040000,0.000135224178388774
130080000,0.000136527282159536
130120000,0.000136672775481078
130160000,0.000135724834206698
130200000,0.000136061433899924
130240000,0.000134859733410207
130280000,0.00013184061006526
130320000,0.000140336074664503
130360000,0.000134778982998486
130400000,0.00013446926149741
130440000,0.000133617376968365
130480000,0.000135283843631759
130520000,0.00013462939814728
130560000,0.000133312207285572
130600000,0.000136411055998708
130640000,0.000135907723096884
130680000,0.000136726330662708
130720000,0.000135810497375845
130760000,0.000135260895694551
130800000,0.000135455714051529
130840000,0.000133995058365212
130880000,0.000133996706548254
130920000,0.000133719043001189
130960000,0.000132666127285093
1.31e+08,0.000136962228519941
131040000,0.000136191989595054
131080000,0.000133778122316804
131120000,0.000136648169535859
131160000,0.000134055374462594
131200000,0.000134507672719091
131240000,0.000137805470224581
131280000,0.000136897577396121
131320000,0.000139365980666771
131360000,0.000137099461948109
131400000,0.000135059852640586
131440000,0.000139387440398652
131480000,0.000137378712828955
131520000,0.000137063139055689
131560000,0.000134720094902772
131600000,0.000135837467951886
131640000,0.000134814266495691
131680000,0.00013691479663293
131720000,0.000137602270755289
131760000,0.000135673117992025
131800000,0.000136506210798699
131840000,0.000137402346922513
131880000,0.000135128528612825
131920000,0.000136436401714804
131960000,0.000136804872667749
1.32e+08,0.000137132365925171
132040000,0.000135480674290351
132080000,0.000135289716810132
132120000,0.000136794449000849
132160000,0.000138176881897408
132200000,0.000134476119727703
132240000,0.000133538593996292
132280000,0.000134670252860961
132320000,0.000136223597415158
132360000,0.000137575993509629
132400000,0.000134023245727266
132440000,0.000135540963673299
132480000,0.000134866108797785
132520000,0.000136085747252316
132560000,0.000135299714031163
132600000,0.000134841542458905
132640000,0.000136271573901125
132680000,0.000136852506785578
132720000,0.000135994066565418
132760000,0.000134998794341457
132800000,0.000134274511496688
132840000,0.000136361878756963
132880000,0.000136822844260404
132920000,0.000134528098957557
132960000,0.000133162690892626
1.33e+08,0.000138019644234628
133040000,0.000134739632705985
133080000,0.000134620191932325
133120000,0.00013732020353858
133160000,0.000136507135874765
133200000,0.000136234357252496
133240000,0.000133917247344781
133280000,0.000138009204631654
133320000,0.000133142019277556
133360000,0.000133671716770331
133400000,0.00013657943585631
133440000,0.000134921315611792
133480000,0.000139087820693254
133520000,0.000138326504678526
133560000,0.000138430312959266
133600000,0.000134509362199456
133640000,0.000137437557305409
133680000,0.000139032199188859
133720000,0.00013411372597284
133760000,0.000135605704400636
133800000,0.000133170529691437
133840000,0.000134696691200575
133880000,0.000139129965966787
133920000,0.000135111992334467
133960000,0.000134266647213222
1.34e+08,0.000134402005998234
134040000,0.000135809420000625
134080000,0.000133950093293173
134120000,0.000137670822101154
134160000,0.000135186654806477
134200000,0.000134161896816471
134240000,0.000134064912579565
134280000,0.000134583508197158
134320000,0.000134007016483737
134360000,0.00013776357487305
134400000,0.000134948901355481
134440000,0.000134120503778491
134480000,0.000133159645056393
134520000,0.000136913579725529
134560000,0.000137407778650692
134600000,0.000132866657096929
134640000,0.000134285256524042
134680000,0.000134761924422148
134720000,0.000135246079783714
134760000,0.000133834860364252
134800000,0.000132577763800858
134840000,0.000137941047557695
134880000,0.000136021527773406
134920000,0.000134985328785423
134960000,0.000135590678133575
1.35e+08,0.000138285088209076
135040000,0.000136654103189288
135080000,0.00013178749007097
135120000,0.00013890100672618
135160000,0.00013614171929849
135200000,0.000136172578171908
135240000,0.000138752382533674
135280000,0.000136629602050487
135320000,0.000137518793344351
135360000,0.000133507389328199
135400000,0.000132568963946874
135440000,0.00013472541121665
135480000,0.000134561773448659
135520000,0.000136855157535547
135560000,0.000135263880012451
135600000,0.000136782024703486
135640000,0.000135731368863636
135680000,0.000132645501268912
135720000,0.000134546819931616
135760000,0.000133700580123003
135800000,0.000132210716650833
135840000,0.000132494256842442
135880000,0.000134953537640665
135920000,0.000136588173118552
135960000,0.000133548908536719
1.36e+08,0.000133685803105604
136040000,0.000131821750204403
136080000,0.000133810791752816
136120000,0.000136796602146523
136160000,0.000134509420968557
136200000,0.000135362452263676
136240000,0.000132636818405741
136280000,0.000135040480492917
136320000,0.000136135925235555
136360000,0.000134684115106649
136400000,0.000134730593255583
136440000,0.000132639357008012
136480000,0.000131183011834724
136520000,0.000133894319610082
136560000,0.000136069174445372
136600000,0.00013379424540454
136640000,0.000134378825384824
136680000,0.000133026676640095
136720000,0.000135206110374104
136760000,0.000134430645280373
136800000,0.000133873901118255
136840000,0.000132702686397174
136880000,0.000134997685049931
136920000,0.000130741082212274
136960000,0.000136075762017279
1.37e+08,0.000137380915912844
137040000,0.000134301667018471
137080000,0.000133178905424712
137120000,0.000138335849832025
137160000,0.000133265234494704
137200000,0.000137204239889536
137240000,0.000134574963622793
137280000,0.000133088143820971
137320000,0.000136364255308763
137360000,0.00013493779942501
137400000,0.000135097229661998
137440000,0.000136761817616424
137480000,0.000133025531306379
137520000,0.000133915933441048
137560000,0.000136118715625291
137600000,0.000134871382728505
137640000,0.000134341245442854
137680000,0.000138245843208857
137720000,0.000134110356465643
137760000,0.000136162177532579
137800000,0.000135370887130186
137840000,0.000133529916993779
137880000,0.000135945964455159
137920000,0.000135747189213035
137960000,0.000135429568332866
1.38e+08,0.000132175657967173
138040000,0.000134274750384209
138080000,0.000138054989332518
138120000,0.000134788596488433
138160000,0.000135511377768451
138200000,0.000131936048585987
138240000,0.00013336889663034
138280000,0.000134774773633212
138320000,0.000133416715371323
138360000,0.000133679374530151
138400000,0.000133919280419119
138440000,0.00013516515136304
138480000,0.000133877907318637
138520000,0.000132157392199486
138560000,0.000131498183916611
138600000,0.000133104976563752
138640000,0.000133367251905674
138680000,0.000135469666511195
138720000,0.000133021660801151
138760000,0.000136590797819058
138800000,0.00013510331856643
138840000,0.000133356096822303
138880000,0.000132218093281171
138920000,0.000134368626526795
138960000,0.000131515244959989
1.39e+08,0.000135072240120763
139040000,0.000131467147950526
139080000,0.00013374645963182
139120000,0.000132400615924809
139160000,0.000133249269541226
139200000,0.000133446027170511
139240000,0.000132535139740916
139280000,0.000132722195186881
139320000,0.000135868877396745
139360000,0.000134350951551137
139400000,0.000131708364033917
139440000,0.0001319261085449
139480000,0.00013403690715458
139520000,0.000134987070325246
139560000,0.00013352005078861
139600000,0.000133778423084046
139640000,0.000131839910572203
139680000,0.000132409033938326
139720000,0.000133230043011864
139760000,0.000130730840574415
139800000,0.000133579091167747
139840000,0.000133818364280123
139880000,0.000133144014278456
139920000,0.000134708440765222
139960000,0.000130965452159827
1.4e+08,0.000133905664929645
140040000,0.000135472051030752
140080000,0.000132722330456007
140120000,0.000134200951254112
140160000,0.000133616218896978
140200000,0.000134470574365007
140240000,0.000133646393721997
140280000,0.000133691814220785
140320000,0.00013361757671654
140360000,0.000132096930259984
140400000,0.000135416073244586
140440000,0.000134701163100232
140480000,0.000135484601456207
140520000,0.000135806592260269
140560000,0.000135593906455174
140600000,0.000132106891170047
140640000,0.000132969731563227
140680000,0.000131330857893877
140720000,0.000131829784675831
140760000,0.000133902008907836
140800000,0.000133992530335128
140840000,0.000136738564500939
140880000,0.000133269352326392
140920000,0.00013419929353938
140960000,0.000131723913206257
1.41e+08,0.00013681949450977
141040000,0.000136008326389527
141080000,0.00013394906938669
141120000,0.000136796229501513
141160000,0.000136621408857612
141200000,0.000134510277224643
141240000,0.000136576603898539
141280000,0.000134788197589691
141320000,0.000132147112854088
141360000,0.000133081190651472
141400000,0.000132942101823734
141440000,0.000136086582797931
141480000,0.000134999176500572
141520000,0.000133611500803547
141560000,0.000133760812009364
141600000,0.000135853051173217
141640000,0.000132704534170007
141680000,0.000134113138798685
141720000,0.000135600236903698
141760000,0.000130814105225728
141800000,0.000134091690367426
141840000,0.000133532880212183
141880000,0.000133077998490187
141920000,0.000133376707002364
141960000,0.000138123458437909
1.42e+08,0.000134714997047157
142040000,0.000131289064431606
142080000,0.0001344313756064
142120000,0.000133801154384025
142160000,0.000135947943447326
142200000,0.000133499486966561
142240000,0.000135028753587288
142280000,0.000132436919200344
142320000,0.00013368550369771
142360000,0.000135135110007062
142400000,0.000132293264039597
142440000,0.000132953528981651
142480000,0.00013367888881514
142520000,0.000132847660587944
142560000,0.000133608342360032
142600000,0.000132958416154123
142640000,0.00013573755923374
142680000,0.00013112123433331
142720000,0.000135019192293973
142760000,0.000133988318036841
142800000,0.000134731030187468
142840000,0.000133246509366978
142880000,0.000132945994082226
142920000,0.00013347558336674
142960000,0.000134240966749317
1.43e+08,0.000133838695292639
143040000,0.000135550090011333
143080000,0.000134204336007444
143120000,0.000133522387191633
143160000,0.000131637734807969
143200000,0.000135524262712567
143240000,0.000136299196298141
143280000,0.000135840982979565
143320000,0.000133159360317295
143360000,0.000131924938272733
143400000,0.000136854689140663
143440000,0.000130328588616607
143480000,0.000133297014635474
143520000,0.000131824669289246
143560000,0.000135602737201968
143600000,0.000132776738884719
143640000,0.00013350370809118
143680000,0.000131799912531643
143720000,0.000133598357614139
143760000,0.000134450941682781
143800000,0.000131198143727931
143840000,0.00013406942123005
143880000,0.000134506498673015
143920000,0.000130288656290312
143960000,0.000134851016964585
1.44e+08,0.000130537322634051
144040000,0.000133566796549815
144080000,0.000129567996138519
144120000,0.000133797057034735
144160000,0.000131791243801353
144200000,0.000133118437131673
144240000,0.000130201059425155
144280000,0.000132397845957467
144320000,0.000135049032948046
144360000,0.000132298785282612
144400000,0.000133816317325833
144440000,0.000132200955327429
144480000,0.000130801152126281
144520000,0.000131608685162643
144560000,0.000130074375252133
144600000,0.000133686033949716
144640000,0.000135880308821634
144680000,0.000133525298839189
144720000,0.000132212364810364
144760000,0.000130777532772989
144800000,0.000132187484945564
144840000,0.000132236627601205
144880000,0.000130430764419196
144920000,0.00013076933625539
144960000,0.000131345451391415
1.45e+08,0.000134466650229882
145040000,0.000134014839532848
145080000,0.00013434244713379
145120000,0.000133814630335985
145160000,0.000133177996381533
145200000,0.000131283406496738
145240000,0.000130620551212965
145280000,0.000131702000892684
145320000,0.000133743272432141
145360000,0.000130916733298799
145400000,0.000132792777598998
145440000,0.000131319652106931
145480000,0.000128960898175179
145520000,0.000133431380580106
145560000,0.000132918849946027
145600000,0.00013279414880719
145640000,0.000130491905141762
145680000,0.000128741016647227
145720000,0.000131599341577212
145760000,0.000128654853810345
145800000,0.000129640430835536
145840000,0.00012987274693508
145880000,0.000130034082420527
145920000,0.000133812843876754
145960000,0.000133924431432961
1.46e+08,0.000133541416452601
146040000,0.000132929332464289
146080000,0.000132894957156359
146120000,0.000130682945972514
146160000,0.00013443758278526
146200000,0.000131921391358038
146240000,0.000131539405875759
146280000,0.000131918435046726
146320000,0.000128914058748964
146360000,0.000133379669626718
146400000,0.000130888741369451
146440000,0.000127460209024364
146480000,0.000130080662746975
146520000,0.000133058486029866
146560000,0.000129520608765824
146600000,0.00013090853250243
146640000,0.000131013763592653
146680000,0.000129044590053467
146720000,0.00013171957697343
146760000,0.000130146818732142
146800000,0.000133793605225698
146840000,0.000132145867021713
146880000,0.000130445433111261
146920000,0.000130360025233947
146960000,0.000127685542333406
1.47e+08,0.000130022860596549
147040000,0.000132269266456981
147080000,0.00013074537572058
147120000,0.000130940064853255
147160000,0.000130576381401956
147200000,0.000131122241013437
147240000,0.000130919499067088
147280000,0.000131342375360752
147320000,0.000130071999154078
147360000,0.00013120101253466
147400000,0.000129013419351252
147440000,0.000130726838864934
147480000,0.000132839976384848
147520000,0.00013092431707038
147560000,0.000127704850943097
147600000,0.000129117697206064
147640000,0.000131438625911791
147680000,0.000130034999365157
147720000,0.000131497974180785
147760000,0.000128951378740711
147800000,0.000133507339871242
147840000,0.000130811558772235
147880000,0.000131045995048029
147920000,0.000128636836114893
147960000,0.000132809697702438
1.48e+08,0.000133701487335439
148040000,0.000133029691679344
148080000,0.000130574260704243
148120000,0.000130834177857088
148160000,0.00012745078545481
148200000,0.000130573163006113
148240000,0.000127213308327877
148280000,0.000127522706145216
148320000,0.000131637461797288
148360000,0.000131582898501777
148400000,0.000129650091727216
148440000,0.000130170257153039
148480000,0.00013148509492695
148520000,0.000133158793700749
148560000,0.000132798219580899
148600000,0.000130365890987009
148640000,0.000131238260663205
148680000,0.000133120933873785
148720000,0.00013311500041779
148760000,0.000132495509923104
148800000,0.00012805541997035
148840000,0.000130959025311161
148880000,0.000129180586413281
148920000,0.000129053987288075
148960000,0.000132032227078812
1.49e+08,0.000135238422215303
149040000,0.000134792021285728
149080000,0.000130437832647386
149120000,0.00013316005498381
149160000,0.000126546692725038
149200000,0.000132754529811383
149240000,0.000131748989639126
149280000,0.000136023249885649
149320000,0.000130558789342583
149360000,0.000130990807625653
149400000,0.000131711031721122
149440000,0.000131928107600691
149480000,0.000131673365383161
149520000,0.00012966981923627
149560000,0.000133438166359263
149600000,0.000130989767632563
149640000,0.000131363730643098
149680000,0.00013098471389427
149720000,0.00013094822827092
149760000,0.000130541557046578
149800000,0.000132635740235833
149840000,0.000129107108840803
149880000,0.00012968516429331
149920000,0.000134867831888417
149960000,0.000135419539199102
1.5e+08,0.000132502515264282
150040000,0.000131415130747392
150080000,0.000132011597681939
150120000,0.000130776739909848
150160000,0.000127488602149484
150200000,0.000130986834595839
150240000,0.000133502968279971
150280000,0.000130633675541282
150320000,0.000131114378863477
150360000,0.000130587322918207
150400000,0.000129098524027607
150440000,0.000129318694258707
150480000,0.000129889739835988
150520000,0.00013187722148339
150560000,0.000130705267576692
150600000,0.000126672281012948
150640000,0.000131451968470328
150680000,0.000129397641649234
150720000,0.000130422004633712
150760000,0.000133456673441021
150800000,0.000129920828553366
150840000,0.000128243435723734
150880000,0.000130277544827176
150920000,0.000128815531276856
150960000,0.000131875601161899
1.51e+08,0.000130569829974659
151040000,0.000130767007034663
151080000,0.000132373699505592
151120000,0.000128999695698442
151160000,0.000128793707110711
151200000,0.000128217267485995
151240000,0.000129320595924484
151280000,0.000130277365795162
151320000,0.000127582640226908
151360000,0.000131122399639952
151400000,0.000131471591080069
151440000,0.000129658202522524
151480000,0.000131354976680155
151520000,0.000132722704528277
151560000,0.000130614027579811
151600000,0.000130221812839475
151640000,0.000130231890889332
151680000,0.000134062408491722
151720000,0.000131082596909951
151760000,0.000127910873004557
151800000,0.000131725590683716
151840000,0.000128885719755895
151880000,0.000130599130261754
151920000,0.000130251810814622
151960000,0.000129096911626168
1.52e+08,0.000128938914933961
152040000,0.0001308860950007
152080000,0.000132341309559316
152120000,0.000133130746889095
152160000,0.000125911804038733
152200000,0.000129735439097776
152240000,0.00012971932847105
152280000,0.000133857944236823
152320000,0.000133044997578078
152360000,0.000128798629134939
152400000,0.000129155662645982
152440000,0.000128429703515165
152480000,0.000128956414878655
152520000,0.000131569862660707
152560000,0.00012847354706987
152600000,0.000134151368967855
152640000,0.000130730900361515
152680000,0.000128781312291441
152720000,0.000132168811270848
152760000,0.00013393886607108
152800000,0.000127354171248892
152840000,0.000129367202208842
152880000,0.000130022919875786
152920000,0.000128561681249436
152960000,0.000130502376279906
1.53e+08,0.000130000766620919
153040000,0.000132927989500827
153080000,0.000126945475444849
153120000,0.000128453877993029
153160000,0.000133626955866679
153200000,0.000129205077088336
153240000,0.00013163913316027
153280000,0.000133639721197713
153320000,0.000129705070736028
153360000,0.000128539138113013
153400000,0.000130170280020939
153440000,0.000130131295966881
153480000,0.000127442260290155
153520000,0.000135070533054995
153560000,0.000130713542058013
153600000,0.000130024574919271
153640000,0.000127505301020955
153680000,0.000129994467034161
153720000,0.000126020958154784
153760000,0.00013146981486451
153800000,0.000130937915607184
153840000,0.000131536709441472
153880000,0.000132064153148412
153920000,0.000128567103811711
153960000,0.000128632551926493
1.54e+08,0.00012954412172553
154040000,0.000129675366347038
154080000,0.000132941560246228
154120000,0.000133029697281699
154160000,0.000127729393233706
154200000,0.000130474681884109
154240000,0.000132524447527693
154280000,0.000132504020269869
154320000,0.000131792929167375
154360000,0.000131440833280052
154400000,0.000133693025481701
154440000,0.000128532108145839
154480000,0.000130823928578528
154520000,0.000131474647524927
154560000,0.000130427252931267
154600000,0.000131297686748036
154640000,0.000130715594495836
154680000,0.000131767028684839
154720000,0.000129853384331807
154760000,0.000128834734384532
154800000,0.000127547518612956
154840000,0.000130598554911535
154880000,0.000128807692747709
154920000,0.00013221480129527
154960000,0.000127374714882802
1.55e+08,0.000129964332728079
155040000,0.000132110296736337
155080000,0.000128235969629725
155120000,0.000129046917483036
155160000,0.000125928226530432
155200000,0.00012849441457637
155240000,0.000130538644880845
155280000,0.000125784483638151
155320000,0.000132199418495983
155360000,0.000127903076724253
155400000,0.000129086637792458
155440000,0.000127289116603078
155480000,0.000130627924791998
155520000,0.000130101351386211
155560000,0.000129874806951742
155600000,0.000130420578118623
155640000,0.000130501835355203
155680000,0.000131651283252671
155720000,0.000129858720507475
155760000,0.000128358622036846
155800000,0.000128806418551612
155840000,0.000127904120095255
155880000,0.000128941208080229
155920000,0.000130550217109421
155960000,0.00013020893176581
1.56e+08,0.000128618786754731
156040000,0.000130071553614037
156080000,0.000128979097056362
156120000,0.000128710168141767
156160000,0.000127555225906563
156200000,0.000132621325728019
156240000,0.00013051068912224
156280000,0.000130468728390022
156320000,0.000131514478245542
156360000,0.000129798707140411
156400000,0.000130062756187228
156440000,0.000129198912577979
156480000,0.000128393793059333
156520000,0.00012934927467127
156560000,0.000126500199521993
156600000,0.000129375195098961
156640000,0.000129849193887582
156680000,0.000126903183514792
156720000,0.000129479634341602
156760000,0.000126616283435243
156800000,0.000132561921659304
156840000,0.000128906501873329
156880000,0.000127847971878529
156920000,0.000130720429100341
156960000,0.000123903056414645
1.57e+08,0.000128986632637977
157040000,0.000128802707845807
157080000,0.00012849778376919
157120000,0.000127761826067344
157160000,0.000127969839849504
157200000,0.000129064996367405
157240000,0.000127325211368163
157280000,0.00012903879373424
157320000,0.000132210646490686
157360000,0.000130434695519325
157400000,0.00012710476795963
157440000,0.000127920763841863
157480000,0.000129004498597602
157520000,0.000126849880150408
157560000,0.000128092077481903
157600000,0.000129425327615598
157640000,0.000130585750574708
157680000,0.00013223398247948
157720000,0.000128797238070673
157760000,0.000126460385847871
157800000,0.000130107912958464
157840000,0.000127294964484594
157880000,0.000131133082227274
157920000,0.00012812835728341
157960000,0.000128595484945589
1.58e+08,0.000127518229767515
158040000,0.00012575583438036
158080000,0.00012697621669519
158120000,0.00013078739380072
158160000,0.000129091226125289
158200000,0.000124722353607215
158240000,0.000129311961531959
158280000,0.00012715017508565
158320000,0.000130586647340703
158360000,0.00012698403291567
158400000,0.000129659922422683
158440000,0.000131328422780411
158480000,0.000128835259248999
158520000,0.000125910865243856
158560000,0.000128364739395911
158600000,0.000126914772408146
158640000,0.000129502870108068
158680000,0.000128309823550002
158720000,0.000125810750339802
158760000,0.00012471005998977
158800000,0.000131505290534328
158840000,0.000130635844175659
158880000,0.000126207823501095
158920000,0.00012991450201697
158960000,0.000129798005796079
1.59e+08,0.000129355443325662
159040000,0.000126943079340116
159080000,0.000127935555019335
159120000,0.000128226288086704
159160000,0.000125409133095745
159200000,0.000127993350604104
159240000,0.000125734452520521
159280000,0.000132735790215478
159320000,0.000128966072591658
159360000,0.000127207160966771
159400000,0.000126876097387386
159440000,0.000129606884976044
159480000,0.000125519925493413
159520000,0.000129049887615543
159560000,0.00012861569541543
159600000,0.000129902724766964
159640000,0.000124265736040306
159680000,0.000128766778047187
159720000,0.000126609481189544
159760000,0.000129135171245428
159800000,0.000127437503203966
159840000,0.000128638379440348
159880000,0.000126250636118126
159920000,0.000129160758526001
159960000,0.000128261409999796
1.6e+08,0.000128480919675915
160040000,0.000126914376285453
160080000,0.000125681546649551
160120000,0.000129704670221319
160160000,0.000124797511836712
160200000,0.00012903988913233
160240000,0.000127726640897962
160280000,0.0001292574224009
160320000,0.000128741880396632
160360000,0.000124713869420968
160400000,0.000126443238901491
160440000,0.000126974488500072
160480000,0.00012732009897421
160520000,0.000130669042703993
160560000,0.000127395949801606
160600000,0.000127304654278874
160640000,0.00012920821689025
160680000,0.000127339659285436
160720000,0.000125640928345792
160760000,0.000126819209810512
160800000,0.000125318676448996
160840000,0.000127109182151757
160880000,0.000128579457192544
160920000,0.00012623677481789
160960000,0.000130816531055609
1.61e+08,0.000127029408850768
161040000,0.00012839459315609
161080000,0.000129379829778743
161120000,0.000128589697104867
161160000,0.00012683520624986
161200000,0.000129074163220406
161240000,0.00012642125942319
161280000,0.000124681631467677
161320000,0.000129357321575594
161360000,0.000131012552151489
161400000,0.00012563061624385
161440000,0.000129278196221455
161480000,0.000126428195529733
161520000,0.000127202164842042
161560000,0.000128311165491484
161600000,0.00012676913702966
161640000,0.000129690689795674
161680000,0.000130233193910214
161720000,0.000126478380618286
161760000,0.000127738953565023
161800000,0.000122723535842562
161840000,0.000125058617600037
161880000,0.000129103157531887
161920000,0.000129578770561935
161960000,0.000130700192502856
1.62e+08,0.000125182227271011
162040000,0.000125708755920648
162080000,0.000130334832922453
162120000,0.000129382399276731
162160000,0.000129549640106575
162200000,0.000126172539458985
162240000,0.000128461725210445
162280000,0.000128731614235275
162320000,0.000126173356348544
162360000,0.000123060613638286
162400000,0.000128547272151911
162440000,0.00012269253598786
162480000,0.000125228055208192
162520000,0.000129146187962527
162560000,0.000130006909577424
162600000,0.000127568090201429
162640000,0.000128223094043412
162680000,0.000127327722757279
162720000,0.000127821263801494
162760000,0.000127685399718254
162800000,0.000127155080196741
162840000,0.000128248803227773
162880000,0.000126078304730605
162920000,0.000126648542177985
162960000,0.000129683527946444
1.63e+08,0.000127987287760178
163040000,0.000126345868990569
163080000,0.000124239257374885
163120000,0.000129013074047151
163160000,0.000126786593271663
163200000,0.000123762797813089
163240000,0.000126717859237409
163280000,0.000126244674096952
163320000,0.000123625175779107
163360000,0.000125536926156448
163400000,0.00012708685150463
163440000,0.000124746480677084
163480000,0.000124791121920266
163520000,0.000126493990825669
163560000,0.000126495736543637
163600000,0.000127348374700045
163640000,0.000129837791528928
163680000,0.00012464240359888
163720000,0.000129103755972271
163760000,0.000125441032519508
163800000,0.00012589700428813
163840000,0.000124691988354607
163880000,0.000125281325312137
163920000,0.000123409088431531
163960000,0.000123801830006065
1.64e+08,0.000127240582440466
164040000,0.000124416941507399
164080000,0.000128074502455208
164120000,0.000123242857576885
164160000,0.000127499743607222
164200000,0.000126922509607575
164240000,0.000126052209369822
164280000,0.000125637643576796
164320000,0.000124529959688625
164360000,0.000124651853759932
164400000,0.000129013357658023
164440000,0.00012883729249213
164480000,0.000127529690384705
164520000,0.000126603643118808
164560000,0.000124480133247078
164600000,0.000124337881055193
164640000,0.000121903361014645
164680000,0.00012965935574863
164720000,0.0001266083522642
164760000,0.000125698321886947
164800000,0.000127682840358118
164840000,0.000128236459843857
164880000,0.00012845864070652
164920000,0.000127945804091525
164960000,0.000130702032911091
1.65e+08,0.000125629863544958
165040000,0.000125046221213967
165080000,0.00012719512627506
165120000,0.000127044934003535
165160000,0.000128494027056473
165200000,0.000125291694336903
165240000,0.000125867700709594
165280000,0.000125659321522029
165320000,0.000128647603877651
165360000,0.00012898422563662
165400000,0.000126481943114993
165440000,0.00012699999382618
165480000,0.000128458914241203
165520000,0.000127487327379328
165560000,0.000127284305769639
165600000,0.000126041839842767
165640000,0.000127490781133742
165680000,0.000125458603133729
165720000,0.000130239377031653
165760000,0.000128140910169084
165800000,0.000127858083397412
165840000,0.000127029710570157
165880000,0.000126515453159776
165920000,0.000129783755145035
165960000,0.000126912394085912
1.66e+08,0.000128043441397616
166040000,0.000127518997237363
166080000,0.000123942305405229
166120000,0.000125748554160567
166160000,0.000124123642355666
166200000,0.000131841238524658
166240000,0.000126939941551944
166280000,0.000124100177537634
166320000,0.00012771915392612
166360000,0.000124725511592593
166400000,0.000125544176689786
166440000,0.000126046029262478
166480000,0.000123839745490672
166520000,0.000128946839993724
166560000,0.000127808176704676
166600000,0.000125810533124574
166640000,0.000125678903291638
166680000,0.000128772209012554
166720000,0.000128405777228083
166760000,0.000127367588050459
166800000,0.000124868443408915
166840000,0.000127452927362043
166880000,0.000124743904827494
166920000,0.000126990770263944
166960000,0.000123754147278094
1.67e+08,0.000123404173920538
167040000,0.000131201224146384
167080000,0.000125789444519495
167120000,0.000130465741552354
167160000,0.000126213120092163
167200000,0.000126450617654826
167240000,0.000126207184268321
167280000,0.000128722850372211
167320000,0.000127289420191655
167360000,0.000129631260494816
167400000,0.000126711061834635
167440000,0.000126756715912209
167480000,0.000130470184060165
167520000,0.000128908511595156
167560000,0.000130232166849447
167600000,0.000126715111513913
167640000,0.000131297086923973
167680000,0.000129562600681636
167720000,0.000131175334956357
167760000,0.000129486557087567
167800000,0.000124469387738893
167840000,0.000128160316695812
167880000,0.000128858518477962
167920000,0.000129402784505268
167960000,0.000130565389518731
1.68e+08,0.000126237861879964
168040000,0.000127157348783496
168080000,0.000127884485501182
168120000,0.000126356816857342
168160000,0.000128255180111998
168200000,0.000128448008464897
168240000,0.000128115130316134
168280000,0.000128881173264819
168320000,0.000130108599623634
168360000,0.000128195817740555
168400000,0.00013261015077515
168440000,0.000126534469514663
168480000,0.000130678177961098
168520000,0.000126465243282037
168560000,0.000130689602369603
168600000,0.000127614320004201
168640000,0.000129242682421741
168680000,0.000129277474483241
168720000,0.00012905387556896
168760000,0.000129733759462426
168800000,0.000127842808751805
168840000,0.000131512448086417
168880000,0.000129893001264325
168920000,0.000127863393004541
168960000,0.000130491604998651
1.69e+08,0.000129027107182248
169040000,0.00012857749984953
169080000,0.000126688098653577
169120000,0.000132609210592129
169160000,0.0001290196061591
169200000,0.000127936107164187
169240000,0.000130195546602265
169280000,0.000128347133769321
169320000,0.000132470792066867
169360000,0.00012511808481132
169400000,0.000132025500943481
169440000,0.000129297911506008
169480000,0.00012910355164948
169520000,0.000126757474360729
169560000,0.000129872465160597
169600000,0.000128076528666819
169640000,0.000128190727347421
169680000,0.000128400089246024
169720000,0.000130475737287909
169760000,0.000127899494767199
169800000,0.000131439215031045
169840000,0.000131427296928396
169880000,0.000125586747796831
169920000,0.000129383158622141
169960000,0.000126583028733978
1.7e+08,0.000127561176195155
170040000,0.000128181506450073
170080000,0.00012736447269648
170120000,0.00012431496346828
170160000,0.000130040146226344
170200000,0.0001323597983866
170240000,0.000131187349894258
170280000,0.000129478053469744
170320000,0.000123028594566839
170360000,0.000125638544224596
170400000,0.00012494704205258
170440000,0.000130092710641474
170480000,0.000124285082765174
170520000,0.000125918357654787
170560000,0.000128888345123529
170600000,0.000130289103493624
170640000,0.000129426135039457
170680000,0.000130772015355579
170720000,0.000129645071021468
170760000,0.000128837177451178
170800000,0.000128385926060305
170840000,0.000128916929613725
170880000,0.00012672625455673
170920000,0.000129108975181512
170960000,0.000123824543199694
1.71e+08,0.000127029428616387
171040000,0.000127106228685745
171080000,0.000128079572733813
171120000,0.00012812728438723
171160000,0.000125795027962442
171200000,0.000129515349318022
171240000,0.000127707302346306
171280000,0.000134272012404225
171320000,0.000124473992396915
171360000,0.000124784461962894
171400000,0.000126960226896964
171440000,0.000126358989753119
171480000,0.000123447525402478
171520000,0.000125683344912908
171560000,0.000124952377049332
171600000,0.000126113151735221
171640000,0.000130985805290342
171680000,0.000127920460298661
171720000,0.000130467624874175
171760000,0.00012677195901837
171800000,0.00013327270490351
171840000,0.000125600944420624
171880000,0.000125961645918362
171920000,0.00012312973035674
171960000,0.000127628014479811
1.72e+08,0.000125119546852231
172040000,0.000130165853080875
172080000,0.000128486020590757
172120000,0.000124057723245552
172160000,0.000125026837366863
172200000,0.000126007451681559
172240000,0.000126708156583521
172280000,0.000125229667969081
172320000,0.000126237054400664
172360000,0.000127712046931663
172400000,0.000121729552983487
172440000,0.000126114491886582
172480000,0.000128325468672456
172520000,0.00012613067555978
172560000,0.000130236691604458
172600000,0.000128164294763704
172640000,0.000126721454287317
172680000,0.000128072008110381
172720000,0.000129688626031104
172760000,0.000122230294221751
172800000,0.000123863342403163
172840000,0.000125292311741324
172880000,0.000123338614698016
172920000,0.000124726001299631
172960000,0.000125230102363474
1.73e+08,0.00012264507897314
173040000,0.000124597623058945
173080000,0.000125010615835222
173120000,0.000124329350756845
173160000,0.000122175727474358
173200000,0.000125913537637568
173240000,0.000124227398658041
173280000,0.000125817387752658
173320000,0.000125347344474642
173360000,0.000121873145403965
173400000,0.000126197365305234
173440000,0.000122679847430952
173480000,0.000123348745058941
173520000,0.000123688486300435
173560000,0.000124671857107234
173600000,0.000120211870473584
173640000,0.000125345043847304
173680000,0.000120760781400003
173720000,0.000121021546921863
173760000,0.000122879754009967
173800000,0.000121040553203434
173840000,0.000125034695390303
173880000,0.000127058659006838
173920000,0.000124665912468419
173960000,0.000129112323132034
1.74e+08,0.000125789377334647
174040000,0.000123385204334328
174080000,0.000128995855548055
174120000,0.000124947977313499
174160000,0.000127865336414475
174200000,0.000125510908972991
174240000,0.000127822662375573
174280000,0.000122459923444555
174320000,0.000125041218556406
174360000,0.000121897578370414
174400000,0.000125544171875257
174440000,0.000128406957205642
174480000,0.0001271556992334
174520000,0.000124842972641281
174560000,0.000122669714788154
174600000,0.000124481859927203
174640000,0.000124830321078246
174680000,0.000127119106616522
174720000,0.000122621301200696
174760000,0.000124774711979496
174800000,0.000122004677562111
174840000,0.000123297056672358
174880000,0.000120412495734886
174920000,0.000125325139087681
174960000,0.000122391164139402
1.75e+08,0.000128792713760314
175040000,0.000123993569537817
175080000,0.000124042485135048
175120000,0.000120559924866153
175160000,0.000128547893627983
175200000,0.000123473091334039
175240000,0.000126062951247581
175280000,0.000122223400044839
175320000,0.00012827535989628
175360000,0.000125281754361186
175400000,0.00012448078608658
175440000,0.000121112637370451
175480000,0.000123664269507334
175520000,0.000127179787752151
175560000,0.000126280271858324
175600000,0.000124223593559513
175640000,0.000120162236479084
175680000,0.000124073911558197
175720000,0.00012299125661647
175760000,0.000124890130534818
175800000,0.000126974527534119
175840000,0.000125968889107518
175880000,0.000128900349622345
175920000,0.000123431445352158
175960000,0.000123038810394959
1.76e+08,0.000123591865681151
176040000,0.000124745879537641
176080000,0.000126090693577819
176120000,0.000123643024555201
176160000,0.000118756823009077
176200000,0.000126746049132109
176240000,0.000125571089261044
176280000,0.000120400391463759
176320000,0.00012427256025941
176360000,0.000127348497221872
176400000,0.00012364310518296
176440000,0.000128739533221308
176480000,0.000125589534781456
176520000,0.000122383933142879
176560000,0.000121452679801452
176600000,0.00012436555512679
176640000,0.000128846807412865
176680000,0.000125783177381804
176720000,0.000126725900020217
176760000,0.000121491030079522
176800000,0.000128128300700254
176840000,0.00012266705520023
176880000,0.000120108474201303
176920000,0.000122982162443629
176960000,0.000124166693460843
1.77e+08,0.000126762530132501
177040000,0.000124891929307303
177080000,0.000126845680820768
177120000,0.000120630317632281
177160000,0.000124863777801871
177200000,0.000124970629800015
177240000,0.000124266724333735
177280000,0.000121452961084428
177320000,0.000121894074063294
177360000,0.000127430930040826
177400000,0.000122362937056853
177440000,0.000122150629008458
177480000,0.000127835998025407
177520000,0.000121894059904988
177560000,0.000125726081566043
177600000,0.000121980566908096
177640000,0.000125180122883059
177680000,0.000122032157819504
177720000,0.000129061657835736
177760000,0.000122484983085475
177800000,0.000122491893076126
177840000,0.000125511272522699
177880000,0.000120274664462663
177920000,0.000126639954250838
177960000,0.000125484089954174
1.78e+08,0.000122126946844598
178040000,0.000123807551024993
178080000,0.000127262741282532
178120000,0.000121577529218498
178160000,0.000121468007322208
178200000,0.000121768156031589
178240000,0.000126465833451343
178280000,0.000125389863993956
178320000,0.000122457990464238
178360000,0.000125852537383829
178400000,0.000121752434532191
178440000,0.000121262250510546
178480000,0.000127057720209703
178520000,0.000125794247282952
178560000,0.00012286708612024
178600000,0.000125922901209041
178640000,0.000122450588297791
178680000,0.000121398277500703
178720000,0.000126755498235576
178760000,0.000126209687162939
178800000,0.000122245843262684
178840000,0.00012280914763767
178880000,0.000121023481720839
178920000,0.00012520546834897
178960000,0.000122215426042669
1.79e+08,0.000124341599808188
179040000,0.000123012266364434
179080000,0.000125015485890764
179120000,0.000129189931203803
179160000,0.000124691967243407
179200000,0.000124534673691138
179240000,0.000132174916543589
179280000,0.000125753165161508
179320000,0.000124519380638693
179360000,0.000125260547194037
179400000,0.00012181967530751
179440000,0.000121491993047416
179480000,0.000125806242211928
179520000,0.000126995552058671
179560000,0.000123616083781472
179600000,0.000125342763400257
179640000,0.000121456986434707
179680000,0.000123837067491858
179720000,0.000122692279648559
179760000,0.000122513199139131
179800000,0.000127208247858239
179840000,0.000120415262408569
179880000,0.000123419556778515
179920000,0.000122506981423265
179960000,0.00012528919276166
1.8e+08,0.00012330632095173
180040000,0.000124754463783792
180080000,0.000124474318154115
180120000,0.000126912728624056
180160000,0.000123903719817891
180200000,0.000119706483265876
180240000,0.000120632813020747
180280000,0.000123769422336325
180320000,0.000118978959819144
180360000,0.000124730530811447
180400000,0.000125778447520068
180440000,0.000122005056873972
180480000,0.000125344284235227
180520000,0.000121736538358609
180560000,0.000118605376901147
180600000,0.000121170855013268
180640000,0.000116186977031158
180680000,0.000123522388297925
180720000,0.000116827476200989
180760000,0.000119960414797188
180800000,0.00012065119897267
180840000,0.000118507943676525
180880000,0.000116263889557538
180920000,0.000120381598043659
180960000,0.000117166904355943
1.81e+08,0.000119385607681667
181040000,0.000121515405274825
181080000,0.000120968373846627
181120000,0.000120845323969245
181160000,0.000119712028295582
181200000,0.000119865875074786
181240000,0.000119015727847458
181280000,0.000120035342328279
181320000,0.000120434024507354
181360000,0.000121131411097961
181400000,0.00012222256848593
181440000,0.000121431317769781
181480000,0.000120570028495423
181520000,0.000119443880433009
181560000,0.000122040502567522
181600000,0.000118001252527011
181640000,0.00012112008229079
181680000,0.000119617338552098
181720000,0.000116475207530015
181760000,0.000122911821494951
181800000,0.000116381152806651
181840000,0.000118529374263429
181880000,0.000119324311283937
181920000,0.000119924271762448
181960000,0.000119996724365365
1.82e+08,0.000119072297348384
182040000,0.000116900771338057
182080000,0.000120554792153748
182120000,0.000122047544640801
182160000,0.000117160429534726
182200000,0.000119100537320885
182240000,0.0001213791518922
182280000,0.000120361985336812
182320000,0.000116953083944276
182360000,0.000115944062176048
182400000,0.000119745686553136
182440000,0.000116210124827393
182480000,0.000116691868962997
182520000,0.000118701287499795
182560000,0.000119180254724362
182600000,0.000120774258217333
182640000,0.000121115779425512
182680000,0.000121364706994392
182720000,0.000117508467265468
182760000,0.000116491888463641
182800000,0.000122323922448118
182840000,0.000118717917278081
182880000,0.000118561269776129
182920000,0.000121905808247784
182960000,0.000120461221687642
1.83e+08,0.000117414686237473
183040000,0.000120137945226079
183080000,0.000121667792919214
183120000,0.000119922562687529
183160000,0.000118858360123168
183200000,0.000115829518276473
183240000,0.000121640405243391
183280000,0.00011680220217715
183320000,0.000118300897948267
183360000,0.000120018595531686
183400000,0.000119425670343029
183440000,0.000117490679760906
183480000,0.000119789357728673
183520000,0.000115138830768972
183560000,0.000118957114542366
183600000,0.000118942659816031
183640000,0.000115587686818748
183680000,0.000119760189790795
183720000,0.000124857467280835
183760000,0.000123419929735499
183800000,0.000122078154703798
183840000,0.00012062961314278
183880000,0.000120200198624812
183920000,0.000121260699394095
183960000,0.000116351785550698
1.84e+08,0.000118322407716699
184040000,0.00012083466202542
184080000,0.000119617873840104
184120000,0.000120156873775186
184160000,0.000119290594005328
184200000,0.000121433590028138
184240000,0.000123124193512318
184280000,0.00012027474537237
184320000,0.000119215710420259
184360000,0.000121708736805181
184400000,0.000122486839487095
184440000,0.000119007821906969
184480000,0.000120788501914962
184520000,0.000117308069075628
184560000,0.00012426120879568
184600000,0.000117844129695946
184640000,0.000123532455602412
184680000,0.000121738298846392
184720000,0.000120638964544298
184760000,0.000125025889241208
184800000,0.0001193560914403
184840000,0.000121205034433563
184880000,0.000121783462975191
184920000,0.000123036417622592
184960000,0.000120086785686413
1.85e+08,0.000116465531410248
185040000,0.000116983193534651
185080000,0.000122795900796049
185120000,0.000118921311645111
185160000,0.000121349385507359
185200000,0.000118510030978678
185240000,0.000119451509054928
185280000,0.000116232987733209
185320000,0.000116280137633552
185360000,0.000119916690433854
185400000,0.000119146951693159
185440000,0.000121817683245349
185480000,0.000124566792561001
185520000,0.000120105844095738
185560000,0.000117964979031954
185600000,0.000115852088227007
185640000,0.000123755342192106
185680000,0.000118641848308633
185720000,0.000120720119942434
185760000,0.000119238550362148
185800000,0.000121640248690258
185840000,0.000123818999949324
185880000,0.00011818339275554
185920000,0.000120951625635934
185960000,0.000114075832092598
1.86e+08,0.000118715836460152
186040000,0.000117951964920091
186080000,0.000122778549949971
186120000,0.000118937310270916
186160000,0.000119664029565733
186200000,0.000118979974709208
186240000,0.000117610001836462
186280000,0.000120696827934933
186320000,0.000117895712268449
186360000,0.000118993100501841
186400000,0.000118795543486088
186440000,0.000122534922915631
186480000,0.000119540257285203
186520000,0.000118445522332185
186560000,0.000122143976848527
186600000,0.00012213099720279
186640000,0.000120409911141655
186680000,0.000120099044162442
186720000,0.000118700401261073
186760000,0.000123796516920707
186800000,0.000114713543413562
186840000,0.000114601717987422
186880000,0.000116172843633513
186920000,0.00012385009289004
186960000,0.000117792082225556
1.87e+08,0.000125865495544999
187040000,0.000117465576929566
187080000,0.00011864480401556
187120000,0.000123289940965411
187160000,0.000119589027987085
187200000,0.000116971215246062
187240000,0.000117448317642084
187280000,0.000119462284391238
187320000,0.00012475410928934
187360000,0.000117352768302241
187400000,0.000120178911279579
187440000,0.000123723208544253
187480000,0.000122029249310708
187520000,0.00012302191060187
187560000,0.0001223703314726
187600000,0.000121051434140596
187640000,0.000120267047352459
187680000,0.000116088005413166
187720000,0.000118374172976332
187760000,0.000117016301295025
187800000,0.00011876019388745
187840000,0.000117961088974426
187880000,0.000119796618370644
187920000,0.000122052154277452
187960000,0.000119495397735688
1.88e+08,0.00011985806632282
188040000,0.000116506925434609
188080000,0.000119977796754392
188120000,0.000119830660602652
188160000,0.000117922236271733
188200000,0.000118107642100763
188240000,0.00012099423719432
188280000,0.000119033863076848
188320000,0.000118180436972362
188360000,0.000119626117323091
188400000,0.000119072127512826
188440000,0.000118747273042235
188480000,0.000123758624360015
188520000,0.000116249862960007
188560000,0.000123336044296022
188600000,0.000122138952202443
188640000,0.000117800671459982
188680000,0.000115999306866457
188720000,0.000119473585271014
188760000,0.000119165960997404
188800000,0.000119787153523823
188840000,0.000122446184286578
188880000,0.000117588651962761
188920000,0.000118079028821524
188960000,0.000122568676051849
1.89e+08,0.000121629176691757
189040000,0.0001153708968293
189080000,0.000119747429423469
189120000,0.000121012133155833
189160000,0.00011394541902722
189200000,0.000121468518689342
189240000,0.000118060898140753
189280000,0.000121669266130892
189320000,0.000116966362930181
189360000,0.000121875487493591
189400000,0.000118284788858085
189440000,0.00011375403057833
189480000,0.000117698207381214
189520000,0.000120714493537517
189560000,0.000126473628323383
189600000,0.000119554837723539
189640000,0.000121927549485368
189680000,0.000120580011809939
189720000,0.000114596656839203
189760000,0.000121459017642937
189800000,0.000116140251395993
189840000,0.000120518022117276
189880000,0.000119878465035491
189920000,0.00011740858520588
189960000,0.000119715225719662
1.9e+08,0.00012557681351485
190040000,0.000121916920681355
190080000,0.000117179520339046
190120000,0.000115105576057039
190160000,0.000121933566439537
190200000,0.000118943913631769
190240000,0.00011860514516428
190280000,0.000121304370976049
190320000,0.000117316707555051
190360000,0.000117997124521192
190400000,0.000116213856836619
190440000,0.000120580225345702
190480000,0.000120632838897717
190520000,0.000120422256553525
190560000,0.000117922391914527
190600000,0.000120969690946434
190640000,0.000117375006237993
190680000,0.000121792553550222
190720000,0.000126117709397596
190760000,0.000121719472460118
190800000,0.000115984515959432
190840000,0.000119113426713246
190880000,0.000120921452313242
190920000,0.000118148927893202
190960000,0.000132632667543681
1.91e+08,0.000223953150147404
191040000,0.000114733309691725
191080000,0.000120980193812614
191120000,0.000120878816083507
191160000,0.00011778073086342
191200000,0.000118471874696019
191240000,0.000120046934456732
191280000,0.000116793872995246
191320000,0.000112576511034965
191360000,0.000115506235674022
191400000,0.000117698693142956
191440000,0.000110034447321985
191480000,0.000120922194267635
191520000,0.000121916746729468
191560000,0.000110497412955091
191600000,0.00012119883620181
191640000,0.000116398022338048
191680000,0.000122224909693268
191720000,0.000116501612890688
191760000,0.000119685007777222
191800000,0.000118290643057979
191840000,0.000114343902059791
191880000,0.000120931398137643
191920000,0.000122325725166439
191960000,0.00011610819874078
1.92e+08,0.000120544961112805
192040000,0.000115784089051831
192080000,0.000123098411483022
192120000,0.000115602816269754
192160000,0.000118341652318656
192200000,0.000117225593792719
192240000,0.000115585004902491
192280000,0.0001168546714293
192320000,0.000114239119794672
192360000,0.000118212324456119
192400000,0.000114172940954671
192440000,0.000115428974089799
192480000,0.000117462610139589
192520000,0.000116048599169888
192560000,0.000114159258304596
192600000,0.000116433533434954
192640000,0.000118022477329518
192680000,0.000121188883468167
192720000,0.00011504597995074
192760000,0.00012155954951296
192800000,0.000116510733154878
192840000,0.000115893428634155
192880000,0.000116033583804557
192920000,0.000117972203411221
192960000,0.000116014194893128
1.93e+08,0.000116784363354906
193040000,0.000116832632376282
193080000,0.000116199098367683
193120000,0.000118921029797916
193160000,0.000115102564228154
193200000,0.000115932259532606
193240000,0.000113665216445429
193280000,0.000117028310613777
193320000,0.000117369894700812
193360000,0.00011745182089779
193400000,0.000119154716127269
193440000,0.000118967785242496
193480000,0.000117678244126554
193520000,0.000121451750504157
193560000,0.000120551911262892
193600000,0.000117290707917351
193640000,0.000114615789606538
193680000,0.000114577751602705
193720000,0.000116063695667469
193760000,0.000121645562146047
193800000,0.000118639882691854
193840000,0.000113588549658508
193880000,0.000116333322406392
193920000,0.000119278509281672
193960000,0.000113308101254481
1.94e+08,0.000114232355079692
194040000,0.000116653929939504
194080000,0.00011941209389085
194120000,0.000116655493232929
194160000,0.000113745726330205
194200000,0.000116268963770137
194240000,0.000118511590089829
194280000,0.000114860707879774
194320000,0.000113707001766782
194360000,0.000116740273928437
194400000,0.000115686377104639
194440000,0.000116083786096649
194480000,0.000109095571222601
194520000,0.000115615549748978
194560000,0.000120245096886896
194600000,0.000114193283293215
194640000,0.000115405468999167
194680000,0.000122777044223842
194720000,0.000116141470312607
194760000,0.000114848282865146
194800000,0.000119281170569448
194840000,0.000114142235864544
194880000,0.000119213157087521
194920000,0.000117029378089995
194960000,0.000122842863678387
1.95e+08,0.000116160270691613
195040000,0.000116854181468388
195080000,0.000116813050587265
195120000,0.000116909004933388
195160000,0.000115695732385924
195200000,0.000118651011390797
195240000,0.000117965961496568
195280000,0.000113739027463771
195320000,0.000119669252743266
195360000,0.000117625169680546
195400000,0.000110155825666265
195440000,0.000115030171004091
195480000,0.000118847842526957
195520000,0.000118220717639652
195560000,0.000116654675142292
195600000,0.000124849570677992
195640000,0.000119363045263717
195680000,0.000119931716027798
195720000,0.00011806530859033
195760000,0.000118425442963509
195800000,0.000112631327414038
195840000,0.000117394894251624
195880000,0.000120254095469846
195920000,0.000122477607928763
195960000,0.000125758901421386
1.96e+08,0.00011647887309352
196040000,0.000108354785248929
196080000,0.000113309036350222
196120000,0.000118500734527865
196160000,0.000115026581487427
196200000,0.000117577590090128
196240000,0.000115387166609893
196280000,0.000119057300797325
196320000,0.000116297991999407
196360000,0.000117890647283019
196400000,0.000117287942573716
196440000,0.000115965790577648
196480000,0.000117347001309813
196520000,0.000115905650170286
196560000,0.000118947452822651
196600000,0.000119917727427615
196640000,0.00011552576304089
196680000,0.000118451863292683
196720000,0.000116039425287432
196760000,0.000116040406731391
196800000,0.000118589691073744
196840000,0.000113739538895382
196880000,0.000114264739844393
196920000,0.000122420334138502
196960000,0.000118341845062758
1.97e+08,0.000117262098624215
197040000,0.000116762089221358
197080000,0.000113836216127978
197120000,0.00011970354917963
197160000,0.000114840647093425
197200000,0.00011841143573574
197240000,0.000118343578341362
197280000,0.000124351557552358
197320000,0.000112483768615255
197360000,0.000117151918700911
197400000,0.000118369677321794
197440000,0.000120945262103366
197480000,0.000120581921004041
197520000,0.000121704893305741
197560000,0.000127141815109078
197600000,0.000123436747023629
197640000,0.000120990581607257
197680000,0.000127499960678077
197720000,0.000119459307158247
197760000,0.000116536099978876
197800000,0.000120572022514691
197840000,0.000121539944516372
197880000,0.000116267020615287
197920000,0.000117897555555755
197960000,0.000115457391801599
1.98e+08,0.000118827052953167
198040000,0.000122456843235977
198080000,0.000119554033163115
198120000,0.00012259735579423
198160000,0.000113238676611244
198200000,0.000117839253006267
198240000,0.000124979634913774
198280000,0.000120905213863707
198320000,0.000118927835616075
198360000,0.000115698324450026
198400000,0.000120319218314291
198440000,0.000121267540909024
198480000,0.000117496570561922
198520000,0.000113146730127966
198560000,0.000113908036348712
198600000,0.000117905165719082
198640000,0.000116347205723502
198680000,0.000120258154126178
198720000,0.000126137995742255
198760000,0.00011903062178885
198800000,0.000125005937324665
198840000,0.000117176282840083
198880000,0.000126954506305348
198920000,0.000121548426854014
198960000,0.00011923237259602
1.99e+08,0.000117117049095807
199040000,0.000124412316233561
199080000,0.000120233071832209
199120000,0.000120387209417273
199160000,0.000115540404785137
199200000,0.00011965275051961
199240000,0.000116955262410294
199280000,0.000123658342856084
199320000,0.000119852728637543
199360000,0.000117363404253825
199400000,0.000120463806091611
199440000,0.000123645873912878
199480000,0.000113116377632315
199520000,0.000120655125752903
199560000,0.000120930697409518
199600000,0.000115812110198088
199640000,0.000122611516498458
199680000,0.000119371681883164
199720000,0.000117681942035266
199760000,0.000120989928107013
199800000,0.000111880621264067
199840000,0.000118762429089648
199880000,0.000119680717052766
199920000,0.000116330592591959
199960000,0.000122851347040878
2e+08,0.000121270227424054
200040000,0.000114569833686173
200080000,0.000120047534895473
200120000,0.000114544550755107
200160000,0.000114190398692565
200200000,0.000123014251263512
200240000,0.000115095413816001
200280000,0.000119797089956363
200320000,0.000120306857469472
200360000,0.000118152591679088
200400000,0.000127130427120915
200440000,0.000122286709222311
200480000,0.000115881823500599
200520000,0.000113948661588136
200560000,0.000118904000141539
200600000,0.000119219185710033
200640000,0.000122770831529829
200680000,0.000120005912251315
200720000,0.000119413380807371
200760000,0.000119221975006821
200800000,0.000116233837018963
200840000,0.000123670408042645
200880000,0.000121890020446874
200920000,0.000126256251413448
200960000,0.000117926295172602
2.01e+08,0.000121803822394804
201040000,0.000118288712648748
201080000,0.000121149251667413
201120000,0.000119619889241574
201160000,0.000121370076574382
201200000,0.000120667995019651
201240000,0.000117899949495055
201280000,0.000121077320693314
201320000,0.00012174425272324
201360000,0.000120448796039759
201400000,0.000113075869573695
201440000,0.00011764348580231
201480000,0.000118178229847018
201520000,0.000119423966625991
201560000,0.000122844294761214
201600000,0.000115110163321311
201640000,0.000118921025098333
201680000,0.000115790473004297
201720000,0.000117265954529952
201760000,0.000114214156543734
201800000,0.000115598804654085
201840000,0.000128845667365304
201880000,0.000121697095362147
201920000,0.000115358542985113
201960000,0.0001215313050579
2.02e+08,0.000119167491475157
202040000,0.000118760126210795
202080000,0.000119062949043968
202120000,0.000116175021575552
202160000,0.000118628568235432
202200000,0.000112571459038014
202240000,0.000121825497104299
202280000,0.000121192825466569
202320000,0.000113037190031649
202360000,0.000119284358365338
202400000,0.000118482427103846
202440000,0.000116036058710695
202480000,0.00011740476396007
202520000,0.000118011819152966
202560000,0.000114334548562097
202600000,0.000117374116235432
202640000,0.00011907907458618
202680000,0.000120934925657828
202720000,0.000119736484679504
202760000,0.000117022229890088
202800000,0.000114350490603825
202840000,0.000115458557763067
202880000,0.000115608832821381
202920000,0.00011807287371153
202960000,0.000120971431027511
2.03e+08,0.000119227817202139
203040000,0.000114175203619215
203080000,0.000112672650798489
203120000,0.000128112181922928
203160000,0.000117837658249338
203200000,0.000120853542710461
203240000,0.000115438860955549
203280000,0.000118405111536861
203320000,0.000117158068469186
203360000,0.000116325393084345
203400000,0.000117188548996797
203440000,0.000122990001695878
203480000,0.000123688676455581
203520000,0.00012498553762249
203560000,0.000125764071542835
203600000,0.000112272302272559
203640000,0.000117194888439824
203680000,0.000121324230661479
203720000,0.000122481674454781
203760000,0.000118150861333114
203800000,0.000120786738999975
203840000,0.000123740585732191
203880000,0.000120407912673883
203920000,0.000118737090190183
203960000,0.000111714124626183
2.04e+08,0.000120113480436236
204040000,0.000118787930904199
204080000,0.000120993336183676
204120000,0.000117171052981363
204160000,0.000117155060676219
204200000,0.000120481493039888
204240000,0.000119029689737983
204280000,0.000120709949703925
204320000,0.000121661674720589
204360000,0.000124240065128863
204400000,0.00011990190395014
204440000,0.000119609355474171
204480000,0.00011860642931638
204520000,0.000117752987255195
204560000,0.000121820506511856
204600000,0.000120801962484433
204640000,0.000126475222916162
204680000,0.000118961076123535
204720000,0.000116642012807679
204760000,0.000115087831690316
204800000,0.000117860850698277
204840000,0.000125642549221225
204880000,0.00012027057375706
204920000,0.000122973457626853
204960000,0.000120039522380226
2.05e+08,0.000119841949929451
205040000,0.000120370055608501
205080000,0.000117624297684679
205120000,0.00012028565882739
205160000,0.000128546414131153
205200000,0.000113584941277436
205240000,0.000123542916260998
205280000,0.000118072245393981
205320000,0.000120691886656419
205360000,0.000120199932081289
205400000,0.000116524492661908
205440000,0.000115825427299459
205480000,0.000119838277501901
205520000,0.000116728735598608
205560000,0.000113344303034753
205600000,0.000115385450724066
205640000,0.000121847023746531
205680000,0.000120969640470725
205720000,0.000117605394288179
205760000,0.000122916595823104
205800000,0.000125309759105426
205840000,0.000126903064020315
205880000,0.000119572114453975
205920000,0.000116436081050056
205960000,0.000120535089276553
2.06e+08,0.00012392021781194
206040000,0.000121921134489372
206080000,0.000122141466283295
206120000,0.000116894308680458
206160000,0.000121404526601584
206200000,0.00012590918183905
206240000,0.000122570101844653
206280000,0.00011696329434735
206320000,0.000123210785052954
206360000,0.000116512973271265
206400000,0.00012148296498457
206440000,0.000124888393870598
206480000,0.000119927981183985
206520000,0.000120299860864069
206560000,0.000116762221826013
206600000,0.000126576277093473
206640000,0.000118851776547296
206680000,0.00012007827328757
206720000,0.000129032409166486
206760000,0.000123431086262336
206800000,0.000121008330770855
206840000,0.00012012451911223
206880000,0.000120965534755708
206920000,0.000122820591486544
206960000,0.000120049952932936
2.07e+08,0.000125029990348498
207040000,0.000117933725329981
207080000,0.000119614262408413
207120000,0.000120405310210445
207160000,0.000125181545339143
207200000,0.000120630061135202
207240000,0.000121635305099269
207280000,0.000116646423082298
207320000,0.000122202335600656
207360000,0.000128012363489552
207400000,0.00012241302564301
207440000,0.000126714829267987
207480000,0.000117909656019939
207520000,0.000128099142983371
207560000,0.00012013413990106
207600000,0.000130172275853498
207640000,0.000118189146961742
207680000,0.000122384615845222
207720000,0.000122639408662196
207760000,0.000117049682016873
207800000,0.000132503759306925
207840000,0.000125419201707591
207880000,0.000118763752002818
207920000,0.00012216024860373
207960000,0.000121377768471908
2.08e+08,0.000120316980912556
208040000,0.00011988355606956
208080000,0.00012266579549456
208120000,0.000121021235088154
208160000,0.000130715545138205
208200000,0.000121805209936629
208240000,0.000119896522124525
208280000,0.000121247054428894
208320000,0.00012453031236522
208360000,0.000124272739217381
208400000,0.000120029854047454
208440000,0.000118768680970669
208480000,0.00012159697567961
208520000,0.000120324902178547
208560000,0.000119023230085762
208600000,0.000117564711592667
208640000,0.0001174552068718
208680000,0.000125110272540799
208720000,0.000122328415343981
208760000,0.000124223218006688
208800000,0.000119235930198831
208840000,0.000122205408131176
208880000,0.000121490138418548
208920000,0.000116643392403567
208960000,0.000122674696027695
2.09e+08,0.000118803828150183
209040000,0.000127690670598329
209080000,0.000115179429895732
209120000,0.00012024857357804
209160000,0.000124054602912517
209200000,0.000125155617744675
209240000,0.000126673899051281
209280000,0.000112538039435912
209320000,0.000126817669788005
209360000,0.000120564805394203
209400000,0.000122284169664839
209440000,0.000119960635582154
209480000,0.000126278280423095
209520000,0.000120357895247356
209560000,0.000125680803923897
209600000,0.00012087179041041
209640000,0.000122474416979182
209680000,0.000119642904708854
209720000,0.000120525961953326
209760000,0.000122785816328428
209800000,0.000118046532790377
209840000,0.000124678624435992
209880000,0.000129060032641731
209920000,0.00011651140148075
209960000,0.000121949125777966
2.1e+08,0.000124228481802604
210040000,0.000115160414426279
210080000,0.000121430470349431
210120000,0.000126698477358811
210160000,0.000123424378782548
210200000,0.000120927722904164
210240000,0.000117521499920995
210280000,0.00011817100735621
210320000,0.000120300082875445
210360000,0.000130694816870007
210400000,0.000120959137264397
210440000,0.000121422597812621
210480000,0.000121222434389439
210520000,0.00011676646884668
210560000,0.000120300280040051
210600000,0.000119375073927641
210640000,0.000127328648163477
210680000,0.000124812392163382
210720000,0.000126800505681136
210760000,0.000120883585349286
210800000,0.000119600353281382
210840000,0.000121338832419458
210880000,0.000121623284575276
210920000,0.000123669703395273
210960000,0.000116413511750399
2.11e+08,0.000121788971502779
211040000,0.000123549903965654
211080000,0.000121492582017228
211120000,0.000123769270156214
211160000,0.000122365363275656
211200000,0.000123880383641058
211240000,0.000122884587372475
211280000,0.000119839348025176
211320000,0.00011776123056166
211360000,0.000111304868389368
211400000,0.000121906003030375
211440000,0.000121524156447841
211480000,0.000120134964725847
211520000,0.000121045283834719
211560000,0.000123958261971566
211600000,0.000122679611318507
211640000,0.000114762012787123
211680000,0.000126559884991994
211720000,0.000124462394175768
211760000,0.000119414598926742
211800000,0.000131057871364617
211840000,0.000114996251617494
211880000,0.000122683273820279
211920000,0.000121398563576709
211960000,0.000126865829063937
2.12e+08,0.000122935042551324
212040000,0.000123849655054382
212080000,0.000118927800497348
212120000,0.000115436145990189
212160000,0.000120875843497175
212200000,0.000123189523167081
212240000,0.00012118208479909
212280000,0.000120786207344809
212320000,0.000122447155647035
212360000,0.00012735600642919
212400000,0.000126720500817483
212440000,0.000130412683374607
212480000,0.000128542127016712
212520000,0.000120125071893305
212560000,0.000128153873996856
212600000,0.000125750047276263
212640000,0.000124512229255811
212680000,0.000117841783928243
212720000,0.000119663418036139
212760000,0.000123391817809979
212800000,0.000124026086575274
212840000,0.000124405486375137
212880000,0.000130213896146745
212920000,0.000119279936416227
212960000,0.00012236552880995
2.13e+08,0.000124842827425049
213040000,0.000124178459755162
213080000,0.000122091385394185
213120000,0.000123102968879837
213160000,0.000120996601268523
213200000,0.000125735414052698
213240000,0.000127926685825269
213280000,0.000123117862761881
213320000,0.000120472395768809
213360000,0.000116267784722294
213400000,0.000121791295402802
213440000,0.000125592350677148
213480000,0.000121223745249332
213520000,0.000118299502441718
213560000,0.000120450799443413
213600000,0.00012008781355974
213640000,0.000128102169385162
213680000,0.000126754550705355
213720000,0.000124092148616756
213760000,0.0001190649585175
213800000,0.00012853589055293
213840000,0.000125176051935578
213880000,0.000125414533064276
213920000,0.000127526941774479
213960000,0.000132940283275987
2.14e+08,0.000125590153894805
214040000,0.000121328499638956
214080000,0.000126319222285096
214120000,0.00012784726411903
214160000,0.000122590999390427
214200000,0.000121421522986537
214240000,0.000122988292015544
214280000,0.000128718635800524
214320000,0.00012623619162096
214360000,0.00012674783694593
214400000,0.000125360433823368
214440000,0.000121381584182308
214480000,0.000124175358298088
214520000,0.000125251843152365
214560000,0.000120776704362582
214600000,0.000121895990660073
214640000,0.000124609403046183
214680000,0.000124681528684401
214720000,0.000126301341751696
214760000,0.000121865627711185
214800000,0.000127653800557104
214840000,0.000128692520478131
214880000,0.000121627081084104
214920000,0.00011837098336057
214960000,0.000123641350918551
2.15e+08,0.000124781620032821
215040000,0.000118871090206992
215080000,0.000130772936035973
215120000,0.000121803458915862
215160000,0.000120276815353539
215200000,0.000118709498375341
215240000,0.000120575683667468
215280000,0.000119765397855611
215320000,0.000134928649198244
215360000,0.00012538778033781
215400000,0.000126504651954641
215440000,0.000122527657807034
215480000,0.000130344750235437
215520000,0.000125140489651429
215560000,0.000127347870500271
215600000,0.000125787657181507
215640000,0.000126019644734612
215680000,0.000125216879687195
215720000,0.000124573266876686
215760000,0.000116779147898259
215800000,0.000119084446424641
215840000,0.000129958743352179
215880000,0.000131524575850043
215920000,0.000131030530996406
215960000,0.000118575187902599
2.16e+08,0.000120160299868123
216040000,0.000127515576469228
216080000,0.000117995733157942
216120000,0.000121943097839755
216160000,0.000124498019635288
216200000,0.000119717164926514
216240000,0.000129499856036426
216280000,0.000122470827059926
216320000,0.000129466831808647
216360000,0.000122136988593399
216400000,0.000125819077970981
216440000,0.000123142725242257
216480000,0.000126589766426995
216520000,0.000129112546179334
216560000,0.00012929949395924
216600000,0.000132720117933844
216640000,0.000124710660602956
216680000,0.000128058103006538
216720000,0.000125535959929222
216760000,0.000126807137174062
216800000,0.000125701127313947
216840000,0.000127217223577198
216880000,0.000118996917729755
216920000,0.000129490377486629
216960000,0.000115391209928936
2.17e+08,0.00012100129553674
217040000,0.000129595078514193
217080000,0.000130055585288575
217120000,0.000129626095054222
217160000,0.000126911133008884
217200000,0.000124309663432884
217240000,0.000132799935342578
217280000,0.000124873759383914
217320000,0.000128032675985042
217360000,0.000121555367882991
217400000,0.000117873738859455
217440000,0.000121525742433237
217480000,0.000131220321930345
217520000,0.000126289230577983
217560000,0.000134750840687859
217600000,0.000128337109876806
217640000,0.00013490230882236
217680000,0.000156438339947615
217720000,0.000167037190886871
217760000,0.000529384132135938
217800000,0.000728119208847376
217840000,0.000817015657116574
217880000,0.000169950290722814
217920000,0.000180029515354119
217960000,0.000157944740942297
2.18e+08,0.000162153714433609
218040000,0.000153693036618609
218080000,0.000158174998996504
218120000,0.000133414129093849
218160000,0.000141195079669206
218200000,0.000127949992785447
218240000,0.00012662117989979
218280000,0.00012899283167225
218320000,0.000121616050286105
218360000,0.000139208136989436
218400000,0.00013388524003813
218440000,0.000130812182675644
218480000,0.000129501607608549
218520000,0.000123720773119279
218560000,0.000125074822992668
218600000,0.000123391594452247
218640000,0.000118812648722865
218680000,0.000112536259434254
218720000,0.000123365159780604
218760000,0.00011764827114842
218800000,0.000121311516643183
218840000,0.000134423990085652
218880000,0.000124404672304315
218920000,0.00012647795490937
218960000,0.00012318119507972
2.19e+08,0.000119542975758476
219040000,0.000128237805302612
219080000,0.000122023309944867
219120000,0.000119198980852339
219160000,0.000122314793106849
219200000,0.00012219900853093
219240000,0.000123159678238562
219280000,0.000125734804917433
219320000,0.000116419962314545
219360000,0.000127631014753542
219400000,0.000119316254652271
219440000,0.000119100839985256
219480000,0.000124181558824859
219520000,0.000123079326465644
219560000,0.000130871852348497
219600000,0.000122133562983771
219640000,0.000128234104595504
219680000,0.000118681619470867
219720000,0.000118183010726973
219760000,0.000118923386977603
219800000,0.000128173427356148
219840000,0.000125924778567763
219880000,0.00011929934040044
219920000,0.000130680928019098
219960000,0.000124595814235572
2.2e+08,0.000123534526779388
220040000,0.000133597250641585
220080000,0.000122035505269351
220120000,0.000114364538463759
220160000,0.000125310194300569
220200000,0.000120649566848776
220240000,0.000119423536867251
220280000,0.000126103662044863
220320000,0.000124590929178777
220360000,0.000129893618241471
220400000,0.000126009379279311
220440000,0.000129506668270742
220480000,0.000127176379011629
220520000,0.000125357609371431
220560000,0.000115950759675638
220600000,0.000121405777647772
220640000,0.000123635436055148
220680000,0.000124323335182007
220720000,0.00012060509769674
220760000,0.000127884973654602
220800000,0.000121498056723083
220840000,0.000115225256631798
220880000,0.000120838279524093
220920000,0.000115126982210832
220960000,0.000133927137902142
2.21e+08,0.000123248186889801
221040000,0.000126973450417897
221080000,0.000126435003779578
221120000,0.000119096422961933
221160000,0.000127732079136086
221200000,0.000120598983514793
221240000,0.000121498317658795
221280000,0.000120279312128174
221320000,0.000125776841976452
221360000,0.000127518205705912
221400000,0.000128077046242464
221440000,0.000116570944664594
221480000,0.000123352425448044
221520000,0.000127545516212931
221560000,0.000134142603964156
221600000,0.000125555773452347
221640000,0.000122075357663922
221680000,0.000132097237842067
221720000,0.000126475023233287
221760000,0.000127476950442327
221800000,0.000123400734912254
221840000,0.000122586639168753
221880000,0.000134337352853929
221920000,0.000126868930053464
221960000,0.000133962840330109
2.22e+08,0.000124504071443578
222040000,0.000134626964277859
222080000,0.00013606896568074
222120000,0.00012797953601154
222160000,0.000113924137050734
222200000,0.00013685439142455
222240000,0.000129579885056833
222280000,0.000122864200684275
222320000,0.000126079247048084
222360000,0.000121333042517539
222400000,0.000130593646924687
222440000,0.000125676124437022
222480000,0.000125858312350628
222520000,0.00012109747622278
222560000,0.000122801559270698
222600000,0.000122935940197202
222640000,0.000128162480851873
222680000,0.000119107384332187
222720000,0.000119984579606257
222760000,0.000116048279699446
222800000,0.000130203414636085
222840000,0.000118097904421442
222880000,0.000121733506455981
222920000,0.000130079781426939
222960000,0.00011440830921603
2.23e+08,0.000119758492035751
223040000,0.000132279655791889
223080000,0.000129342719785727
223120000,0.000129461335710906
223160000,0.00011812066445506
223200000,0.000125118129209052
223240000,0.000116906287807635
223280000,0.000125298925909148
223320000,0.000136589096331647
223360000,0.000124665476834769
223400000,0.00012370950998504
223440000,0.000168309469974372
223480000,0.000295610692144394
223520000,0.000131159117768763
223560000,0.000129427956108177
223600000,0.000126133211415323
223640000,0.000121019102826032
223680000,0.000126075321092994
223720000,0.000127352721746957
223760000,0.000134120970115478
223800000,0.000118720948792463
223840000,0.00012656027445108
223880000,0.000123959756444014
223920000,0.000133923418630708
223960000,0.000120701943889133
2.24e+08,0.00015352190372725
224040000,0.000122809930616383
224080000,0.000121019356827828
224120000,0.000127247130890682
224160000,0.000123015582218627
224200000,0.000118614059787679
224240000,0.000123649376273447
224280000,0.000129045845516449
224320000,0.000131198117748146
224360000,0.000137030378329765
224400000,0.000127678228007013
224440000,0.000128694663255457
224480000,0.00013063298628693
224520000,0.000128958697536395
224560000,0.000127398444150172
224600000,0.000127839449483385
224640000,0.000125136797122687
224680000,0.00012427657825067
224720000,0.000117816684022134
224760000,0.000131822187378454
224800000,0.000125952638611504
224840000,0.000125520603155855
224880000,0.000124785741051424
224920000,0.000126264475046799
224960000,0.000123983814483669
2.25e+08,0.00012393049668629
225040000,0.000125348979225873
225080000,0.000119248393514904
225120000,0.000125842393057277
225160000,0.000120960605123094
225200000,0.000123915971249238
225240000,0.000130734707740545
225280000,0.000121732963783789
225320000,0.000133149682946042
225360000,0.000132124839437297
225400000,0.000137588447215191
225440000,0.000124582710125317
225480000,0.000124546244255667
225520000,0.000135031960914398
225560000,0.000122090795337384
225600000,0.000121890351092487
225640000,0.000114004905254083
225680000,0.000122669253461359
225720000,0.000138647496612797
225760000,0.000130213025680203
225800000,0.000128022790010732
225840000,0.000120596766458113
225880000,0.000122662443479968
225920000,0.000131960261915701
225960000,0.000117702511891199
2.26e+08,0.000124285327563466
226040000,0.000133998152860184
226080000,0.000127131367033444
226120000,0.00012222542202207
226160000,0.000124041156578427
226200000,0.000143007497134447
226240000,0.000132121680872861
226280000,0.000121736327471873
226320000,0.000125430689816706
226360000,0.000130893103675655
226400000,0.000129864275996875
226440000,0.000127743773280701
226480000,0.000113211817546957
226520000,0.000135367783269777
226560000,0.00011571868038799
226600000,0.00011795791536648
226640000,0.00012223927000215
226680000,0.000132527913295145
226720000,0.000125450178263204
226760000,0.000124392970278811
226800000,0.000126488138024394
226840000,0.000126556154756378
226880000,0.000132102135401204
226920000,0.000126599206618911
226960000,0.000141432087975648
2.27e+08,0.000122721770752114
227040000,0.000131659538859619
227080000,0.00012251322877454
227120000,0.000141296050663698
227160000,0.000122117220537876
227200000,0.000130991931524504
227240000,0.000128743775441931
227280000,0.000115435009680419
227320000,0.000132559518226305
227360000,0.000133658249600634
227400000,0.000130590741986018
227440000,0.000128326484731105
227480000,0.00012772262638802
227520000,0.000123114188697131
227560000,0.000126487891089433
227600000,0.000123093641413092
227640000,0.000129429545353631
227680000,0.000127269418748635
227720000,0.000139178936289797
227760000,0.000120860797466301
227800000,0.000122342013816443
227840000,0.000123265721124257
227880000,0.000147226315759065
227920000,0.000127883782522908
227960000,0.000144776011238886
2.28e+08,0.000142206777734961
228040000,0.00012280415804838
228080000,0.000126565835090204
228120000,0.000136198121871843
228160000,0.000121444046806576
228200000,0.000136236059289999
228240000,0.000125201141448564
228280000,0.000135282311190185
228320000,0.00013017757748856
228360000,0.000126391651578574
228400000,0.000119279052577632
228440000,0.000126664442492028
228480000,0.000127530492862195
228520000,0.000124715953867262
228560000,0.000139391246387694
228600000,0.000122498615957665
228640000,0.000131804372001571
228680000,0.000125815955835625
228720000,0.000127744725395553
228760000,0.000128695235199508
228800000,0.000122358141113782
228840000,0.000125971964745355
228880000,0.000133246667198029
228920000,0.000135547133717735
228960000,0.000135486513448097
2.29e+08,0.000128384477706872
229040000,0.000142945909990811
229080000,0.000133601007285689
229120000,0.0001254203284389
229160000,0.000130032107704389
229200000,0.000126118627189609
229240000,0.000130423346347402
229280000,0.000127220820597441
229320000,0.000121602992241605
229360000,0.000116909210948746
229400000,0.000141961413468562
229440000,0.00012739040805425
229480000,0.000128020041095465
229520000,0.000134164469222655
229560000,0.0001215919919577
229600000,0.000125083405967828
229640000,0.000130888204802557
229680000,0.000118238497513833
229720000,0.000138722429379107
229760000,0.000127200791423502
229800000,0.000129392095036926
229840000,0.000132581489632369
229880000,0.000124631075756159
229920000,0.00016368321638694
229960000,0.00012643500306452
2.3e+08,0.000126760504789076
230040000,0.00014155701952116
230080000,0.000130468118303023
230120000,0.000128374443151446
230160000,0.000128813682944112
230200000,0.000135657673722936
230240000,0.000122971680812075
230280000,0.000137580834568386
230320000,0.000129167572697446
230360000,0.000133056908955762
230400000,0.00013833170472281
230440000,0.000123821584141986
230480000,0.000136510286112419
230520000,0.000125382796064909
230560000,0.000124389588925122
230600000,0.000126868785004717
230640000,0.000127236352526117
230680000,0.000125661723430869
230720000,0.000137251817540971
230760000,0.000124555002976755
230800000,0.00013109600957275
230840000,0.0001264829564445
230880000,0.000136082461589588
230920000,0.000135751930951652
230960000,0.000133290463399069
2.31e+08,0.000131086167603945
231040000,0.000129631460447185
231080000,0.000124226836210912
231120000,0.00013256285922426
231160000,0.000124684222567472
231200000,0.000130302264372334
231240000,0.000122849655043672
231280000,0.00013405909375089
231320000,0.000138578535460735
231360000,0.000133213472183119
231400000,0.00015497182206175
231440000,0.000127130575204213
231480000,0.000130681861281641
231520000,0.000125647371736045
231560000,0.000139798247359399
231600000,0.000143285823743755
231640000,0.000122718964033361
231680000,0.000128713363913567
231720000,0.000141219940552303
231760000,0.000148142121756225
231800000,0.000146259192818339
231840000,0.000140385454172788
231880000,0.000131452126860553
231920000,0.000156110447144145
231960000,0.000130080204595282
2.32e+08,0.000151580252390114
232040000,0.000137591567375133
232080000,0.000148035081705623
232120000,0.000130976009011074
232160000,0.000139494072135114
232200000,0.000138051010527196
232240000,0.000129288735241398
232280000,0.000132776631484293
232320000,0.000138236263658482
232360000,0.000151380045359127
232400000,0.000135101044114356
232440000,0.000146173353686832
232480000,0.000129921401943348
232520000,0.000133252112154581
232560000,0.000140515600189814
232600000,0.000130407985729094
232640000,0.000142352460184934
232680000,0.000138781622067064
232720000,0.000133148664917546
232760000,0.000137526896580408
232800000,0.000126224618386044
232840000,0.000138263897153059
232880000,0.000143989102069001
232920000,0.000127575142290971
232960000,0.000134991312651221
2.33e+08,0.000155209748575665
233040000,0.000139098481733317
233080000,0.000146723980620709
233120000,0.000136571853437864
233160000,0.000134386431264668
233200000,0.000159049942000195
233240000,0.000156456236860042
233280000,0.000146650414358585
233320000,0.000136460340577713
233360000,0.000133896112038148
233400000,0.000136438874786817
233440000,0.000147199320111069
233480000,0.000138708013966647
233520000,0.000144098926032037
233560000,0.000136060955135813
233600000,0.000132819954133351
233640000,0.000139323651997928
233680000,0.000172032717483428
233720000,0.000149423978644522
233760000,0.000147675511821608
233800000,0.00015289637412426
233840000,0.000138967603770699
233880000,0.000137356112621309
233920000,0.00014349285015928
233960000,0.000156695963375667
2.34e+08,0.000151643994642535
234040000,0.000144901904687499
234080000,0.000135581142043373
234120000,0.000137589482812337
234160000,0.00014031691547561
234200000,0.00014356695699141
234240000,0.000127746895430263
234280000,0.000140677706235403
234320000,0.000140469845333507
234360000,0.000138623664955873
234400000,0.000128300220741652
234440000,0.000148924885339183
234480000,0.000139728927060951
234520000,0.000161864894250669
234560000,0.000146024934982739
234600000,0.000139484862233803
234640000,0.000143389529117836
234680000,0.000146551107683322
234720000,0.000171596404389675
234760000,0.000142251883960848
234800000,0.000140479791015397
234840000,0.000137683725512307
234880000,0.000138769747264988
234920000,0.000150362990544409
234960000,0.000148140038899988
2.35e+08,0.000137878978818643
235040000,0.000131334163925272
235080000,0.00014614579508635
235120000,0.00015890622169562
235160000,0.00013104301775116
235200000,0.000136490630489099
235240000,0.000130738922814524
235280000,0.00012915564139732
235320000,0.00015126970445922
235360000,0.000137130566519834
235400000,0.00014195408686013
235440000,0.000139112275994504
235480000,0.000146730832589493
235520000,0.000141558423160651
235560000,0.000144264632762421
235600000,0.000135515678428565
235640000,0.000146375160821574
235680000,0.000151790253403927
235720000,0.000141287069007474
235760000,0.000136064702019578
235800000,0.000154215238321227
235840000,0.000136670338407982
235880000,0.000147301450687868
235920000,0.000132000155886725
235960000,0.000160563358167526
2.36e+08,0.000141714916697942
236040000,0.00014013700939194
236080000,0.000149034481321115
236120000,0.00016100037568432
236160000,0.000128800504872433
236200000,0.000158881944621763
236240000,0.000142261003875311
236280000,0.00011360185966027
236320000,0.000145175761913357
236360000,0.000146349642192372
236400000,0.000155690069436223
236440000,0.000133815670316783
236480000,0.000143424459500028
236520000,0.000136509465365313
236560000,0.000146032958271042
236600000,0.000135962087205347
236640000,0.000135028614263975
236680000,0.000121516296108091
236720000,0.000131046125966205
236760000,0.000133476729836114
236800000,0.000136497799728742
236840000,0.000135672818794583
236880000,0.000141103199574496
236920000,0.00014397790130874
236960000,0.000156622591813193
2.37e+08,0.000163764239148138
237040000,0.000149035769197914
237080000,0.000128981750071133
237120000,0.000140961447361278
237160000,0.000142894391155907
237200000,0.000143609561775391
237240000,0.000143560044404457
237280000,0.000154639916834726
237320000,0.000133082276735015
237360000,0.00013417223883528
237400000,0.000166175292070523
237440000,0.000136688901614101
237480000,0.000147070773332244
237520000,0.000136050573877212
237560000,0.000168771322786884
237600000,0.000126859799486304
237640000,0.000135127820670661
237680000,0.000126984970887083
237720000,0.000140873395227062
237760000,0.000141075257165883
237800000,0.000127645427405562
237840000,0.000143866735529407
237880000,0.000137211051983685
237920000,0.000157976001983826
237960000,0.000164191992047139
2.38e+08,0.000144452196874917
238040000,0.000134316657484069
238080000,0.000140024067948061
238120000,0.0001378085237836
238160000,0.000130173267197099
238200000,0.000142956006080009
238240000,0.00015152925007783
238280000,0.000127604982800569
238320000,0.000156847300346052
238360000,0.000149315789762285
238400000,0.000128430674431392
238440000,0.000139799627962909
238480000,0.000139043569806151
238520000,0.000131325552520988
238560000,0.00015250444566807
238600000,0.000159460297565274
238640000,0.000155178845896028
238680000,0.000148352271546796
238720000,0.000135760877552573
238760000,0.000136406028115726
238800000,0.000148899472865239
238840000,0.000136800640767717
238880000,0.000154136031535143
238920000,0.000143739812367647
238960000,0.000141742244770798
2.39e+08,0.000148859352675098
239040000,0.000157583268448541
239080000,0.00013306258034642
239120000,0.00013686442342372
239160000,0.000139117170589809
239200000,0.000134603692779465
239240000,0.000156999429143766
239280000,0.000129733163029074
239320000,0.0001527839228464
239360000,0.000156414177588202
239400000,0.000145675287590264
239440000,0.000160628166796542
239480000,0.000138791156943108
239520000,0.000147012942813994
239560000,0.000156064365708057
239600000,0.000147969096500111
239640000,0.000176787326200363
239680000,0.000176723003524788
239720000,0.000161699288791786
239760000,0.000155912390569379
239800000,0.00015768971219608
239840000,0.000159483792606186
239880000,0.000147833647637651
239920000,0.000141736301501314
239960000,0.000142802145102227
2.4e+08,0.000133606061044682
240040000,0.000208225665072696
240080000,0.000158306127578387
240120000,0.000139668548396324
240160000,0.000205276466987546
240200000,0.000168145305699838
240240000,0.000140940963342696
240280000,0.000159600511190785
240320000,0.000169782397586647
240360000,0.000163841253992763
240400000,0.000151555299981783
240440000,0.000128329740073091
240480000,0.000157894872501131
240520000,0.000138108101981059
240560000,0.000172562065259647
240600000,0.000151464465042751
240640000,0.000153674576826454
240680000,0.000130397202877746
240720000,0.000143556665898462
240760000,0.000173417271692424
240800000,0.000135244656110285
240840000,0.000167331510011092
240880000,0.000172586463805328
240920000,0.000172340270506665
240960000,0.000166565097402633
2.41e+08,0.000157578692462213
241040000,0.000132738294549657
241080000,0.000146146102358418
241120000,0.000155173329244629
241160000,0.000152097828328877
241200000,0.000169140271876976
241240000,0.000165670966495992
241280000,0.000200278499309185
241320000,0.000186374407466291
241360000,0.000161549382557173
241400000,0.000200782365607003
241440000,0.000147608336415758
241480000,0.000144989799483443
241520000,0.000160118609157557
241560000,0.000161063266968971
241600000,0.000152186535807969
241640000,0.000137767616143724
241680000,0.000163129972925177
241720000,0.000152710461451715
241760000,0.000150481070556843
241800000,0.000148949090862287
241840000,0.000141785734254165
241880000,0.000148611761089839
241920000,0.000150351147473196
241960000,0.000136689130341747
2.42e+08,0.000156313356358822
242040000,0.000145422945341732
242080000,0.000174976187417349
242120000,0.000159723620243723
242160000,0.000165095124420623
242200000,0.000194140051026801
242240000,0.000192161803421534
242280000,0.000152655285548542
242320000,0.000140256668535051
242360000,0.000162784884019292
242400000,0.000161679206374558
242440000,0.000149952011511644
242480000,0.000179472035783311
242520000,0.000157745240528532
242560000,0.000143429594592882
242600000,0.000190642694959241
242640000,0.000153950546882009
242680000,0.000157259112529628
242720000,0.000155732464130419
242760000,0.000160665136748676
242800000,0.000163880294534949
242840000,0.000159317229431715
242880000,0.000237337329016928
242920000,0.000151988031762812
242960000,0.000184855906175974
2.43e+08,0.000200695399118706
243040000,0.000200775922260134
243080000,0.000143623302003389
243120000,0.000167494176922987
243160000,0.000264073329012218
243200000,0.000165668357821819
243240000,0.000147730432662979
243280000,0.000120523096948085
243320000,0.000161638465425246
243360000,0.000186315899953867
243400000,0.000297959796963429
243440000,0.000174547263693991
243480000,0.000161030153421278
243520000,0.000189936846798326
243560000,0.000198012118146294
243600000,0.000212264879758355
243640000,0.000230312941816144
243680000,0.000232112483670439
243720000,0.000215914115281333
243760000,0.000156464712490036
243800000,0.000161331720986551
243840000,0.00015247428594276
243880000,0.000197771552469095
243920000,0.000160161430974968
243960000,0.000142461263357118
2.44e+08,0.000171401555817749
244040000,0.000164852174438933
244080000,0.000230324866191843
244120000,0.000166703239625955
244160000,0.000131679996859199
244200000,0.000244259160558705
244240000,0.000136233845548209
244280000,0.00016562225557705
244320000,0.000134198260495741
244360000,0.000175448809998513
244400000,0.000146264292169223
244440000,0.000181906727840041
244480000,0.000149311814080175
244520000,0.000166205514162249
244560000,0.000148663711308391
244600000,0.000203243496929
244640000,0.000181568863406896
244680000,7.69343254129156e-05
244720000,0.000172689983181277
244760000,0.000144342642304206
244800000,0.000117649246736813
244840000,0.000242355677826294
244880000,0.000183487247533037
244920000,0.000184268929306803
244960000,7.91536765086741e-05
2.45e+08,0.000120390606852138
245040000,0.00033120839707621
245080000,0.000183054412279822
245120000,9.51434234271145e-05
245160000,0.000211601688979193
245200000,0.000195536844755075
245240000,0.000251086685339631
245280000,0.000215696050096806
245320000,0.000146494580268049
245360000,0.000163333152383687
245400000,0.000120110585656004
245440000,0.000165696246350515
245480000,0.000134448285855814
245520000,0.000148890195930057
245560000,0.000142410914043072
245600000,0.000117681345963311
245640000,0.000126654832594787
245680000,0.000160133464107709
245720000,0.000348605727391233
245760000,0.000132491946695536
245800000,0.000141598109477048
245840000,0.000314439949166354
245880000,0.000504091677865742
245920000,0.000199984918197281
245960000,0.000139181854401297
2.46e+08,0.000172078195369843
246040000,0.000141981145884518
246080000,0.000138759648711951
246120000,0.000218513036303115
246160000,0.000144489840465497
246200000,0.000256271763792915
246240000,0.000134861521779611
246280000,0.000140954342744769
246320000,0.000209876944073401
246360000,0.000157612137433324
246400000,0.000182998140710246
246440000,0.000161200787869559
246480000,0.00016462590655396
246520000,0.000147398081306257
246560000,0.000205206829764558
246600000,0.000196437336753093
246640000,0.000202486323374903
246680000,0.000205699833930895
246720000,0.000168258896617279
246760000,0.00013040145274483
246800000,0.000182471881823595
246920000,0.000190340383428698
2.47e+08,8.20388662270498e-05
247040000,0.000523372600192279
247080000,0.00020004688400121
247160000,0.000100803870357351
247200000,0.000194375132816223
247240000,0.000108184890664861
247360000,8.34568921541806e-05
247400000,7.73082353777079e-05
247440000,0.000150043535434908
247480000,0.00025213266743847
247560000,0.000315350282446444
247600000,0.000186187068624932
247640000,0.000369738671288092
247720000,0.000185729904351512
247760000,0.000271357548314963
247880000,0.000211865588098907
247920000,0.000414161396003692
2.48e+08,0.000314293593144623
248040000,0.000114599820219529
248080000,0.000172572492122483
248120000,0.000162909586960699
248160000,0.000173734057176528
248200000,8.03377638997981e-05
248240000,0.00238756330259178
248320000,0.000130963551524397
248360000,0.00138272492519398
248400000,0.000300325553042521
248520000,0.00223825795144312
