distance,mean_norm_contact
0,0.0638902630294038
40000,0.0342155914866076
80000,0.0148427221193133
120000,0.0105177820870228
160000,0.00833688533756689
2e+05,0.00696390575115783
240000,0.00598227075023626
280000,0.0052484233510617
320000,0.00466267281968811
360000,0.00417450902591296
4e+05,0.00378991354167333
440000,0.0034546365019225
480000,0.00317466187639574
520000,0.00292864368905188
560000,0.002719314949157
6e+05,0.0025351985108724
640000,0.00236775603508099
680000,0.00222323414425906
720000,0.00208920579380054
760000,0.00196815910553215
8e+05,0.0018606500971839
840000,0.00176522871344374
880000,0.00167545412698293
920000,0.0015926812919778
960000,0.00151791168283512
1e+06,0.00144964123285027
1040000,0.00138687879870436
1080000,0.00132891767386642
1120000,0.00127426266622584
1160000,0.00122424843898241
1200000,0.00117928171989752
1240000,0.00113303698911698
1280000,0.0010922454643983
1320000,0.00105490068022433
1360000,0.00101673583577603
1400000,0.000984614436142215
1440000,0.000953183444822025
1480000,0.000923583956804838
1520000,0.000894781297583341
1560000,0.000867280213942614
1600000,0.00084386533011133
1640000,0.000819795981044262
1680000,0.000795315525914364
1720000,0.000775732463055909
1760000,0.000756509903350843
1800000,0.000738405010456584
1840000,0.000720493375845709
1880000,0.000702769470081788
1920000,0.000686500354966651
1960000,0.00067281757534955
2e+06,0.000655866255535709
2040000,0.000643542152976145
2080000,0.000629229051708279
2120000,0.000615990949585876
2160000,0.000601727529581526
2200000,0.000592881511521501
2240000,0.00058182026210212
2280000,0.000568854959070854
2320000,0.00056067010250715
2360000,0.0005501453011839
2400000,0.000539961734971652
2440000,0.000531804079990164
2480000,0.000523317619106029
2520000,0.000516244177002675
2560000,0.000507381243787132
2600000,0.000500524502740221
2640000,0.000492149519321048
2680000,0.000484950026943452
2720000,0.000479502124895851
2760000,0.000472863305046705
2800000,0.000468111202278865
2840000,0.000459364737346183
2880000,0.000453491002193455
2920000,0.000447044605321347
2960000,0.000442313993568953
3e+06,0.00043689489897134
3040000,0.00043260850485942
3080000,0.00042631316663503
3120000,0.000422489826070113
3160000,0.000417696940121981
3200000,0.000411995778949322
3240000,0.000409086621300016
3280000,0.000405724206059182
3320000,0.000399710661414052
3360000,0.000397919664037829
3400000,0.000394776219419891
3440000,0.000388193670617384
3480000,0.000386878341008811
3520000,0.000381596676881065
3560000,0.000379011154376795
3600000,0.000375228264105277
3640000,0.000373222669807227
3680000,0.000366001399257154
3720000,0.000362914016059141
3760000,0.000361229545916009
3800000,0.000358326308295078
3840000,0.000358239070812137
3880000,0.000351434503073251
3920000,0.000350649031098937
3960000,0.000347514900912487
4e+06,0.000346453983045731
4040000,0.000342763827505971
4080000,0.000340312853203294
4120000,0.000336227043076696
4160000,0.000333194381846224
4200000,0.000331760040683984
4240000,0.000330924028102207
4280000,0.00032763578780915
4320000,0.00032434155469034
4360000,0.000323426173125522
4400000,0.000322081349008052
4440000,0.000320078089019095
4480000,0.000316824842166396
4520000,0.000316078925397865
4560000,0.000315583191051839
4600000,0.000312890353063244
4640000,0.000309697232472568
4680000,0.000310050235481834
4720000,0.00030578107505551
4760000,0.000305353894128066
4800000,0.000302403622651465
4840000,0.000302249617840873
4880000,0.000299237395016608
4920000,0.000299087562266992
4960000,0.000296018296368739
5e+06,0.000294807571589056
5040000,0.000294327769414022
5080000,0.000292013832614759
5120000,0.00029108777072434
5160000,0.000288921640676571
5200000,0.000288292800235182
5240000,0.000286721777292874
5280000,0.000284252206915918
5320000,0.00028345288086769
5360000,0.000280761460803422
5400000,0.000280724455635958
5440000,0.000280962760263831
5480000,0.000278195103461769
5520000,0.000276914294961676
5560000,0.000276369794317076
5600000,0.000274347913922157
5640000,0.000273711105748056
5680000,0.000273215509785843
5720000,0.000271034293902531
5760000,0.00027213669352661
5800000,0.000269342784193082
5840000,0.000270460608125957
5880000,0.000268120684677604
5920000,0.000266314762516012
5960000,0.000265926215987534
6e+06,0.000265175808365644
6040000,0.000263311825780011
6080000,0.000262872142542785
6120000,0.000261540560716906
6160000,0.00026212659916054
6200000,0.000262175106266984
6240000,0.000260449408841566
6280000,0.000259404553880335
6320000,0.000257648319244402
6360000,0.000257741323704141
6400000,0.000255983610087956
6440000,0.000254484453238051
6480000,0.000254710994445236
6520000,0.000253603557357912
6560000,0.000253512347766377
6600000,0.000253007289074246
6640000,0.000252971512417275
6680000,0.000252390144572184
6720000,0.000251007325440094
6760000,0.000249620633644417
6800000,0.000250098517718663
6840000,0.000250297009148818
6880000,0.000248554453607968
6920000,0.000247317654605002
6960000,0.000247861135223377
7e+06,0.000246873884741052
7040000,0.000246609348693669
7080000,0.000244398490003192
7120000,0.000245014098948283
7160000,0.000244006794096696
7200000,0.000243216780351979
7240000,0.000241992408831522
7280000,0.000242093267753906
7320000,0.000241010147206803
7360000,0.000240384447264491
7400000,0.000240482131732144
7440000,0.000240091521155743
7480000,0.000238827931690527
7520000,0.000239517625512022
7560000,0.000238336614935961
7600000,0.000237787451039195
7640000,0.000235641696201496
7680000,0.000236445474764855
7720000,0.000235338089592817
7760000,0.000236636082074685
7800000,0.00023569377784527
7840000,0.000235322396192482
7880000,0.000233720134329576
7920000,0.000234105697393185
7960000,0.000233045120808664
8e+06,0.000232763642140291
8040000,0.000232299379577564
8080000,0.000231221788083794
8120000,0.000231787821340637
8160000,0.000230684394597906
8200000,0.000230062298219838
8240000,0.000229538366554994
8280000,0.000229852366430065
8320000,0.000228209126127712
8360000,0.000227550743541722
8400000,0.000228685294348969
8440000,0.000228707275776847
8480000,0.00022694039125106
8520000,0.000225497637674038
8560000,0.000225141953044901
8600000,0.000226071889845455
8640000,0.000224737308834165
8680000,0.000225224079624891
8720000,0.000225151317400888
8760000,0.000224520020976662
8800000,0.000223743929324323
8840000,0.000223310828342766
8880000,0.000222630113132432
8920000,0.000222683256389435
8960000,0.000222990885049182
9e+06,0.00022178008316967
9040000,0.000222521798635837
9080000,0.000221805735350826
9120000,0.00022180999229027
9160000,0.000219796834244689
9200000,0.000220472716389319
9240000,0.000219934952626755
9280000,0.000220238501397962
9320000,0.000219697037229928
9360000,0.000219728622173686
9400000,0.000218300752490423
9440000,0.000219522587417419
9480000,0.000218293725383499
9520000,0.000217048727708423
9560000,0.000217981770834422
9600000,0.000217093801958117
9640000,0.000217283987728384
9680000,0.000217008022593458
9720000,0.000216201636244464
9760000,0.00021545524738728
9800000,0.000216114396494149
9840000,0.000215335072344601
9880000,0.000215540701689807
9920000,0.000214950253468002
9960000,0.000213822664667922
1e+07,0.000213930603792678
10040000,0.000214134135211105
10080000,0.000213020492739476
10120000,0.000213634201815533
10160000,0.000214247146766533
10200000,0.000213951573580743
10240000,0.000212784894617439
10280000,0.000212581150627765
10320000,0.00021215794961003
10360000,0.000212183062925479
10400000,0.000211482980041784
10440000,0.000212077031438111
10480000,0.000211479702809359
10520000,0.000209799283686913
10560000,0.000211119816029028
10600000,0.000209838537271726
10640000,0.000210209904964928
10680000,0.000209373064332379
10720000,0.000209616886725104
10760000,0.00021039282207528
10800000,0.000208961235196654
10840000,0.000210698844652597
10880000,0.000208770217918486
10920000,0.000209021503251854
10960000,0.000208986793888751
1.1e+07,0.00020859902172781
11040000,0.000207974333124029
11080000,0.000208113631018856
11120000,0.000208624185049146
11160000,0.000208143647547083
11200000,0.000207590463376386
11240000,0.000207666347518713
11280000,0.000208410991681185
11320000,0.000207127935472749
11360000,0.000206062142663108
11400000,0.000205320280205477
11440000,0.000206784151861755
11480000,0.000205876690461703
11520000,0.000206681087563137
11560000,0.00020463711947231
11600000,0.000206062712212571
11640000,0.000205620179080478
11680000,0.000205066522911326
11720000,0.00020493223775309
11760000,0.000205569397958277
11800000,0.000206178626061691
11840000,0.000204928670226869
11880000,0.000204355877675235
11920000,0.000204652447440102
11960000,0.000204186197003692
1.2e+07,0.000204419320994951
12040000,0.000203380503042149
12080000,0.000204317412121838
12120000,0.000204060174477498
12160000,0.000203985429352768
12200000,0.000203082946436545
12240000,0.000203134720970938
12280000,0.000202353968947902
12320000,0.000202844209148612
12360000,0.000201456209100833
12400000,0.000202015327294045
12440000,0.000202295483303055
12480000,0.000201722670010079
12520000,0.000201117668422725
12560000,0.000201023733685266
12600000,0.000201886211166977
12640000,0.000200208938691162
12680000,0.000202697059551233
12720000,0.000201006077118192
12760000,0.000200365504947753
12800000,0.000200712144879081
12840000,0.000200443441441175
12880000,0.000200588153197086
12920000,0.000200772969614563
12960000,0.000200083009908708
1.3e+07,0.000199659298581699
13040000,0.000200219393586493
13080000,0.000198989016044509
13120000,0.00019914490824532
13160000,0.000199903665213134
13200000,0.000200017420409663
13240000,0.000199490060346277
13280000,0.000200080526104036
13320000,0.000198495046972184
13360000,0.000199641291763041
13400000,0.000198618438692907
13440000,0.000199545141645059
13480000,0.000199978870768993
13520000,0.000197970041413466
13560000,0.000199440065452415
13600000,0.000198297199788037
13640000,0.000197854136631884
13680000,0.000197181582257993
13720000,0.00019740424868642
13760000,0.000198044883015126
13800000,0.000196484800819815
13840000,0.000197759139841647
13880000,0.000197887052184804
13920000,0.00019748263201562
13960000,0.000197581771987851
1.4e+07,0.000196508957740722
14040000,0.000197034626903512
14080000,0.000196248314701027
14120000,0.000196121208270761
14160000,0.000196692080992112
14200000,0.000196763899267976
14240000,0.000196266365908797
14280000,0.000195262206144467
14320000,0.000195936992305107
14360000,0.000195351884849739
14400000,0.000196120244834839
14440000,0.000196230208819016
14480000,0.000193929708797012
14520000,0.000196638395487918
14560000,0.000194533993656531
14600000,0.000195184222188344
14640000,0.000194072626056668
14680000,0.000195087400734843
14720000,0.000194166237771984
14760000,0.000194790116842088
14800000,0.000194273382255866
14840000,0.000193626749365804
14880000,0.000193248936476023
14920000,0.000193507847982345
14960000,0.000193789607114968
1.5e+07,0.00019308336070792
15040000,0.00019412056897317
15080000,0.00019327147438153
15120000,0.000194086147377783
15160000,0.000194052499944183
15200000,0.000193645961714601
15240000,0.000193324340803254
15280000,0.000193039189332167
15320000,0.000191988112519152
15360000,0.000192026035944972
15400000,0.000192808185731553
15440000,0.000192702344170051
15480000,0.000193313947864168
15520000,0.000192453641504005
15560000,0.000192842600622488
15600000,0.000192571028710319
15640000,0.000192519367023211
15680000,0.000191843018406361
15720000,0.000192420464926934
15760000,0.000191378351221753
15800000,0.000192201331586517
15840000,0.000191605239368224
15880000,0.000192496586094806
15920000,0.000192096752734856
15960000,0.000191408886773922
1.6e+07,0.000191777855203995
16040000,0.000192121901497567
16080000,0.000190945189936807
16120000,0.000190798246001683
16160000,0.000190934107555379
16200000,0.000191230709462074
16240000,0.000190683041902008
16280000,0.000191686164079401
16320000,0.000190927859775561
16360000,0.000190757733562224
16400000,0.000190919532889224
16440000,0.000191688280359424
16480000,0.000191022302682929
16520000,0.000190495349325274
16560000,0.000191547476599378
16600000,0.000190627427040782
16640000,0.000190084230455232
16680000,0.000189595216640141
16720000,0.00019065215938888
16760000,0.000189664312014964
16800000,0.00019066538261231
16840000,0.000190170681824196
16880000,0.00019125789016032
16920000,0.000191054787032164
16960000,0.000189747790146568
1.7e+07,0.000189703933228913
17040000,0.000188659481068224
17080000,0.000189432764528463
17120000,0.000188706174533415
17160000,0.000188153318134846
17200000,0.000188475216221397
17240000,0.000187943009888608
17280000,0.000186737246160583
17320000,0.000188857264160998
17360000,0.000187988518618127
17400000,0.000188306171908175
17440000,0.00018734395527631
17480000,0.000187955763055903
17520000,0.000187822170694227
17560000,0.00018747414568744
17600000,0.000187342120725319
17640000,0.000187222767106072
17680000,0.000187026508300146
17720000,0.000187669370044599
17760000,0.000187735804043012
17800000,0.000186581239388674
17840000,0.000186858289233644
17880000,0.000186910203059658
17920000,0.000187968031462045
17960000,0.000187021270143813
1.8e+07,0.000186773828773351
18040000,0.000186802038533467
18080000,0.000186062276832136
18120000,0.000187045598982506
18160000,0.000185340568892233
18200000,0.000185872839504392
18240000,0.000186217926548779
18280000,0.000186717021167422
18320000,0.000185753292879944
18360000,0.00018547056407208
18400000,0.000187501025155941
18440000,0.000186642622623926
18480000,0.000187080560361079
18520000,0.000187572491231313
18560000,0.000186911567201387
18600000,0.000185723755550509
18640000,0.000185678688328516
18680000,0.000186796219110498
18720000,0.000185938043699526
18760000,0.00018644579898021
18800000,0.000186360996260257
18840000,0.000187316730291502
18880000,0.000185905256496926
18920000,0.000185600423346691
18960000,0.000185947396519553
1.9e+07,0.000185691982878351
19040000,0.000185575586389843
19080000,0.00018581337591172
19120000,0.000184927918767548
19160000,0.00018560062512533
19200000,0.000186077856739525
19240000,0.000185413034768657
19280000,0.000185178035781073
19320000,0.000185079186978585
19360000,0.000185564582799119
19400000,0.000184934719715071
19440000,0.000184891908791746
19480000,0.00018609664721845
19520000,0.000185921865733637
19560000,0.000184164352048542
19600000,0.000185706630889198
19640000,0.000185864090272817
19680000,0.000185145011109964
19720000,0.000185069338644453
19760000,0.000186233615346866
19800000,0.000185133499866834
19840000,0.000185266187878989
19880000,0.000184965994834538
19920000,0.000184504474548716
19960000,0.000185285605278699
2e+07,0.000185727229071244
20040000,0.000185019359125287
20080000,0.000183613606735954
20120000,0.000183910652448283
20160000,0.000184498757186545
20200000,0.000184410015133269
20240000,0.000183903793576213
20280000,0.000183803590391895
20320000,0.000183587992129538
20360000,0.000183979054458372
20400000,0.000184844212685899
20440000,0.000185804540102042
20480000,0.000182996812445771
20520000,0.000183949669194143
20560000,0.000183741721116145
20600000,0.000183515306645422
20640000,0.000183977916771345
20680000,0.000183712795388969
20720000,0.000183126619440646
20760000,0.00018395281513171
20800000,0.000183162982472983
20840000,0.000182951003813411
20880000,0.000183606966745749
20920000,0.000182787120534932
20960000,0.000182673918226715
2.1e+07,0.00018359709063856
21040000,0.000182596693080412
21080000,0.000183612186423238
21120000,0.000182577628176664
21160000,0.000182640750131208
21200000,0.000181252733500878
21240000,0.000182213019173155
21280000,0.000182074999752828
21320000,0.000181689441546808
21360000,0.000182880530387442
21400000,0.000182254852312654
21440000,0.000182429274684315
21480000,0.000182781632279878
21520000,0.000180975955515515
21560000,0.000181779150511688
21600000,0.000182583394920822
21640000,0.000180413098340014
21680000,0.000181099898441274
21720000,0.000180829844174875
21760000,0.000182177412801697
21800000,0.000181217677474972
21840000,0.000180327576222067
21880000,0.000181127460278892
21920000,0.000179648715834514
21960000,0.000180607312394932
2.2e+07,0.000180454718690307
22040000,0.000181113248639041
22080000,0.000180751731897809
22120000,0.000181731438736191
22160000,0.000182620173879908
22200000,0.00018132158573523
22240000,0.000179761179621878
22280000,0.000179759219246129
22320000,0.000180364830149837
22360000,0.000180207765678098
22400000,0.000179974755394348
22440000,0.000180378583193172
22480000,0.000180289451981906
22520000,0.00018111961679857
22560000,0.000179819937169407
22600000,0.00018132433073377
22640000,0.000180049385233465
22680000,0.000181065299827506
22720000,0.000179308964532349
22760000,0.000178660543588369
22800000,0.000179803114318097
22840000,0.000178840279366502
22880000,0.000180106145412112
22920000,0.000179235414806022
22960000,0.000179104924729818
2.3e+07,0.000180042070861369
23040000,0.000178795400327079
23080000,0.000179360138472724
23120000,0.000179873599392734
23160000,0.00017895022099012
23200000,0.000180421400013485
23240000,0.000179310410130958
23280000,0.000179706356431003
23320000,0.000179634069875225
23360000,0.000179459599053935
23400000,0.000178804806057577
23440000,0.000180060839151961
23480000,0.000179512731157688
23520000,0.000178893616910453
23560000,0.000179364288128149
23600000,0.000178768663337419
23640000,0.000177576879782273
23680000,0.000180178912629174
23720000,0.000178704270959622
23760000,0.000179405714711664
23800000,0.000179102578010314
23840000,0.000178829099999001
23880000,0.000176952898015471
23920000,0.000178359645586079
23960000,0.000179399224410363
2.4e+07,0.000178134023397135
24040000,0.000179547649121789
24080000,0.000178694613507797
24120000,0.000179810785651674
24160000,0.000178375139001264
24200000,0.000179162803304704
24240000,0.000179710455512618
24280000,0.000179777704056655
24320000,0.000179309396983718
24360000,0.000179010753457755
24400000,0.000179592597995304
24440000,0.000180959235761124
24480000,0.000179995976076635
24520000,0.000179287281029337
24560000,0.000179272825121764
24600000,0.000179690670422478
24640000,0.000178405115883583
24680000,0.000179877351188077
24720000,0.000179615009410379
24760000,0.000178984665219988
24800000,0.000178445872788327
24840000,0.000179515071968392
24880000,0.000178611803106205
24920000,0.000178981156000183
24960000,0.00017787058561601
2.5e+07,0.000177879074082933
25040000,0.000177977684319709
25080000,0.000178569151683343
25120000,0.000178293449559948
25160000,0.000178642251664005
25200000,0.000179083640337105
25240000,0.000177813370946982
25280000,0.000177929307240044
25320000,0.000177745558437974
25360000,0.000177661916378851
25400000,0.000179077614376174
25440000,0.000178065355405064
25480000,0.000178540360863884
25520000,0.000178931589493016
25560000,0.000178923608207324
25600000,0.000178385988880511
25640000,0.000179507569275704
25680000,0.000179596678212105
25720000,0.000178831711865543
25760000,0.000179650639012531
25800000,0.000179946257336837
25840000,0.000178612322043803
25880000,0.000178754581926989
25920000,0.000178523272550673
25960000,0.000178602162395914
2.6e+07,0.000178469634058075
26040000,0.000178641525664335
26080000,0.000179024697519632
26120000,0.00017791055045336
26160000,0.000178149957587629
26200000,0.000178687767756428
26240000,0.000178684148022833
26280000,0.000177721737864621
26320000,0.000177152309328347
26360000,0.000178479089235514
26400000,0.000177679363438494
26440000,0.000177302019064778
26480000,0.000177272434026605
26520000,0.000177661639743731
26560000,0.000177866324444723
26600000,0.000178349979837068
26640000,0.000177639752978425
26680000,0.000179377295257327
26720000,0.000179069006489076
26760000,0.000178756859993947
26800000,0.000177523608742207
26840000,0.000177264925106992
26880000,0.00017781354755466
26920000,0.000178067591736437
26960000,0.000177662902629495
2.7e+07,0.000177039097091439
27040000,0.000176841519680858
27080000,0.000177069155401359
27120000,0.000176316252096404
27160000,0.000177707281326897
27200000,0.000177895266561394
27240000,0.000176996223918292
27280000,0.000176432852509344
27320000,0.00017815182039922
27360000,0.000175800553392327
27400000,0.000177657350225158
27440000,0.000176595453174044
27480000,0.000176447315306994
27520000,0.000177409146753613
27560000,0.000176707387009226
27600000,0.000177087225430014
27640000,0.000177225822402119
27680000,0.000177221595918226
27720000,0.000175718836761632
27760000,0.000176271941820664
27800000,0.000176034453307453
27840000,0.000175444444739402
27880000,0.00017637969371881
27920000,0.000176260810468128
27960000,0.00017665898854481
2.8e+07,0.000176622119793851
28040000,0.0001763273413416
28080000,0.000175232150502312
28120000,0.000175521733511442
28160000,0.000176415532919308
28200000,0.000176645614646126
28240000,0.000175586229216976
28280000,0.000176078457692148
28320000,0.000176125777855471
28360000,0.000174976447202044
28400000,0.000175191878301524
28440000,0.000175439500953308
28480000,0.000176892900501871
28520000,0.000176145796983576
28560000,0.000176481192741127
28600000,0.000175590350609139
28640000,0.000176370157774378
28680000,0.000176191079521253
28720000,0.000175555792174025
28760000,0.000174971724788565
28800000,0.000175601569140949
28840000,0.000176913938513538
28880000,0.000175391048072043
28920000,0.000177206864806841
28960000,0.000174411934260998
2.9e+07,0.000174910754407829
29040000,0.000175033786474286
29080000,0.00017624442332152
29120000,0.00017512198867197
29160000,0.000174922094235977
29200000,0.000174309700138692
29240000,0.000174272559118315
29280000,0.000174005201943826
29320000,0.000175308109364549
29360000,0.000175355255019713
29400000,0.000175106597973877
29440000,0.000174472912783206
29480000,0.000174289208072147
29520000,0.000174675766381725
29560000,0.000173872523739141
29600000,0.00017289072577405
29640000,0.000173854379103192
29680000,0.000173891645870133
29720000,0.000173006122201082
29760000,0.000173644288144464
29800000,0.000174328073498865
29840000,0.000172971407825733
29880000,0.000174633811819187
29920000,0.000173667923287508
29960000,0.000172858306018772
3e+07,0.000171679203832208
30040000,0.000172778162867675
30080000,0.000172829279895851
30120000,0.000173503537365119
30160000,0.000172744070928614
30200000,0.000172968845226966
30240000,0.000172572086263065
30280000,0.000173228458496878
30320000,0.000172719083733831
30360000,0.000173349640818294
30400000,0.000171987011660931
30440000,0.00017381059872011
30480000,0.00017315439215613
30520000,0.000172361782762404
30560000,0.000173044834343063
30600000,0.000173104579746213
30640000,0.000172710473446816
30680000,0.00017167374026941
30720000,0.000173102565742058
30760000,0.000170459753792022
30800000,0.000171249852656396
30840000,0.000171357961615138
30880000,0.000171504865107826
30920000,0.000171563254780471
30960000,0.00017006785525613
3.1e+07,0.000170958359265728
31040000,0.000172062666740013
31080000,0.00017071739624315
31120000,0.000170475876575147
31160000,0.000171403179174601
31200000,0.000171076686838961
31240000,0.000170352550338309
31280000,0.000170927975137383
31320000,0.000170609418885373
31360000,0.000170517645815563
31400000,0.000171701295647304
31440000,0.000171220447291396
31480000,0.000169669270969056
31520000,0.000170780468843783
31560000,0.000170131620157126
31600000,0.000169043483096261
31640000,0.000170147259498453
31680000,0.00017036744426909
31720000,0.000170318381898207
31760000,0.000169369927652392
31800000,0.000170344370327421
31840000,0.000169629039235125
31880000,0.000170304043073578
31920000,0.000170402560661356
31960000,0.000170188521793664
3.2e+07,0.000168812361225745
32040000,0.000169065233103436
32080000,0.000169266563539304
32120000,0.000169640104893117
32160000,0.000169689916998645
32200000,0.000169862325788994
32240000,0.000169384516211354
32280000,0.000170780042918763
32320000,0.000169107083183004
32360000,0.000170031787099026
32400000,0.000169703317102067
32440000,0.000168122162679068
32480000,0.000170031559119201
32520000,0.000170093787483694
32560000,0.000169698630557512
32600000,0.000169974099500259
32640000,0.000168463596083972
32680000,0.000169766884016296
32720000,0.000168497410698167
32760000,0.000169086723319776
32800000,0.000169346285233849
32840000,0.00016950616886897
32880000,0.000168793650879465
32920000,0.000170375179067672
32960000,0.000168889975717751
3.3e+07,0.000169813335965614
33040000,0.000169283284436726
33080000,0.000169559431212986
33120000,0.00016858439247003
33160000,0.000168551365281002
33200000,0.000169412089506822
33240000,0.000168763012507841
33280000,0.000168928960740379
33320000,0.000168098640787532
33360000,0.000168173635354145
33400000,0.000167818059548571
33440000,0.000168239650228478
33480000,0.000168252930830263
33520000,0.000167902504443012
33560000,0.000167639162307639
33600000,0.000169149250793546
33640000,0.000167764505645376
33680000,0.000168541679208339
33720000,0.000167977214800512
33760000,0.000167385227420791
33800000,0.00016747383631964
33840000,0.000167619324620915
33880000,0.000167711550441122
33920000,0.000167046690778177
33960000,0.000167060437821269
3.4e+07,0.00016632849799177
34040000,0.000166382391510604
34080000,0.00016731728592894
34120000,0.000166485710519137
34160000,0.000167928215795314
34200000,0.000167439668430287
34240000,0.000167188245575664
34280000,0.000167226444887432
34320000,0.000166649750281038
34360000,0.000167696372576212
34400000,0.000166314330692039
34440000,0.000167836685333133
34480000,0.000167229569093461
34520000,0.000167573058624588
34560000,0.000165397432558593
34600000,0.000167019040123942
34640000,0.000167222584526095
34680000,0.000166455002619549
34720000,0.000166257925865794
34760000,0.000166516152872565
34800000,0.00016634566695217
34840000,0.000166736788208912
34880000,0.000166219657668788
34920000,0.000166227226885148
34960000,0.000165871511200927
3.5e+07,0.000167029191732552
35040000,0.000166574502865942
35080000,0.000165001603461015
35120000,0.000166455346002847
35160000,0.000166375457706984
35200000,0.000166323585070492
35240000,0.000166132152806363
35280000,0.00016563066587166
35320000,0.000165578840686002
35360000,0.000166250287203983
35400000,0.000166741386804125
35440000,0.000165972691945601
35480000,0.000167021873062923
35520000,0.000165807238418712
35560000,0.000166043283927446
35600000,0.000165921930112679
35640000,0.0001661083683297
35680000,0.00016556338675613
35720000,0.000165916127684211
35760000,0.00016668283456362
35800000,0.000165125818726393
35840000,0.000165457799360958
35880000,0.000165564187259494
35920000,0.000165823608231385
35960000,0.000165753805393785
3.6e+07,0.000165008946642863
36040000,0.00016466527159707
36080000,0.000165858137431816
36120000,0.000165587705907059
36160000,0.000164965548677128
36200000,0.000164575548671072
36240000,0.000164888504461008
36280000,0.000164385097334593
36320000,0.000164646114755291
36360000,0.000164613043191329
36400000,0.000165909830716316
36440000,0.000164369366157549
36480000,0.000164367207785274
36520000,0.000165182964390806
36560000,0.000165860110890888
36600000,0.000164670831259969
36640000,0.000164479659367923
36680000,0.000163900567118652
36720000,0.000163741940744237
36760000,0.000164703675113169
36800000,0.000164123250065165
36840000,0.000164458973045352
36880000,0.000164633832761175
36920000,0.000163823716796648
36960000,0.000164792937575156
3.7e+07,0.000164129788652603
37040000,0.00016433021054135
37080000,0.000164446878775788
37120000,0.000163268276871273
37160000,0.000163352671337541
37200000,0.000164267025898201
37240000,0.000163255148864979
37280000,0.000162513972829289
37320000,0.000164064105987065
37360000,0.000163954824434461
37400000,0.000163258900869309
37440000,0.00016449553018603
37480000,0.00016368983542036
37520000,0.000164028616154476
37560000,0.000163110372288156
37600000,0.000163502447081854
37640000,0.000162659534106204
37680000,0.000164140854805297
37720000,0.000163564697528465
37760000,0.000163104447283166
37800000,0.000163624171260844
37840000,0.000163674713362745
37880000,0.00016341932033889
37920000,0.000162974265025655
37960000,0.000163343552612932
3.8e+07,0.000162564772237045
38040000,0.000164106548339444
38080000,0.000162755447299017
38120000,0.000164188029954503
38160000,0.000164386066748728
38200000,0.000162779813740804
38240000,0.000163875416319832
38280000,0.000164338553134768
38320000,0.000164141935142275
38360000,0.000163913522437523
38400000,0.000163626874169506
38440000,0.000163260258920945
38480000,0.000162706062662844
38520000,0.000163500350660642
38560000,0.000163168160507846
38600000,0.000163093633262878
38640000,0.000164383464771633
38680000,0.000161628623988487
38720000,0.000162992340528054
38760000,0.000163474137217033
38800000,0.000162657644691834
38840000,0.000163379015148027
38880000,0.000162891178151901
38920000,0.00016387786986954
38960000,0.00016201548644497
3.9e+07,0.000163102340372085
39040000,0.000162846630076265
39080000,0.000162031411783835
39120000,0.000162131404563879
39160000,0.000162419117695706
39200000,0.000163787968438413
39240000,0.000162685438353026
39280000,0.000163373627203483
39320000,0.000162416283587906
39360000,0.000162322186935961
39400000,0.000161828311955971
39440000,0.000161551486301437
39480000,0.000162359823848993
39520000,0.00016224738248558
39560000,0.000162823466930418
39600000,0.000162069775850701
39640000,0.000160890411458908
39680000,0.000161470592975218
39720000,0.000161881020814064
39760000,0.000162088734053188
39800000,0.000161782988785532
39840000,0.000162712977088011
39880000,0.000161251845135259
39920000,0.000161696687737292
39960000,0.000162896611365935
4e+07,0.000162493734324284
40040000,0.000161998591760996
40080000,0.000162560949303149
40120000,0.000161581337357096
40160000,0.000162628317944748
40200000,0.000161266300942832
40240000,0.000162344198293639
40280000,0.000162121537578002
40320000,0.000162305569722951
40360000,0.00016173746636709
40400000,0.000162316482380246
40440000,0.00016257908000586
40480000,0.000162824525974278
40520000,0.000162107321271256
40560000,0.000161499989907298
40600000,0.000161366728665235
40640000,0.00016251879028627
40680000,0.00016177498479948
40720000,0.000162034341065067
40760000,0.000162125103079028
40800000,0.000160742461824012
40840000,0.000161351717831758
40880000,0.000160598268402103
40920000,0.000161027933172395
40960000,0.00016091634621247
4.1e+07,0.00016150913395168
41040000,0.000161455157821614
41080000,0.000160050810196854
41120000,0.000161193911786651
41160000,0.000160909619487277
41200000,0.000161517075265392
41240000,0.00016089353053211
41280000,0.000159934821927905
41320000,0.00016175420588862
41360000,0.000161563640881066
41400000,0.000160764041028336
41440000,0.000161548292075208
41480000,0.00016164339820955
41520000,0.000161664513013225
41560000,0.000161310624338917
41600000,0.000161039745429332
41640000,0.00016162313830545
41680000,0.000161839019283221
41720000,0.000160932408985979
41760000,0.000160995978317187
41800000,0.000160194785019656
41840000,0.000161058791333402
41880000,0.000162532551440879
41920000,0.000159669475343121
41960000,0.000160003555616473
4.2e+07,0.000160856331605974
42040000,0.000161497077888683
42080000,0.000160697129808083
42120000,0.000161509904008422
42160000,0.000160726995912897
42200000,0.000161601686703397
42240000,0.000160615221617945
42280000,0.000161447978948587
42320000,0.000161742909863933
42360000,0.000161059958598204
42400000,0.000161598842586815
42440000,0.000161313162544367
42480000,0.00016261212517741
42520000,0.000161845477975889
42560000,0.00016165164960289
42600000,0.000161757129059232
42640000,0.000161471111558142
42680000,0.000161365474959226
42720000,0.000162560614397488
42760000,0.000161090878412196
42800000,0.000161373274897539
42840000,0.000160692392535974
42880000,0.00016140325516101
42920000,0.000160765763813011
42960000,0.000161104494942344
4.3e+07,0.000162463591652185
43040000,0.000161247792266763
43080000,0.0001603201521108
43120000,0.000161584363437683
43160000,0.000159943409025072
43200000,0.000161254077392222
43240000,0.000161051661009208
43280000,0.00016021133879968
43320000,0.000159849385585173
43360000,0.000160216854593604
43400000,0.000160260700040492
43440000,0.000159298046066485
43480000,0.000159735639768351
43520000,0.000159675752265878
43560000,0.000159676714499696
43600000,0.000158402516957313
43640000,0.000158755977014008
43680000,0.000160710294983725
43720000,0.000160002258732598
43760000,0.000160687749972793
43800000,0.000159355431456091
43840000,0.000160064409296907
43880000,0.00015943776050218
43920000,0.000159707681883289
43960000,0.000159581191244203
4.4e+07,0.000160240245867141
44040000,0.000159267992608253
44080000,0.00015991927082198
44120000,0.000159884132959073
44160000,0.000159354886404795
44200000,0.000158596981078051
44240000,0.000159175473218876
44280000,0.000160082604433022
44320000,0.0001586654344534
44360000,0.000158203795778313
44400000,0.000157517238244488
44440000,0.000158063696682178
44480000,0.000158818751170924
44520000,0.000158333222763289
44560000,0.000159525090557331
44600000,0.000159560983746195
44640000,0.000159639679857344
44680000,0.000158241196553156
44720000,0.00015893861433932
44760000,0.000158991696288921
44800000,0.00015765107999859
44840000,0.000158615437779692
44880000,0.000158565497017805
44920000,0.000157917249424332
44960000,0.000158899502188002
4.5e+07,0.000158522625173027
45040000,0.000157530787970715
45080000,0.000158231252788321
45120000,0.000159513888579576
45160000,0.000158142050960626
45200000,0.000159258828089645
45240000,0.000157932230278298
45280000,0.000158244627804033
45320000,0.000159022500128774
45360000,0.000157624866321793
45400000,0.000157041496237577
45440000,0.000158583423967513
45480000,0.000157727802549115
45520000,0.000158134176430748
45560000,0.000158252627470268
45600000,0.000157673217812438
45640000,0.000157007338770203
45680000,0.000157601557849483
45720000,0.000158953286875082
45760000,0.000158634513466634
45800000,0.000157944966365261
45840000,0.000157543075247776
45880000,0.000157515354431073
45920000,0.000157903966158126
45960000,0.000158502435453927
4.6e+07,0.000157923898444128
46040000,0.000158968550862084
46080000,0.000158476496251153
46120000,0.0001577019416956
46160000,0.000158652829693968
46200000,0.000157197713202447
46240000,0.000158018600007163
46280000,0.000158066554842165
46320000,0.000156916027494662
46360000,0.000157920218733795
46400000,0.000158116737499666
46440000,0.000157605170461506
46480000,0.00015780526573702
46520000,0.000156959742423726
46560000,0.000156984401723636
46600000,0.000157733695912074
46640000,0.00015706340901836
46680000,0.000157226166342636
46720000,0.000157797623923077
46760000,0.000157985780928267
46800000,0.000156236901972001
46840000,0.000156702791520535
46880000,0.000157647650662378
46920000,0.000158420975324
46960000,0.000155804890849206
4.7e+07,0.00015792417615776
47040000,0.000157271146526525
47080000,0.000157951156268372
47120000,0.000156592146698782
47160000,0.000158535780115862
47200000,0.000155655552138683
47240000,0.000157685359083923
47280000,0.000157221924383859
47320000,0.000157494532934274
47360000,0.000157475443811189
47400000,0.000157609769646695
47440000,0.000157917817386219
47480000,0.00015778375630469
47520000,0.000158052079545315
47560000,0.000157432836318991
47600000,0.000157500475742131
47640000,0.000158244472080352
47680000,0.000156889422669386
47720000,0.000156639712532044
47760000,0.000156752894643686
47800000,0.000157666824493727
47840000,0.000156618714790516
47880000,0.000157838443105057
47920000,0.000156988565491734
47960000,0.000156840550881388
4.8e+07,0.000157559627485585
48040000,0.000156607535429312
48080000,0.000157208231832083
48120000,0.000157268687331936
48160000,0.00015719437090144
48200000,0.0001568198275235
48240000,0.000157156128833717
48280000,0.000156612174973598
48320000,0.000156992564604119
48360000,0.000155709819706507
48400000,0.000156706549252757
48440000,0.000156582162145176
48480000,0.000157661078251274
48520000,0.000156586786280509
48560000,0.000157117859135563
48600000,0.000155913577159315
48640000,0.000155642887143453
48680000,0.000155828969381738
48720000,0.00015738642572546
48760000,0.000155883826449364
48800000,0.000155476713047954
48840000,0.000156549277116543
48880000,0.000156600362440514
48920000,0.000155514970067821
48960000,0.000156373826773515
4.9e+07,0.000156133126767264
49040000,0.000155165488452295
49080000,0.000155741256491702
49120000,0.000155924944692334
49160000,0.000155539492198874
49200000,0.000156298682323658
49240000,0.000155760627702237
49280000,0.000155964965206467
49320000,0.000155138091049655
49360000,0.000155753059535158
49400000,0.000155028284486077
49440000,0.000155226157001853
49480000,0.000155910883388009
49520000,0.000155199643930556
49560000,0.000155648892827874
49600000,0.000154860950879596
49640000,0.000154853376143686
49680000,0.00015550332588194
49720000,0.000156549635813013
49760000,0.000154549738370265
49800000,0.00015459901148455
49840000,0.000156033593305629
49880000,0.000154941794330213
49920000,0.000154985224400042
49960000,0.000156014668871703
5e+07,0.00015406835370406
50040000,0.000155844078415628
50080000,0.00015474167478863
50120000,0.000156416314195303
50160000,0.000154985245291372
50200000,0.000153789813223478
50240000,0.000153393753016226
50280000,0.000153652551002043
50320000,0.000154116353427855
50360000,0.000154038078826778
50400000,0.000154759521178756
50440000,0.000153508740191268
50480000,0.000155094721154599
50520000,0.000153738162747133
50560000,0.000153889829597743
50600000,0.000154214435277243
50640000,0.000153721980436072
50680000,0.000154492406410669
50720000,0.000154411494770105
50760000,0.000154264883640374
50800000,0.000153928019127776
50840000,0.000154304086353476
50880000,0.000155051556649931
50920000,0.000154607578192058
50960000,0.000153965873749546
5.1e+07,0.000155095979481676
51040000,0.000153383427070941
51080000,0.000153741429448041
51120000,0.000153833542878837
51160000,0.000153653511390318
51200000,0.000154217111294583
51240000,0.000153470829109131
51280000,0.000152879285422203
51320000,0.000152677959356821
51360000,0.000152848784853961
51400000,0.000151975152891063
51440000,0.000152043813023177
51480000,0.000151151936030626
51520000,0.000152267307126489
51560000,0.000153078630979125
51600000,0.000152020951765766
51640000,0.000152444569703762
51680000,0.000152478839812189
51720000,0.000153379327514775
51760000,0.000153493375335763
51800000,0.000151930800502095
51840000,0.000151956434016794
51880000,0.000153103510115964
51920000,0.000152319705791859
51960000,0.000153320742185918
5.2e+07,0.000152192478704403
52040000,0.000152387435350011
52080000,0.000152281551350548
52120000,0.000152673106195263
52160000,0.000152757555376971
52200000,0.000152146067611294
52240000,0.000153863683153263
52280000,0.000152378130604455
52320000,0.000152697680415788
52360000,0.000152020545443862
52400000,0.000151859224675561
52440000,0.000151829266619623
52480000,0.00015146257979726
52520000,0.000151784735934611
52560000,0.000152181201678582
52600000,0.000152639386245479
52640000,0.000151628439118198
52680000,0.00015128076192505
52720000,0.000152825794729044
52760000,0.00015251363516893
52800000,0.000152045840027606
52840000,0.000152137430278243
52880000,0.000153800050697756
52920000,0.000152980286589808
52960000,0.0001528495540266
5.3e+07,0.000152247866935403
53040000,0.000152560379058838
53080000,0.000151458064740973
53120000,0.00015345351389051
53160000,0.000152391833696845
53200000,0.000151986005439089
53240000,0.000152235807216569
53280000,0.000151705860662048
53320000,0.000152048243122475
53360000,0.000153145018303822
53400000,0.000152252816944854
53440000,0.000152672051858791
53480000,0.000150885569317259
53520000,0.000152487349693383
53560000,0.000151645451740079
53600000,0.000152924822391165
53640000,0.000151920624827559
53680000,0.000152857125172398
53720000,0.000151516891149245
53760000,0.000152400771800953
53800000,0.000150595034092475
53840000,0.000153466629769156
53880000,0.000152450396106522
53920000,0.000153132278384836
53960000,0.000152643271845419
5.4e+07,0.000153499913273826
54040000,0.000152603103478114
54080000,0.000152154723451542
54120000,0.000152163006182335
54160000,0.000151298328391959
54200000,0.000152270583083116
54240000,0.000151147877173815
54280000,0.000153113276138478
54320000,0.000152006543848572
54360000,0.000151593758955967
54400000,0.000152770487412313
54440000,0.000152130590299273
54480000,0.000152105702700533
54520000,0.000153090064316296
54560000,0.00015157267074647
54600000,0.000152615634089846
54640000,0.000152704543986135
54680000,0.000152059633516603
54720000,0.000153575341021881
54760000,0.000151956123104724
54800000,0.000152000471796828
54840000,0.000151976509842554
54880000,0.000152542507821834
54920000,0.000151123259294081
54960000,0.000151041866176145
5.5e+07,0.000152557311457463
55040000,0.000152102397174205
55080000,0.00015182136869553
55120000,0.000151238182511896
55160000,0.000151722584371895
55200000,0.000151098391473872
55240000,0.000151668789726275
55280000,0.000152326171514378
55320000,0.000151217704065293
55360000,0.000151522673654751
55400000,0.000151189008138874
55440000,0.000151761235698603
55480000,0.000150991105908212
55520000,0.000151010609233841
55560000,0.000151676596822003
55600000,0.000151499578751852
55640000,0.000152283495594646
55680000,0.000152020760615882
55720000,0.000153093859418868
55760000,0.000152134703692337
55800000,0.000150952679826871
55840000,0.000152090198109509
55880000,0.000151004377032158
55920000,0.000151622380029119
55960000,0.000151859656946437
5.6e+07,0.000151226324791248
56040000,0.000150987864454858
56080000,0.000150859989660211
56120000,0.00015113611159141
56160000,0.000150806615800673
56200000,0.000150985683048751
56240000,0.000152879708543731
56280000,0.000152053227008097
56320000,0.000151014452337506
56360000,0.000152459075614529
56400000,0.000152725943413134
56440000,0.000151283445179055
56480000,0.000151512354458657
56520000,0.000151141885127029
56560000,0.000152323974642854
56600000,0.000152065722353873
56640000,0.000152296101498514
56680000,0.00015100736641551
56720000,0.000151809142938145
56760000,0.000152494712263465
56800000,0.000151871104249441
56840000,0.000152704188707372
56880000,0.000150953635547702
56920000,0.000151914789221663
56960000,0.00015306984098261
5.7e+07,0.000152140300562167
57040000,0.000151223303711299
57080000,0.000151165498044764
57120000,0.000151969409841167
57160000,0.000152041295335547
57200000,0.000151146889297575
57240000,0.000151156067197916
57280000,0.000151188337402616
57320000,0.000152196633719296
57360000,0.00015109881280937
57400000,0.000150411111174532
57440000,0.000151624414901331
57480000,0.000152906636567518
57520000,0.000151277514275857
57560000,0.000150928850115233
57600000,0.00015226242677689
57640000,0.000152639699701861
57680000,0.000150765831666678
57720000,0.000151822087342823
57760000,0.000151808793065761
57800000,0.000151668123819396
57840000,0.000152436354456643
57880000,0.000151030713430724
57920000,0.000150898183892273
57960000,0.000151974330616618
5.8e+07,0.000151250088080588
58040000,0.000150899441575029
58080000,0.000150752746718636
58120000,0.000150531871036162
58160000,0.000150744770832188
58200000,0.000150908579762331
58240000,0.000151235997972011
58280000,0.00015139440913898
58320000,0.000149705239833386
58360000,0.000150208029141465
58400000,0.000151544420153398
58440000,0.000150752050378049
58480000,0.00015068147770776
58520000,0.000151890080192863
58560000,0.000150809184841715
58600000,0.000151193160558783
58640000,0.000150485118239655
58680000,0.000150254422386963
58720000,0.000150139669317057
58760000,0.000151502003533482
58800000,0.000151388225453316
58840000,0.000150056273402077
58880000,0.00014982366378795
58920000,0.000150049442765426
58960000,0.000151840951237067
5.9e+07,0.000150885783690285
59040000,0.000152202582528309
59080000,0.000150021727847856
59120000,0.000150766758230154
59160000,0.000150409049097251
59200000,0.000149684147863375
59240000,0.000149908237785892
59280000,0.000149782101737729
59320000,0.000151289484805423
59360000,0.000149265356926137
59400000,0.000150197107224131
59440000,0.000149528574074297
59480000,0.000149546092481507
59520000,0.000149608994535375
59560000,0.000150419822468056
59600000,0.000149957780618375
59640000,0.000149768740957531
59680000,0.000149906190966533
59720000,0.000150938883208948
59760000,0.000149687962907079
59800000,0.000148883848987512
59840000,0.000149795635990133
59880000,0.000149298407942981
59920000,0.000151100000108935
59960000,0.000151698203168179
6e+07,0.0001487458795172
60040000,0.00015041125555968
60080000,0.00015088368469413
60120000,0.000150370492907081
60160000,0.00015063962594454
60200000,0.000150171295885933
60240000,0.000151144461231451
60280000,0.000152326190615516
60320000,0.000149641468532939
60360000,0.000150195851055347
60400000,0.000150232910122147
60440000,0.000149839941433963
60480000,0.000150260562176936
60520000,0.00014897719569631
60560000,0.000149711653040523
60600000,0.000149755585048125
60640000,0.000149143711195618
60680000,0.00014821288526039
60720000,0.000150097817741078
60760000,0.000148707830930255
60800000,0.000150619340926743
60840000,0.000149388271474518
60880000,0.000148479312056815
60920000,0.000149482002936582
60960000,0.000149834473313822
6.1e+07,0.000150415816517472
61040000,0.000150409093019549
61080000,0.000148994036998746
61120000,0.000150031797721405
61160000,0.000150244607026896
61200000,0.000149894850721207
61240000,0.000149407849804356
61280000,0.00014918952932714
61320000,0.000149415286205836
61360000,0.000148901938239912
61400000,0.0001490214557554
61440000,0.000148624045115815
61480000,0.000149370566429541
61520000,0.000149445105302314
61560000,0.000150105827162333
61600000,0.000148428127580718
61640000,0.000150201877591675
61680000,0.000148427619069111
61720000,0.000148984535626358
61760000,0.000148985344913691
61800000,0.000149625528883351
61840000,0.000148747336341189
61880000,0.000147856379341152
61920000,0.000148584203304064
61960000,0.000148981326845363
6.2e+07,0.000149482205190245
62040000,0.000148070588029304
62080000,0.000149993955164318
62120000,0.000150458808927323
62160000,0.000149075435115168
62200000,0.000150595033738051
62240000,0.000149218808563854
62280000,0.000148328688694891
62320000,0.000149104545193388
62360000,0.00014758395938662
62400000,0.000149181152288249
62440000,0.000149839139468397
62480000,0.00015251008121179
62520000,0.000150043987892951
62560000,0.000149758168280661
62600000,0.000148208185599471
62640000,0.000149533690627578
62680000,0.000149404314718844
62720000,0.000148185020754851
62760000,0.000149569024847318
62800000,0.000148331228948721
62840000,0.000148223700584347
62880000,0.000147615211265965
62920000,0.000147903860141843
62960000,0.000147394195794958
6.3e+07,0.000148188558897755
63040000,0.000147243789473285
63080000,0.000147896311114438
63120000,0.000148444258715145
63160000,0.000147844704818727
63200000,0.000147285157337941
63240000,0.000146835238494668
63280000,0.000147662196661114
63320000,0.000147727098089151
63360000,0.000147887650672748
63400000,0.000147299496411729
63440000,0.000148401449005039
63480000,0.000147629053623348
63520000,0.000147730363134771
63560000,0.000147339334401681
63600000,0.000147836145815146
63640000,0.000148663968730748
63680000,0.000147521143004456
63720000,0.000146012419319688
63760000,0.000147203707979756
63800000,0.000147324086786444
63840000,0.000146723134934396
63880000,0.000147121955621667
63920000,0.000148655266001391
63960000,0.000148683836477991
6.4e+07,0.000147649901144271
64040000,0.000147427238824774
64080000,0.000147373282287223
64120000,0.000147910237620437
64160000,0.000148054063522922
64200000,0.000147980467111872
64240000,0.00014711802447572
64280000,0.000147294165708354
64320000,0.000146832466253389
64360000,0.000147065949523458
64400000,0.000146528320677084
64440000,0.000147316583581602
64480000,0.000146746404378178
64520000,0.000146324256971158
64560000,0.000146827401042931
64600000,0.000147110960576105
64640000,0.000147425385678728
64680000,0.000146234446328284
64720000,0.000146858243512573
64760000,0.000146069323013063
64800000,0.000145786139371119
64840000,0.000145380304533953
64880000,0.000145883207763027
64920000,0.000147516291581981
64960000,0.000145482025407576
6.5e+07,0.000146970864493227
65040000,0.000146354003051784
65080000,0.000146903761216601
65120000,0.000147444016537018
65160000,0.000146257517700567
65200000,0.000146810825822469
65240000,0.000146486834359014
65280000,0.000146164024093569
65320000,0.000145992705628566
65360000,0.000146230968782128
65400000,0.000145820026483498
65440000,0.000146216004345073
65480000,0.000146145184773011
65520000,0.000146084720081979
65560000,0.000146345129075057
65600000,0.000144738487757451
65640000,0.000145836514287773
65680000,0.000145143051886583
65720000,0.000145676904934883
65760000,0.000145036025284721
65800000,0.000145768182229328
65840000,0.000145967902782275
65880000,0.000144609908573777
65920000,0.000146028542388749
65960000,0.000144596526553954
6.6e+07,0.000144664560567109
66040000,0.000144936736033176
66080000,0.000144836646758249
66120000,0.000144557987003969
66160000,0.000144871291406036
66200000,0.000146320474982986
66240000,0.000144579624215518
66280000,0.000145410918517634
66320000,0.000144415143899073
66360000,0.000144296118123633
66400000,0.000144402862656101
66440000,0.000145556964424403
66480000,0.000143840019822918
66520000,0.000145394152720967
66560000,0.000145926033991458
66600000,0.000145137005443922
66640000,0.000145762359528425
66680000,0.000143026993626721
66720000,0.000145379158353504
66760000,0.000145279466221273
66800000,0.000145606404162305
66840000,0.000145051713690355
66880000,0.000145371463029086
66920000,0.000145519679943815
66960000,0.000144929186907057
6.7e+07,0.000145334510570559
67040000,0.000143580461606922
67080000,0.000144682132069734
67120000,0.000145158995025535
67160000,0.000144869751327159
67200000,0.000144739065764038
67240000,0.000146146148098647
67280000,0.000145490155238254
67320000,0.000145135831002827
67360000,0.000144796053694612
67400000,0.000145271881015611
67440000,0.000145586876365114
67480000,0.00014512742539135
67520000,0.000144677635906777
67560000,0.000145099746271473
67600000,0.000146566648591872
67640000,0.00014378695351861
67680000,0.00014533259937314
67720000,0.000145279309668669
67760000,0.000144742574199417
67800000,0.000145103101762781
67840000,0.00014517940506368
67880000,0.000145797588396779
67920000,0.000145086423606131
67960000,0.000144325822411948
6.8e+07,0.000144295195696374
68040000,0.000145747678199614
68080000,0.000143385880024641
68120000,0.000145906191582704
68160000,0.000145231169701592
68200000,0.000146298457002496
68240000,0.000143903651423534
68280000,0.000145695576915025
68320000,0.000143187346247919
68360000,0.00014531802671356
68400000,0.000145472386262404
68440000,0.000145335508670372
68480000,0.000145080002385666
68520000,0.000145774982605507
68560000,0.00014434873165023
68600000,0.0001448986859503
68640000,0.000145367057659111
68680000,0.000144066472004581
68720000,0.000144845500372268
68760000,0.000147442587770297
68800000,0.000144053888172965
68840000,0.000145666973748784
68880000,0.000144779592197571
68920000,0.000145717297495614
68960000,0.000144267165896844
6.9e+07,0.000144699341837035
69040000,0.000146238526474095
69080000,0.000144548578979623
69120000,0.000144661981457152
69160000,0.000146314984743488
69200000,0.000143445898951886
69240000,0.000144401164630021
69280000,0.000143502302795908
69320000,0.000145036620618966
69360000,0.000144613738808574
69400000,0.000145576260608082
69440000,0.00014560815640382
69480000,0.000143212148581465
69520000,0.000144522976742614
69560000,0.000144691039233203
69600000,0.000144561321322841
69640000,0.000144742935929982
69680000,0.000144258348014468
69720000,0.000144426778529646
69760000,0.000144689922218206
69800000,0.000145010770752662
69840000,0.000144566830457265
69880000,0.000144028763256944
69920000,0.00014349604938346
69960000,0.000145736069148031
7e+07,0.000143148153282246
70040000,0.000142362130980918
70080000,0.000143207175978861
70120000,0.000142872095225671
70160000,0.00014355548805393
70200000,0.000143529009666104
70240000,0.000144072329726925
70280000,0.000143603067956972
70320000,0.000142861587542342
70360000,0.00014418645266427
70400000,0.000143597195182276
70440000,0.000143160632386653
70480000,0.000143607094142136
70520000,0.000143075650552564
70560000,0.000142141684364019
70600000,0.00014274475728119
70640000,0.000143849929117812
70680000,0.000143443612433447
70720000,0.000142714204258132
70760000,0.000141253662392981
70800000,0.000142113353207486
70840000,0.000144251870289065
70880000,0.000143617202748929
70920000,0.000143775565542805
70960000,0.000144256395135218
7.1e+07,0.000142794649208049
71040000,0.000143426810166198
71080000,0.000142672934491413
71120000,0.000141689472191844
71160000,0.000142589117859853
71200000,0.000143457473305413
71240000,0.000141364563501474
71280000,0.000142860400773848
71320000,0.000143413950731028
71360000,0.000143618504370399
71400000,0.000142465436729726
71440000,0.00014304449596945
71480000,0.000144199409464077
71520000,0.00014304626260303
71560000,0.000144909365768278
71600000,0.000142639870930154
71640000,0.000141609817838671
71680000,0.000142752261424971
71720000,0.000143585220733552
71760000,0.000143406547621448
71800000,0.000142871562406927
71840000,0.000143186469638999
71880000,0.000144489992974989
71920000,0.000144952099999378
71960000,0.000143407865397825
7.2e+07,0.000142743249387763
72040000,0.000142567073163291
72080000,0.000143524608348269
72120000,0.000143543649523047
72160000,0.000142643737462481
72200000,0.000143627396850007
72240000,0.000143838433657464
72280000,0.000142097405191175
72320000,0.000142647785448132
72360000,0.000142627654280865
72400000,0.000143361518077904
72440000,0.000143694831871418
72480000,0.000144186918573108
72520000,0.000143594076010827
72560000,0.00014340636965094
72600000,0.000142564278601153
72640000,0.000141884730494022
72680000,0.000144175704259345
72720000,0.000142618016280924
72760000,0.00014338368106598
72800000,0.000142751170157197
72840000,0.000141231858089995
72880000,0.000143675492364691
72920000,0.000140975158399719
72960000,0.000142907232590345
7.3e+07,0.000142543982550829
73040000,0.000142626719202616
73080000,0.000142340761158488
73120000,0.000141755118271717
73160000,0.00014190968498121
73200000,0.000142240809953706
73240000,0.000142962934813223
73280000,0.000141674878431357
73320000,0.000142072811508322
73360000,0.000141444999537122
73400000,0.000141276747438071
73440000,0.000142797666994471
73480000,0.000143433745759258
73520000,0.000142695273751247
73560000,0.000142256384209092
73600000,0.000142201754805087
73640000,0.000143947284730024
73680000,0.00014240691290612
73720000,0.000141279342277057
73760000,0.00014312766935788
73800000,0.000143066555857789
73840000,0.000142565838374538
73880000,0.000142864823720504
73920000,0.000142121825508708
73960000,0.000142516208797376
7.4e+07,0.000141996632388223
74040000,0.000142942459266574
74080000,0.000142807840033481
74120000,0.000141846075667174
74160000,0.000141865993421896
74200000,0.000141736283672509
74240000,0.00014344129530629
74280000,0.000141303877125706
74320000,0.00014178808383998
74360000,0.000142689843778944
74400000,0.000144327870526675
74440000,0.00014208576936343
74480000,0.000142248612973489
74520000,0.000142531348127265
74560000,0.000142691986593874
74600000,0.000143835078567742
74640000,0.000142367060784429
74680000,0.000141908504866538
74720000,0.000142256202918279
74760000,0.00014118238538527
74800000,0.000142746095076183
74840000,0.000142650685468187
74880000,0.000142928143283743
74920000,0.000141499710124299
74960000,0.000142151198946843
7.5e+07,0.00014307417743905
75040000,0.000142961673649534
75080000,0.00014289229466704
75120000,0.000142465042522209
75160000,0.000143334467575928
75200000,0.000142856317790437
75240000,0.000141842725508528
75280000,0.000142178077262794
75320000,0.000141416486524711
75360000,0.00014131828975741
75400000,0.000141368357141575
75440000,0.000142280793426442
75480000,0.000141823477227029
75520000,0.00014072579583283
75560000,0.000139675003260456
75600000,0.00014229159444901
75640000,0.000141292230222843
75680000,0.000141016156556577
75720000,0.000141428667004718
75760000,0.00014288812489891
75800000,0.000140829971094911
75840000,0.000141812187265873
75880000,0.000141900331167376
75920000,0.000140714281586383
75960000,0.000142220101469709
7.6e+07,0.000141738427591391
76040000,0.00014041522287352
76080000,0.000141899282229553
76120000,0.000141807410682087
76160000,0.000141791742676735
76200000,0.000142155417266959
76240000,0.000140708780894464
76280000,0.000141107023040288
76320000,0.000141251899694044
76360000,0.000140672735009458
76400000,0.000140984734257526
76440000,0.000140099213867679
76480000,0.000141430487267395
76520000,0.000141041782455895
76560000,0.000141451974091059
76600000,0.000141635469048227
76640000,0.000142424107841243
76680000,0.000141761727553879
76720000,0.000141650231057167
76760000,0.000139561553193936
76800000,0.000141428937715088
76840000,0.000141038960966982
76880000,0.000140760059137913
76920000,0.000142906145875137
76960000,0.000142068128749124
7.7e+07,0.000140327329288166
77040000,0.000140318962286906
77080000,0.000141557444845807
77120000,0.000141853139165871
77160000,0.000141853416177482
77200000,0.000142501889547349
77240000,0.000141756705014162
77280000,0.000140673648619927
77320000,0.000140947836350339
77360000,0.000141977508493819
77400000,0.000141259066587236
77440000,0.000141013414180425
77480000,0.000140129815260619
77520000,0.000141982149919976
77560000,0.000142811736611626
77600000,0.000140576606880015
77640000,0.000141445045835241
77680000,0.000142534487124502
77720000,0.000141288340423973
77760000,0.000140507655682539
77800000,0.000141139784881726
77840000,0.000141394724079486
77880000,0.000139749911527633
77920000,0.000138934092035651
77960000,0.000139883782667283
7.8e+07,0.000140413479933447
78040000,0.000139615235856084
78080000,0.000140664491269481
78120000,0.000139616726447092
78160000,0.000139537951733378
78200000,0.00013912050958761
78240000,0.000141163958707935
78280000,0.000141147439698469
78320000,0.000139965609963261
78360000,0.00013969928555043
78400000,0.000139036007073331
78440000,0.000141485664888113
78480000,0.000139197421575701
78520000,0.00013991662629362
78560000,0.000140880707708086
78600000,0.000141426916723658
78640000,0.000139824695697018
78680000,0.000140662067491551
78720000,0.00014042642859651
78760000,0.000141180189064553
78800000,0.000140529477092005
78840000,0.000141285151420611
78880000,0.00013951533049872
78920000,0.000138596586628973
78960000,0.000139456156899636
7.9e+07,0.000140483928525971
79040000,0.000140033118957376
79080000,0.000138789727889287
79120000,0.00013868573375529
79160000,0.000139803603835368
79200000,0.000138385003243855
79240000,0.000139169600011986
79280000,0.000138591608928109
79320000,0.000138691132417688
79360000,0.000138540545341098
79400000,0.000139178071282195
79440000,0.000139200170047249
79480000,0.000141102264875945
79520000,0.000137130011834077
79560000,0.000139007077990773
79600000,0.000138465352886161
79640000,0.000140326047488466
79680000,0.000139978367528517
79720000,0.000139233740713376
79760000,0.000140107301334783
79800000,0.000138798679344934
79840000,0.000138542799100671
79880000,0.000138793892411972
79920000,0.0001383943556352
79960000,0.000138342906055052
8e+07,0.000138688332531848
80040000,0.00013777028170094
80080000,0.00013814215545609
80120000,0.000139472880132035
80160000,0.000139116924759956
80200000,0.000138239332522381
80240000,0.000137986162722507
80280000,0.000138810298582811
80320000,0.000137670692260754
80360000,0.000137893337690072
80400000,0.000137286798598686
80440000,0.000138427254848655
80480000,0.000138248362725291
80520000,0.000137767899351032
80560000,0.00013732550787229
80600000,0.000137018522202458
80640000,0.000137408148792953
80680000,0.000137174509618106
80720000,0.000136767569123297
80760000,0.000137878419763035
80800000,0.000137936919418485
80840000,0.000138625120316456
80880000,0.00013830878498653
80920000,0.000138582670762627
80960000,0.000138044635002419
8.1e+07,0.000137940467553935
81040000,0.000137296987026541
81080000,0.000137921672855201
81120000,0.000137129863572143
81160000,0.000137529179037291
81200000,0.000137799822459245
81240000,0.000138742678497372
81280000,0.000139106291339632
81320000,0.000137839667969962
81360000,0.000138401377965454
81400000,0.000135895942511661
81440000,0.000138301000188782
81480000,0.000137991977477773
81520000,0.000139509042671889
81560000,0.00013788885762782
81600000,0.00013903341353895
81640000,0.000138018752013599
81680000,0.00013912524216346
81720000,0.000139964543664837
81760000,0.000139440187968862
81800000,0.000137797046670918
81840000,0.000139102091170813
81880000,0.000139694941117713
81920000,0.000139313336395625
81960000,0.000140697621431754
8.2e+07,0.000137832944553508
82040000,0.000138998874721783
82080000,0.000140028762885287
82120000,0.000140081299102568
82160000,0.000140134293007496
82200000,0.000138500658076216
82240000,0.000137926666255002
82280000,0.000139221222733638
82320000,0.000138900298606536
82360000,0.000137876877597836
82400000,0.000138510862526002
82440000,0.000139834931458882
82480000,0.000139142967856746
82520000,0.000139163352722122
82560000,0.000139779921714633
82600000,0.000140827092365529
82640000,0.000139003732031973
82680000,0.000140606309856929
82720000,0.000139279061530464
82760000,0.000138687903211457
82800000,0.000139251256536255
82840000,0.000140427965012856
82880000,0.000137099335730366
82920000,0.000138105419776161
82960000,0.000138238989675886
8.3e+07,0.000138542108490534
83040000,0.000139305592145862
83080000,0.000138633555961897
83120000,0.000138461006726189
83160000,0.00013990635460764
83200000,0.000138985026231977
83240000,0.00013965781808895
83280000,0.000136867362672103
83320000,0.000139778050113887
83360000,0.000138656104139806
83400000,0.000137526524486132
83440000,0.000137908599812152
83480000,0.000138545003124323
83520000,0.000139245149085016
83560000,0.000137452571245088
83600000,0.000139101465053769
83640000,0.000139090768573216
83680000,0.000138214555137778
83720000,0.000138150648369719
83760000,0.000139509165471427
83800000,0.00013720747179914
83840000,0.000137922340686623
83880000,0.000138694173807309
83920000,0.000136739065470215
83960000,0.000136280998957966
8.4e+07,0.000138009088398486
84040000,0.000138769932820946
84080000,0.000136832127225454
84120000,0.000139166214026332
84160000,0.000138646921577632
84200000,0.000137003265852739
84240000,0.00013863897244536
84280000,0.000137525420864336
84320000,0.000136754115300587
84360000,0.000137300910379626
84400000,0.000137679074189743
84440000,0.000137720095487261
84480000,0.000136088377920094
84520000,0.000137639853699078
84560000,0.000137530283053214
84600000,0.0001374069606069
84640000,0.00013831365805592
84680000,0.00013844721717688
84720000,0.000138442203148671
84760000,0.0001392786711044
84800000,0.000138681693795182
84840000,0.000137218266552588
84880000,0.00013928310236591
84920000,0.000138435500323641
84960000,0.000139497973999036
8.5e+07,0.000138942333987526
85040000,0.000138419605167416
85080000,0.000136382778405755
85120000,0.000137227279177696
85160000,0.000136334656714867
85200000,0.00013688227670592
85240000,0.000135846819315331
85280000,0.000137821361248997
85320000,0.000139838502372292
85360000,0.000137477568321258
85400000,0.000138209873277991
85440000,0.000137864468174703
85480000,0.000138162495989942
85520000,0.000137774978384027
85560000,0.000137747922685718
85600000,0.000137201000837044
85640000,0.000136480452985822
85680000,0.00013724299003153
85720000,0.000138556916093482
85760000,0.00013607010725323
85800000,0.000138744269156079
85840000,0.000136694960794164
85880000,0.000136924360886843
85920000,0.00013660120372649
85960000,0.000136888396053289
8.6e+07,0.000137278202327798
86040000,0.000137010790069276
86080000,0.000136165213314793
86120000,0.00013557060090529
86160000,0.000136266670413768
86200000,0.000135960031052399
86240000,0.000137471801596029
86280000,0.000136656280230181
86320000,0.000137759960407675
86360000,0.000137022403137238
86400000,0.000135739079344812
86440000,0.000137048223025055
86480000,0.000136700064350955
86520000,0.000136100747693101
86560000,0.000135907111328435
86600000,0.000138194472453699
86640000,0.000134886562093478
86680000,0.000135085877245078
86720000,0.000135571055356673
86760000,0.000133650449790018
86800000,0.000135774165862801
86840000,0.000136000924118702
86880000,0.000135626832217406
86920000,0.000135963308780595
86960000,0.000136361380019057
8.7e+07,0.000135759759878145
87040000,0.000136131468809853
87080000,0.00013547441375834
87120000,0.000135910812884151
87160000,0.00013459327855313
87200000,0.000134941046792966
87240000,0.000135916734379859
87280000,0.000135263010706908
87320000,0.000136369569586466
87360000,0.000136726205373574
87400000,0.00013635668338003
87440000,0.000135773682178699
87480000,0.000133816460915337
87520000,0.000134667157571418
87560000,0.000137392062325921
87600000,0.000135566171207791
87640000,0.000137802762920125
87680000,0.000134008308764301
87720000,0.000134535684393102
87760000,0.000134825863977807
87800000,0.000136984088042761
87840000,0.000136716074711001
87880000,0.000135946931168127
87920000,0.000136606069449041
87960000,0.000134490209576981
8.8e+07,0.000134893442431265
88040000,0.000134249088289466
88080000,0.000134901567898934
88120000,0.000134179168120975
88160000,0.000135424271587787
88200000,0.000134838349130378
88240000,0.000137023473406316
88280000,0.000134489477380059
88320000,0.000135322304173814
88360000,0.000135882839924207
88400000,0.000135206061266529
88440000,0.000135477103751555
88480000,0.000135095278535375
88520000,0.000135022477932875
88560000,0.000134279441773545
88600000,0.000133042996113314
88640000,0.000136425975686565
88680000,0.00013355651718978
88720000,0.000133987055667181
88760000,0.000134044635421345
88800000,0.00013654568154972
88840000,0.000133592865950299
88880000,0.000134931462821653
88920000,0.000135094020442241
88960000,0.000132990138073249
8.9e+07,0.000134485151576835
89040000,0.000134880522011214
89080000,0.000133938255808237
89120000,0.000135981432367869
89160000,0.000135167074897305
89200000,0.000134527068050429
89240000,0.000134607640291239
89280000,0.000135201972858823
89320000,0.000134717471837745
89360000,0.000134788075828617
89400000,0.000133444207496568
89440000,0.000135378934888778
89480000,0.000134596170898491
89520000,0.00013440285792893
89560000,0.000135246031130484
89600000,0.000134849848229679
89640000,0.000135341871918445
89680000,0.000133687614112451
89720000,0.000133474600079805
89760000,0.000135186877079741
89800000,0.000134675410640781
89840000,0.000132852191231907
89880000,0.000132838092726877
89920000,0.000133643317454376
89960000,0.000133379879674119
9e+07,0.000136342798487537
90040000,0.000135232990450969
90080000,0.000133403677315967
90120000,0.000135108788437964
90160000,0.000133617051486602
90200000,0.000133467080555859
90240000,0.000134589161864309
90280000,0.000133631438651549
90320000,0.00013407166008408
90360000,0.000133493519120415
90400000,0.000133429684471484
90440000,0.000133777101664767
90480000,0.000132828564808372
90520000,0.000134073810776063
90560000,0.000132962943913928
90600000,0.000134390689736002
90640000,0.000132882437805844
90680000,0.000132814289941786
90720000,0.000134302336269724
90760000,0.000134279005640566
90800000,0.000132551159010225
90840000,0.00013286900987417
90880000,0.000133595802795693
90920000,0.000133821444506294
90960000,0.000132943603327397
9.1e+07,0.000132534257227898
91040000,0.000132006974315598
91080000,0.000133145174704657
91120000,0.000131703928563974
91160000,0.000132403963861262
91200000,0.000132007346600928
91240000,0.000131737578668406
91280000,0.000132341317804055
91320000,0.000133560507244936
91360000,0.000131527589976972
91400000,0.000130584957791674
91440000,0.000132388574002281
91480000,0.000131816416697252
91520000,0.000131845321195462
91560000,0.000133854668381349
91600000,0.000132058116315509
91640000,0.000132750645229868
91680000,0.000131628910510004
91720000,0.0001322180062861
91760000,0.00013170572295647
91800000,0.0001314954291337
91840000,0.000131631798815376
91880000,0.000131736087941638
91920000,0.000131217044338271
91960000,0.00013202326534774
9.2e+07,0.000132471289963733
92040000,0.000130474527290216
92080000,0.000131630189808847
92120000,0.000130452167250453
92160000,0.000130401667842182
92200000,0.000130240250387127
92240000,0.000130829399808908
92280000,0.000132060528976039
92320000,0.000130106651918867
92360000,0.000132543127438026
92400000,0.000130689080209692
92440000,0.00012978257699229
92480000,0.000130595484144947
92520000,0.000131562345400709
92560000,0.000130625075952054
92600000,0.000131334245330082
92640000,0.000129785248849437
92680000,0.000130903868379351
92720000,0.000131275580250506
92760000,0.000130182180513305
92800000,0.000132220737994997
92840000,0.000131390727595952
92880000,0.000130620829174016
92920000,0.000131835608919189
92960000,0.000130130716134638
9.3e+07,0.000132634125184721
93040000,0.000131068646096647
93080000,0.000130591225186877
93120000,0.000130207872172877
93160000,0.000130618627893926
93200000,0.000130572396423183
93240000,0.000131432584653357
93280000,0.00013248456035414
93320000,0.000131104365115964
93360000,0.000131274104324309
93400000,0.000131211557865604
93440000,0.000131113312555946
93480000,0.000132195763406779
93520000,0.000130643774335397
93560000,0.00013012588408434
93600000,0.000131856189672694
93640000,0.000131341708999848
93680000,0.000131012208610433
93720000,0.00013216377694948
93760000,0.000131396019168961
93800000,0.000130576847999542
93840000,0.000130862472769694
93880000,0.000131266192379381
93920000,0.000130504475366293
93960000,0.000130753335585649
9.4e+07,0.000130431673352605
94040000,0.0001311316265503
94080000,0.000131230000460872
94120000,0.000130639144164825
94160000,0.000130611566487449
94200000,0.000130621871543818
94240000,0.000131377140509236
94280000,0.000129949307915667
94320000,0.000129066587401606
94360000,0.000131148788242126
94400000,0.000131410287700049
94440000,0.000128988737452157
94480000,0.00012867105603927
94520000,0.000130086413176591
94560000,0.000129289762252908
94600000,0.000131494303601591
94640000,0.00013009362320796
94680000,0.000130227490384933
94720000,0.000129570910764064
94760000,0.000130052357360579
94800000,0.000130000027763224
94840000,0.000131533375104974
94880000,0.000130570249422427
94920000,0.000129969582448653
94960000,0.000131040689647497
9.5e+07,0.000130649130405804
95040000,0.00012942652527664
95080000,0.000130097902533079
95120000,0.000129691587869203
95160000,0.000130769306294138
95200000,0.000130179689487161
95240000,0.000131384291612357
95280000,0.00012818046691123
95320000,0.000130756390635147
95360000,0.000130640528835132
95400000,0.00012932306038975
95440000,0.00012952307329495
95480000,0.000130251175648404
95520000,0.000129750522456851
95560000,0.000129048036867385
95600000,0.000130590522082179
95640000,0.000129296014118751
95680000,0.00013017385954271
95720000,0.000130222064951718
95760000,0.00012986002896565
95800000,0.000128979033020429
95840000,0.000130938771131209
95880000,0.000129940415126133
95920000,0.000130845103058042
95960000,0.000129948779538736
9.6e+07,0.000130073639526971
96040000,0.000130352331295525
96080000,0.000129187150371144
96120000,0.000129812570694714
96160000,0.000129758076981337
96200000,0.000129376524697206
96240000,0.000129345661988003
96280000,0.000128535324355517
96320000,0.000128781710373053
96360000,0.000130750540823835
96400000,0.000129326159449385
96440000,0.000128765338793253
96480000,0.000130205188745004
96520000,0.000130166511427827
96560000,0.000130433154688746
96600000,0.000129551938234812
96640000,0.000129432851838384
96680000,0.00012940916674351
96720000,0.000128660083707168
96760000,0.000128167940703093
96800000,0.000128377275477964
96840000,0.000128151639563681
96880000,0.00012888807540412
96920000,0.000129449106352777
96960000,0.000128918939784425
9.7e+07,0.00012921919383315
97040000,0.000129448356613464
97080000,0.000128835151029646
97120000,0.000128553498241523
97160000,0.000127695247891162
97200000,0.000130445075600379
97240000,0.000127562519478262
97280000,0.000128553529328792
97320000,0.000128459184683434
97360000,0.000128616719946915
97400000,0.000128880042854331
97440000,0.000128155574643637
97480000,0.000128929161339662
97520000,0.000128424093657909
97560000,0.00012844723980683
97600000,0.000128724154312195
97640000,0.000128230924044773
97680000,0.000129114015752168
97720000,0.000128101462549132
97760000,0.000129013745533128
97800000,0.000127763006372749
97840000,0.000128946389622316
97880000,0.00012859703043586
97920000,0.000128540239014168
97960000,0.0001281160382194
9.8e+07,0.0001271173872455
98040000,0.000128763596739335
98080000,0.000128976593539401
98120000,0.000129002418989578
98160000,0.00012935824720769
98200000,0.000128447584692579
98240000,0.000129623324353685
98280000,0.000130324425936235
98320000,0.00013026473895485
98360000,0.000128537914579931
98400000,0.000128701697062464
98440000,0.000128564653416337
98480000,0.000128787611043959
98520000,0.000128550683508151
98560000,0.000128433462629789
98600000,0.000128235856263035
98640000,0.000128311462988057
98680000,0.000129876304616448
98720000,0.000129255729466175
98760000,0.000130112349843051
98800000,0.000127401781685918
98840000,0.000127240909090575
98880000,0.000128895000646269
98920000,0.000127833243247932
98960000,0.000129681084797456
9.9e+07,0.000129761453227824
99040000,0.0001293805127058
99080000,0.000130845183717853
99120000,0.000129621513385875
99160000,0.000129085440827244
99200000,0.000130466080369689
99240000,0.000127173721976869
99280000,0.000130566865903943
99320000,0.000129182000583507
99360000,0.000128544045268337
99400000,0.000129199864478985
99440000,0.000129279537168944
99480000,0.000130343753241631
99520000,0.00013097538882682
99560000,0.000129334700696963
99600000,0.000127011048429146
99640000,0.000127548787076187
99680000,0.000129287149897919
99720000,0.000129828402030517
99760000,0.000129564958881353
99800000,0.000128582113882262
99840000,0.000128581918679834
99880000,0.000129243705272979
99920000,0.000129081015039327
99960000,0.000128582897838154
1e+08,0.000130043226403944
100040000,0.000129668784029587
100080000,0.000128642314143412
100120000,0.000129084204051587
100160000,0.000128058259553886
100200000,0.000127377886949373
100240000,0.000130254101670993
100280000,0.000129235357669552
100320000,0.000128262734331823
100360000,0.000128956386425148
100400000,0.000128118623641015
100440000,0.000128493925464535
100480000,0.000127285349311169
100520000,0.000129302373137309
100560000,0.000127539614006676
100600000,0.000128868409697273
100640000,0.000127110268766463
100680000,0.000128054008146341
100720000,0.000128377518683901
100760000,0.00012984966430578
100800000,0.000128143808601661
100840000,0.000129189292561838
100880000,0.000129225657702518
100920000,0.000128899177893284
100960000,0.000128696846628381
1.01e+08,0.000129517964718206
101040000,0.000128962782600716
101080000,0.00012915721757295
101120000,0.000128137684622119
101160000,0.000128539075517264
101200000,0.000129075890803749
101240000,0.000128716843217463
101280000,0.000128213119469833
101320000,0.000127505061580775
101360000,0.00012777697691887
101400000,0.000126933388861456
101440000,0.000129273139760243
101480000,0.000128383466328838
101520000,0.000127954457945475
101560000,0.000127850635649479
101600000,0.00012764677960282
101640000,0.000127945836234707
101680000,0.000128786091781898
101720000,0.000128058700359442
101760000,0.000128241876853488
101800000,0.000128580857714823
101840000,0.000128230326321016
101880000,0.000127714859780327
101920000,0.000127178028438534
101960000,0.000127108759347369
1.02e+08,0.000127875033833246
102040000,0.000129248559893555
102080000,0.00012811910828982
102120000,0.000128162858232026
102160000,0.000129556838101937
102200000,0.000127824408447294
102240000,0.000128241348647645
102280000,0.000127225033959751
102320000,0.000127986021217443
102360000,0.000128321787196054
102400000,0.000127773597130019
102440000,0.000127969629014083
102480000,0.000129296406454812
102520000,0.000127826500418527
102560000,0.000128682551880117
102600000,0.000128503922765681
102640000,0.000128499395416206
102680000,0.000126978123151183
102720000,0.000126551692404461
102760000,0.000128670083136684
102800000,0.000126670971642562
102840000,0.000129343005408319
102880000,0.000127714352775859
102920000,0.000128548584987927
102960000,0.000128412747394401
1.03e+08,0.000129506163040999
103040000,0.000126255612795971
103080000,0.000128925542112956
103120000,0.000128438964755434
103160000,0.000127853154024714
103200000,0.000128084294653171
103240000,0.000128145154946132
103280000,0.000127663108939387
103320000,0.000128036504069547
103360000,0.00012578836371616
103400000,0.000129214357785252
103440000,0.000127648910463884
103480000,0.000127156678207209
103520000,0.000127379884842718
103560000,0.000127919157266424
103600000,0.00012641251070641
103640000,0.000127651467465177
103680000,0.000127480239925139
103720000,0.000127850797256574
103760000,0.000126670617332664
103800000,0.000126747150433783
103840000,0.000127601825533798
103880000,0.000127636283612187
103920000,0.000127779487325015
103960000,0.000127770112646331
1.04e+08,0.000127442954979275
104040000,0.000128635815795468
104080000,0.000126235228743497
104120000,0.000126468892232102
104160000,0.000127008901535721
104200000,0.00012838276661935
104240000,0.000127773446031733
104280000,0.000128186603842501
104320000,0.000128242944768644
104360000,0.000128418608542477
104400000,0.000127132930637232
104440000,0.000126801997232713
104480000,0.000126341616605293
104520000,0.000128285654227812
104560000,0.000126898139274858
104600000,0.000127406856934601
104640000,0.000125446425055739
104680000,0.000128874435511525
104720000,0.000127672991520457
104760000,0.000129771308486465
104800000,0.000127378561605646
104840000,0.00012680984446083
104880000,0.000126698539300298
104920000,0.000127515156545091
104960000,0.000128151254014656
1.05e+08,0.000129143642551785
105040000,0.000128087776168734
105080000,0.000127596149433542
105120000,0.000127307783910741
105160000,0.000127398118354588
105200000,0.000125912865803002
105240000,0.00012835295608386
105280000,0.000127051292445974
105320000,0.00012824496062179
105360000,0.000126342355197015
105400000,0.000126882315134242
105440000,0.000126289226242101
105480000,0.000127476581791596
105520000,0.000128562574415371
105560000,0.000126016981122421
105600000,0.000127450870810102
105640000,0.000127935675106143
105680000,0.000128394800112803
105720000,0.000126251403850133
105760000,0.000126523268525763
105800000,0.000127450885952192
105840000,0.000125558042004432
105880000,0.000125512087153852
105920000,0.000126866859938111
105960000,0.000125616433172215
1.06e+08,0.000125752950572019
106040000,0.000128179087038114
106080000,0.000127369395176536
106120000,0.000127681638370362
106160000,0.00012651260595345
106200000,0.000127878024785197
106240000,0.000126761310684037
106280000,0.00012709829761577
106320000,0.000127260784995275
106360000,0.000127157991429868
106400000,0.00012778193442115
106440000,0.000126810780490352
106480000,0.000126640258622021
106520000,0.000126420025357557
106560000,0.000126217573890256
106600000,0.000125503757608113
106640000,0.000126707551383453
106680000,0.0001273674091756
106720000,0.000127375613220267
106760000,0.000128592875921758
106800000,0.000126958155104867
106840000,0.000126739196555826
106880000,0.00012623561108311
106920000,0.000127074396179236
106960000,0.000127740528268556
1.07e+08,0.000126952701791536
107040000,0.000127737780959796
107080000,0.000126755209841836
107120000,0.000126700601989344
107160000,0.00012777947002806
107200000,0.000126909089520278
107240000,0.000126092040481402
107280000,0.000125425999902322
107320000,0.000126773829588925
107360000,0.00012804660961956
107400000,0.000125131824793877
107440000,0.000127404255932625
107480000,0.000126706268765331
107520000,0.000126202042014013
107560000,0.000127695184262835
107600000,0.000124887980484303
107640000,0.000125843881607811
107680000,0.000126096309127618
107720000,0.000126808570160974
107760000,0.000126257331407755
107800000,0.000127293797268046
107840000,0.000125623777965001
107880000,0.000127271335897955
107920000,0.000126649475166459
107960000,0.000127287531575423
1.08e+08,0.000126263085866422
108040000,0.000127070397130513
108080000,0.000126803254730258
108120000,0.000127578228800055
108160000,0.000125798869176971
108200000,0.000126967940852579
108240000,0.000125023164007178
108280000,0.000126360318737266
108320000,0.00012613518375456
108360000,0.000127350628849753
108400000,0.000126260917556976
108440000,0.00012769812040674
108480000,0.000126333127394434
108520000,0.000127325391294879
108560000,0.000126047907491386
108600000,0.000128186728169982
108640000,0.000126653437665827
108680000,0.000125370862707793
108720000,0.000125683317500106
108760000,0.000126844800633817
108800000,0.000126701371435809
108840000,0.000128121537358926
108880000,0.000127739032560262
108920000,0.000126396252276722
108960000,0.000124681789997831
1.09e+08,0.000127432540921318
109040000,0.000126578421724181
109080000,0.000126534269021697
109120000,0.000125944316128596
109160000,0.000126875380495237
109200000,0.000126845419034507
109240000,0.000126950345617481
109280000,0.000126588374679227
109320000,0.000127714801327213
109360000,0.00012767969953772
109400000,0.000127213063518301
109440000,0.000126201523949605
109480000,0.000125490139591821
109520000,0.000125425232471151
109560000,0.000127577956880697
109600000,0.000126410713149894
109640000,0.000126187436304237
109680000,0.000125939876103283
109720000,0.000126611891430171
109760000,0.000128150307815484
109800000,0.000126146046394396
109840000,0.00012662783075089
109880000,0.000125812139964536
109920000,0.000125923309547221
109960000,0.000126822833798604
1.1e+08,0.000126521639409922
110040000,0.000126070935916671
110080000,0.000126204974934778
110120000,0.00012734367202585
110160000,0.000126342414970522
110200000,0.000126294333334371
110240000,0.000126991511819184
110280000,0.000126280929177651
110320000,0.000127452438580983
110360000,0.000125634165011557
110400000,0.000127474181387975
110440000,0.000125980877395742
110480000,0.000128320558101675
110520000,0.000126014169964314
110560000,0.000126945324194487
110600000,0.000127125487541331
110640000,0.000125873705916822
110680000,0.000128225959438258
110720000,0.000126200555300516
110760000,0.000125617028751048
110800000,0.000126956692651119
110840000,0.000126080386755603
110880000,0.000127461780615282
110920000,0.000125922547295556
110960000,0.000126461208608218
1.11e+08,0.000126643102279635
111040000,0.00012801538348292
111080000,0.000125893657410673
111120000,0.000126699978203227
111160000,0.000124916102583141
111200000,0.000127138643971841
111240000,0.000127536148830079
111280000,0.000125503677055904
111320000,0.000127394058608603
111360000,0.000125293592167363
111400000,0.000127157446545201
111440000,0.000126709190803506
111480000,0.000126042555329893
111520000,0.00012672843763431
111560000,0.000126639130164175
111600000,0.000126628730355055
111640000,0.000127447205254031
111680000,0.000127370264061024
111720000,0.000126214920616594
111760000,0.000126092340520408
111800000,0.000126042290401953
111840000,0.000126421439226367
111880000,0.000125781397732724
111920000,0.000126961532461545
111960000,0.000126027805888694
1.12e+08,0.000125943510915202
112040000,0.000126238400754729
112080000,0.000126130725995459
112120000,0.000126652729056747
112160000,0.000125331507735581
112200000,0.000125721084167935
112240000,0.000125167106846682
112280000,0.000126477824905245
112320000,0.000127056981067867
112360000,0.000128465232638758
112400000,0.000125271189552248
112440000,0.00012646923370566
112480000,0.000126701426145298
112520000,0.000124293681974035
112560000,0.000125595623707533
112600000,0.000126272801364579
112640000,0.000126198661423889
112680000,0.000125348258362161
112720000,0.000126320672423735
112760000,0.00012769230563971
112800000,0.000125474353494919
112840000,0.000125491201543283
112880000,0.000127359706397599
112920000,0.000127889177114769
112960000,0.000126326176909298
1.13e+08,0.000126676961528011
113040000,0.000126427305006044
113080000,0.000126519383560613
113120000,0.000124257903720689
113160000,0.000124271630925298
113200000,0.000124835935234711
113240000,0.000125278040933243
113280000,0.00012586086144838
113320000,0.00012581420336498
113360000,0.000124174528515146
113400000,0.000125133336001239
113440000,0.000125828595990278
113480000,0.000125969733738479
113520000,0.000126311820688078
113560000,0.000125001436387375
113600000,0.000124751666760493
113640000,0.000125176954072126
113680000,0.000126918715930338
113720000,0.000125813630616652
113760000,0.000127013356610244
113800000,0.000126670323421533
113840000,0.000125526103971397
113880000,0.000127307068292407
113920000,0.000125717840651648
113960000,0.00012708384241046
1.14e+08,0.000125840053643907
114040000,0.00012717177754047
114080000,0.000125288054609289
114120000,0.000125806857529388
114160000,0.000126094194127656
114200000,0.000125428741070398
114240000,0.000125681284977172
114280000,0.000125692820225894
114320000,0.000128075449152525
114360000,0.000127852184685243
114400000,0.000126410454742098
114440000,0.000125868031423051
114480000,0.000125554303420536
114520000,0.000124817025551594
114560000,0.00012747741811228
114600000,0.000123260726371328
114640000,0.000125433448016698
114680000,0.000126660034940747
114720000,0.000126243513488641
114760000,0.000125546121449979
114800000,0.00012480189558869
114840000,0.000126410991088446
114880000,0.000125232878195493
114920000,0.000125362142500925
114960000,0.000126437218982888
1.15e+08,0.00012670656639291
115040000,0.000125546088705036
115080000,0.000125137112451496
115120000,0.000126905490576297
115160000,0.000128034227046088
115200000,0.000126584224607518
115240000,0.000126562184047529
115280000,0.000125693728690865
115320000,0.000126270735076344
115360000,0.000126531832530851
115400000,0.000124605606338479
115440000,0.000127013858043315
115480000,0.000126751118780363
115520000,0.000126510015320713
115560000,0.000124779420555549
115600000,0.000125810341093743
115640000,0.000127314388626193
115680000,0.000126595904164696
115720000,0.000127772460627767
115760000,0.000126921911969881
115800000,0.000127382909234774
115840000,0.000125913538703621
115880000,0.000126594499522862
115920000,0.000126255348301759
115960000,0.000126172033303208
1.16e+08,0.000126359845516223
116040000,0.000125915749042089
116080000,0.000126618614637576
116120000,0.000124382364046754
116160000,0.000126942466198795
116200000,0.000127475881704624
116240000,0.000126699270245461
116280000,0.000124738008405797
116320000,0.000125112448145763
116360000,0.000125907900777141
116400000,0.00012540935584389
116440000,0.000125319671458119
116480000,0.000123971724745644
116520000,0.000125001793362205
116560000,0.000125056175059271
116600000,0.000124944639179197
116640000,0.000124780219775457
116680000,0.000124409035575481
116720000,0.000124447444214642
116760000,0.000124157258717376
116800000,0.000124863435398145
116840000,0.000124589725446653
116880000,0.000125340894582427
116920000,0.000126146648507376
116960000,0.000125245855415447
1.17e+08,0.000125879193896668
117040000,0.000124815143890896
117080000,0.000124415259036148
117120000,0.000125841827172683
117160000,0.000124785669284547
117200000,0.000126267713031855
117240000,0.000126035384839451
117280000,0.000124942949118732
117320000,0.00012611637845972
117360000,0.000126244622401444
117400000,0.000125682715754622
117440000,0.000125770555887837
117480000,0.000124764039019304
117520000,0.000125599562087699
117560000,0.000125583511996853
117600000,0.000125416508657629
117640000,0.000123523824898343
117680000,0.000124661720827646
117720000,0.000123871831382688
117760000,0.000125440139832336
117800000,0.000125807061386223
117840000,0.00012510432860726
117880000,0.000124712783398473
117920000,0.00012451268856015
117960000,0.000124834863926231
1.18e+08,0.000124572434081362
118040000,0.00012415314192382
118080000,0.000124856328664156
118120000,0.000126098214079826
118160000,0.000125181809009281
118200000,0.000125043537423298
118240000,0.00012519259323681
118280000,0.000124594623187816
118320000,0.000125514498774587
118360000,0.000125874742493783
118400000,0.000125935819628621
118440000,0.000124979167363582
118480000,0.000125188751723422
118520000,0.000125120921309536
118560000,0.000124853239707051
118600000,0.000125033314746365
118640000,0.000124004802317857
118680000,0.000124852294200688
118720000,0.000126036252062786
118760000,0.000125711418610245
118800000,0.000124230627567878
118840000,0.000126304678516848
118880000,0.000126473338114529
118920000,0.000123939366362058
118960000,0.000126944751768032
1.19e+08,0.00012438295357607
119040000,0.000125401516670137
119080000,0.000124922165446536
119120000,0.000126545492592112
119160000,0.000126388769602012
119200000,0.000126423397809795
119240000,0.0001260428646056
119280000,0.000126085178628298
119320000,0.000125214759080428
119360000,0.00012564221342035
119400000,0.000124589028460496
119440000,0.000125010925270383
119480000,0.000125137373802316
119520000,0.000123995784181897
119560000,0.000126952768538137
119600000,0.00012611171682384
119640000,0.00012280058019123
119680000,0.000123397390513836
119720000,0.000127042458807846
119760000,0.00012364856564592
119800000,0.000125408858731366
119840000,0.000125331706822217
119880000,0.000124592816338712
119920000,0.000124944735273958
119960000,0.000125353936486734
1.2e+08,0.000124053639167955
120040000,0.000124403849128832
120080000,0.00012298468252966
120120000,0.000124271000966807
120160000,0.00012445915663361
120200000,0.000124308318933887
120240000,0.000125074330219796
120280000,0.000123792165630069
120320000,0.000123824544034031
120360000,0.000123930541900497
120400000,0.00012568610712085
120440000,0.00012398768641341
120480000,0.000124720853483911
120520000,0.000124205896149478
120560000,0.000124384205947678
120600000,0.00012496563158197
120640000,0.000126227948763155
120680000,0.000124541189477699
120720000,0.000122455514658563
120760000,0.000124675202075373
120800000,0.000124575562346275
120840000,0.000126585757853492
120880000,0.000124107550152706
120920000,0.000125784219005839
120960000,0.000124076205634081
1.21e+08,0.000123828507098478
121040000,0.000125551854471881
121080000,0.000125364874415246
121120000,0.000123374724984914
121160000,0.00012181864693246
121200000,0.000125238911801781
121240000,0.000124465537024291
121280000,0.00012551162712777
121320000,0.000125315027699777
121360000,0.000123267887419466
121400000,0.000124895231883812
121440000,0.00012507889384962
121480000,0.000125125776234836
121520000,0.000124337879280062
121560000,0.00012591033709986
121600000,0.000124506939317015
121640000,0.000124388664047037
121680000,0.000124559612332999
121720000,0.000124620516286517
121760000,0.000125263451406582
121800000,0.000125223010306595
121840000,0.000123365606784092
121880000,0.000125651673894383
121920000,0.000126494923300362
121960000,0.000126380905650344
1.22e+08,0.00012570394689373
122040000,0.000124482073472636
122080000,0.000126178432523917
122120000,0.000127938889140435
122160000,0.00012610460785034
122200000,0.000124191453087769
122240000,0.000123555090955427
122280000,0.000125511454624044
122320000,0.00012609173644938
122360000,0.000124267704849
122400000,0.000127370230040346
122440000,0.000124530799697776
122480000,0.000124842524616008
122520000,0.00012494071690938
122560000,0.000125284217713953
122600000,0.000122642927653589
122640000,0.000126533543107917
122680000,0.000123852628104222
122720000,0.000125826030081623
122760000,0.000123881266925343
122800000,0.000124991548997326
122840000,0.000123806921220709
122880000,0.000123584767111966
122920000,0.000123522261222774
122960000,0.000125304087973069
1.23e+08,0.000125966132504465
123040000,0.000124905059808016
123080000,0.000124412097662812
123120000,0.000124303659661785
123160000,0.000124688266812498
123200000,0.00012305490421553
123240000,0.000124570808323788
123280000,0.000124042638076501
123320000,0.000123255084639756
123360000,0.000122417157062049
123400000,0.000125159416816454
123440000,0.000124005183613255
123480000,0.000123996174443927
123520000,0.000124855407650929
123560000,0.000123849136919725
123600000,0.000123209219727368
123640000,0.000124898291006639
123680000,0.000123447299438187
123720000,0.00012306745666341
123760000,0.000124544743013722
123800000,0.000122141277593646
123840000,0.000122652942476476
123880000,0.000124398236595507
123920000,0.000122034641561621
123960000,0.000122368655047427
1.24e+08,0.000123690346959899
124040000,0.00012389140348087
124080000,0.000123709849851696
124120000,0.000123789339087344
124160000,0.000122360644814538
124200000,0.000123880842148367
124240000,0.000122712223204722
124280000,0.000123453003667436
124320000,0.000123284713356137
124360000,0.000122424843577296
124400000,0.000122801405623965
124440000,0.000122799373833691
124480000,0.000124173412924882
124520000,0.000123801067926817
124560000,0.000124693451765317
124600000,0.000124815645729011
124640000,0.000123820431114835
124680000,0.000122815097636683
124720000,0.000123031423881383
124760000,0.000122155530728107
124800000,0.000125132874018599
124840000,0.000124017238813792
124880000,0.000122931029714678
124920000,0.000121666345825478
124960000,0.000123033558682937
1.25e+08,0.000122298004890406
125040000,0.000121429976806851
125080000,0.000124516372192912
125120000,0.000122797958588033
125160000,0.000121895997646995
125200000,0.000124065700024328
125240000,0.000123497014303569
125280000,0.000124082341874899
125320000,0.000122385956584829
125360000,0.000123233693776108
125400000,0.000123055969406771
125440000,0.000123114043212634
125480000,0.000121607622597608
125520000,0.000122222372703232
125560000,0.000124210541323283
125600000,0.000122418903603073
125640000,0.00012356184808965
125680000,0.000123661105809105
125720000,0.00012387921452111
125760000,0.000122622728871145
125800000,0.000123274987123575
125840000,0.000123079732331089
125880000,0.000124133897445517
125920000,0.000123039838629556
125960000,0.000122891891558805
1.26e+08,0.000122420276382083
126040000,0.000123316526326981
126080000,0.000122970893184901
126120000,0.00012302882774209
126160000,0.000123541582680938
126200000,0.000122783559744169
126240000,0.000122575740150033
126280000,0.000122993071138845
126320000,0.00012282980817743
126360000,0.000122105685685198
126400000,0.000121905946569568
126440000,0.000122391288786288
126480000,0.000124578091627306
126520000,0.000122812823727803
126560000,0.000125072587900888
126600000,0.000123504518895665
126640000,0.000121899794493144
126680000,0.000122668327306978
126720000,0.000123915987030413
126760000,0.000123840749549095
126800000,0.000122255285466162
126840000,0.000121910129964415
126880000,0.000123199616125434
126920000,0.000122632931516914
126960000,0.000123013519535894
1.27e+08,0.000121331047692996
127040000,0.000122838842696824
127080000,0.000122432526048066
127120000,0.000122969491677688
127160000,0.000123189567880005
127200000,0.000122489429839599
127240000,0.00012170833538791
127280000,0.000121413940786488
127320000,0.00012305320897023
127360000,0.000123739987518462
127400000,0.000122498565105535
127440000,0.000122471324208683
127480000,0.000124300847947694
127520000,0.000123344553638312
127560000,0.000123263501095817
127600000,0.000124187021229999
127640000,0.000122341258613175
127680000,0.000122905891795682
127720000,0.000124445672424071
127760000,0.000121616670435362
127800000,0.000123950256173721
127840000,0.000123431247742817
127880000,0.000122604512516046
127920000,0.000124008449141297
127960000,0.000123020079645248
1.28e+08,0.000122329048168148
128040000,0.000123153608272792
128080000,0.000122650352015132
128120000,0.000123720517890872
128160000,0.00012177345764287
128200000,0.000124579498317815
128240000,0.000122433586280127
128280000,0.000124092925940198
128320000,0.000123666985107734
128360000,0.000124854180742492
128400000,0.000126374974750603
128440000,0.000125361779569964
128480000,0.000125874036792103
128520000,0.000124032186770174
128560000,0.000124149991909788
128600000,0.000124388571410125
128640000,0.000124748969008067
128680000,0.000122167695993514
128720000,0.000123343091198087
128760000,0.000122068584991129
128800000,0.000123999848779864
128840000,0.000123949593075898
128880000,0.000123827738615128
128920000,0.000125579541456418
128960000,0.000123850812087813
1.29e+08,0.000124827340804974
129040000,0.000123851077689809
129080000,0.000124152799902208
129120000,0.000124178033332932
129160000,0.000123081326576863
129200000,0.000123493184265549
129240000,0.000123185645769798
129280000,0.000123157378638682
129320000,0.000123971540017634
129360000,0.000123409921275445
129400000,0.000125699497946156
129440000,0.000124014526717934
129480000,0.000124171934833232
129520000,0.000121638470089478
129560000,0.000124237403700787
129600000,0.000123774142567973
129640000,0.00012567739635229
129680000,0.000124043127719198
129720000,0.000123375735909988
129760000,0.000123501356215019
129800000,0.000125789597349957
129840000,0.000125760033963095
129880000,0.000122856940037459
129920000,0.000123069044869269
129960000,0.000122400463227815
1.3e+08,0.00012488847335976
130040000,0.00012316019734254
130080000,0.000123175760802092
130120000,0.000124538282651356
130160000,0.000124251194533311
130200000,0.000124504104046325
130240000,0.000122575961118975
130280000,0.000122833584272041
130320000,0.000123050697384743
130360000,0.000123775854916903
130400000,0.00012392588583842
130440000,0.000124632600320811
130480000,0.000122736835960215
130520000,0.000122338626873299
130560000,0.000122879153246848
130600000,0.000123777405427091
130640000,0.000124042311439106
130680000,0.000123805682662685
130720000,0.000122656908291401
130760000,0.000123313409100085
130800000,0.000124137422018341
130840000,0.000123489835005537
130880000,0.000125096975858564
130920000,0.000122441909033717
130960000,0.000123993274876657
1.31e+08,0.000123956189950384
131040000,0.000123346930692899
131080000,0.00012422094051132
131120000,0.00012182397039669
131160000,0.000124201637761652
131200000,0.000123184966275137
131240000,0.000125297987155637
131280000,0.000123626786592715
131320000,0.000124186518233592
131360000,0.000124113617922548
131400000,0.000122610147553025
131440000,0.000122116292366841
131480000,0.000122054307698329
131520000,0.000123161059793647
131560000,0.000125890875652467
131600000,0.000124117392848482
131640000,0.000123364238939094
131680000,0.000124106542961458
131720000,0.000125209142830898
131760000,0.000122282361004992
131800000,0.000123357761521009
131840000,0.000125349260589538
131880000,0.000123662175538887
131920000,0.000122311960709102
131960000,0.000124231443905856
1.32e+08,0.000125823480406266
132040000,0.000125435299316589
132080000,0.000121843937566353
132120000,0.000124705613029749
132160000,0.000124709397107833
132200000,0.000124811745260981
132240000,0.000123083634872758
132280000,0.00012153463598672
132320000,0.000124739322523751
132360000,0.000125258938164186
132400000,0.000124307157748595
132440000,0.000123325276941114
132480000,0.000123175818758382
132520000,0.000123821668763428
132560000,0.000123727007167141
132600000,0.000123070152065798
132640000,0.000124334870158366
132680000,0.000124712261005331
132720000,0.00012315057532632
132760000,0.000123193111122905
132800000,0.000126199840074373
132840000,0.000123415124737657
132880000,0.000125766300263709
132920000,0.000123212297513714
132960000,0.000126707634206687
1.33e+08,0.000125025131406675
133040000,0.000125211522235021
133080000,0.000126283691439313
133120000,0.000124674100147507
133160000,0.000124512521432557
133200000,0.000124928900085101
133240000,0.000126941627069833
133280000,0.000124474129363177
133320000,0.000125163750286812
133360000,0.000126370729356716
133400000,0.000125452401297028
133440000,0.000125314762616603
133480000,0.00012566972452773
133520000,0.000124856775788763
133560000,0.000123617341187581
133600000,0.000125559705833539
133640000,0.000122603539939383
133680000,0.000125042982368352
133720000,0.00012632804066558
133760000,0.000125276043858772
133800000,0.00012429817425766
133840000,0.000123598551185501
133880000,0.000125491455587949
133920000,0.000124651468675157
133960000,0.000125389000605077
1.34e+08,0.000125076698291634
134040000,0.000125206886305911
134080000,0.000124492569731991
134120000,0.00012604855031504
134160000,0.000124571872592617
134200000,0.000124227799973022
134240000,0.000124982170283283
134280000,0.000123521844580205
134320000,0.000123540147950791
134360000,0.0001239193506016
134400000,0.000121360972712337
134440000,0.000123891003265982
134480000,0.000124882544550547
134520000,0.00012279132828245
134560000,0.00012313422676421
134600000,0.000124669441082739
134640000,0.000125846109813287
134680000,0.000125093913286032
134720000,0.000121385437448799
134760000,0.000124189512665409
134800000,0.000123409635055229
134840000,0.000122781871137228
134880000,0.000123143132006735
134920000,0.000122736714727792
134960000,0.00012468311447706
1.35e+08,0.000122057820933837
135040000,0.00012363393976137
135080000,0.000122727296331368
135120000,0.0001240638567808
135160000,0.000123698636345003
135200000,0.00012191075207729
135240000,0.000124429712894333
135280000,0.000123744963736073
135320000,0.0001219683082946
135360000,0.000125170540419331
135400000,0.000123403325024564
135440000,0.00012273754458507
135480000,0.000121203546547046
135520000,0.000120942281936733
135560000,0.000122127947317546
135600000,0.000122717041597801
135640000,0.000122004331110229
135680000,0.000122216323126776
135720000,0.000122059339662379
135760000,0.00012189650907526
135800000,0.000124631206258636
135840000,0.000121592794406445
135880000,0.000122967391032365
135920000,0.000123613357641216
135960000,0.000120567473218099
1.36e+08,0.000123791464628374
136040000,0.000123088517366252
136080000,0.000122457554321057
136120000,0.000122515229558657
136160000,0.000123307836551932
136200000,0.000123052552207683
136240000,0.000121533245284845
136280000,0.0001205627695496
136320000,0.000124396683015719
136360000,0.000122968749637689
136400000,0.000124122904423089
136440000,0.000122229326448607
136480000,0.000120857809812273
136520000,0.000122488207135943
136560000,0.000121368715943458
136600000,0.000121966906284178
136640000,0.000119914051098852
136680000,0.000123910971778893
136720000,0.000122762592114762
136760000,0.000121820496690774
136800000,0.000122242971178075
136840000,0.000123478789501257
136880000,0.000120615312873702
136920000,0.00012450278630467
136960000,0.000121473991017799
1.37e+08,0.00012155601961737
137040000,0.000123464209542521
137080000,0.000120754812147737
137120000,0.000123008842159269
137160000,0.000119902833347761
137200000,0.000121271268984636
137240000,0.000122520099215502
137280000,0.000121706336671017
137320000,0.000121734514718388
137360000,0.000120512641333018
137400000,0.000122708259404972
137440000,0.000120955486124127
137480000,0.000121588848379681
137520000,0.000121989690176717
137560000,0.00012157918194833
137600000,0.000121439645522108
137640000,0.000121798840859302
137680000,0.000122277671273053
137720000,0.000121257052642861
137760000,0.000121932393087905
137800000,0.000121572255388102
137840000,0.000122483466003405
137880000,0.000121922064949319
137920000,0.000120582903549308
137960000,0.000122497294946787
1.38e+08,0.000123824728850983
138040000,0.000123030575977848
138080000,0.00012281780444419
138120000,0.000123769152858712
138160000,0.000119867581403633
138200000,0.000121048191641402
138240000,0.000120819001774995
138280000,0.000121993534887513
138320000,0.000122269563705999
138360000,0.000120714130556706
138400000,0.000120831650008661
138440000,0.000119486030326212
138480000,0.000122885474860015
138520000,0.000123929986305415
138560000,0.000120947883308547
138600000,0.000122824991734287
138640000,0.000122698451278352
138680000,0.000120369954796787
138720000,0.000120264886502047
138760000,0.000120733281051441
138800000,0.000124299430593282
138840000,0.000124083233097939
138880000,0.000120790866114322
138920000,0.000120816695303198
138960000,0.000121585412275652
1.39e+08,0.000120701269039192
139040000,0.000122999534341839
139080000,0.000122170178317504
139120000,0.000121914066131285
139160000,0.000122600264904897
139200000,0.000123992241193996
139240000,0.000121185870667481
139280000,0.000121030179574013
139320000,0.000121137879605609
139360000,0.000120908505323176
139400000,0.000117385436971609
139440000,0.000122250390882205
139480000,0.000121440346004949
139520000,0.00012113023803125
139560000,0.000119781554395717
139600000,0.000120485187500375
139640000,0.000120678704390731
139680000,0.000123306371398124
139720000,0.000122061367175981
139760000,0.000119810312750166
139800000,0.000121833712637302
139840000,0.000120865212781576
139880000,0.000120518529879714
139920000,0.000120607678217517
139960000,0.000121853636653508
1.4e+08,0.000121516670733115
140040000,0.000119660370342758
140080000,0.000120499927757355
140120000,0.000120502518754877
140160000,0.000120510314865497
140200000,0.000120195978997472
140240000,0.000120670296127775
140280000,0.000122511403905407
140320000,0.000120067241467122
140360000,0.000119158574718774
140400000,0.000121304905456449
140440000,0.000120660059234639
140480000,0.000121872364243748
140520000,0.000121518189959379
140560000,0.000119898192634752
140600000,0.000120825849544495
140640000,0.000118987116778202
140680000,0.000121070905151131
140720000,0.000119314412624232
140760000,0.000121356731955792
140800000,0.000123004050051085
140840000,0.000120941041454659
140880000,0.000118516413668797
140920000,0.000118802948279763
140960000,0.000120163723734919
1.41e+08,0.000119398886369617
141040000,0.000122716787889054
141080000,0.000118791983763357
141120000,0.000122117521064456
141160000,0.000120785369519386
141200000,0.000120012999002316
141240000,0.000119031134239003
141280000,0.00012031409867453
141320000,0.000120138584108785
141360000,0.000119400749714198
141400000,0.000119329814050429
141440000,0.000122483066916988
141480000,0.000120805517270064
141520000,0.000121484725195809
141560000,0.000120541945193991
141600000,0.000121646814624116
141640000,0.000121225904176685
141680000,0.000120252184210237
141720000,0.000120729209608333
141760000,0.00012071855714479
141800000,0.000120783721577742
141840000,0.000122211332962511
141880000,0.000119816931205917
141920000,0.00012082701646477
141960000,0.000121427531571614
1.42e+08,0.000121346522546704
142040000,0.000123126147529727
142080000,0.000121005501790598
142120000,0.000119088420496352
142160000,0.000121643664143294
142200000,0.000120991618357049
142240000,0.00011949345894999
142280000,0.000122134694311891
142320000,0.000122268469006721
142360000,0.000120723639358947
142400000,0.000121106581846796
142440000,0.000119839350479187
142480000,0.000120385158610247
142520000,0.000119888729624863
142560000,0.000120231201890251
142600000,0.000121195093277725
142640000,0.00012126886871969
142680000,0.000122321716716774
142720000,0.000120803022324226
142760000,0.000121596859721652
142800000,0.000120572455050999
142840000,0.000121124766903876
142880000,0.000122806240819062
142920000,0.000120641768052708
142960000,0.000121687599336757
1.43e+08,0.000122734107761238
143040000,0.000120829725749495
143080000,0.00012081096584562
143120000,0.000119924429892197
143160000,0.000120381719723673
143200000,0.000120387102632651
143240000,0.000120822003591749
143280000,0.000120599415571928
143320000,0.000120724744638878
143360000,0.000120656618839761
143400000,0.000121804771195102
143440000,0.000120964365702795
143480000,0.000121210818114436
143520000,0.000120635000402649
143560000,0.000121211457912781
143600000,0.00012206312452358
143640000,0.000120084054843869
143680000,0.00011963981373056
143720000,0.00012172391518663
143760000,0.000119768601424961
143800000,0.000118639147320948
143840000,0.000119677917439598
143880000,0.00012027171908563
143920000,0.0001214329635599
143960000,0.000121028024277193
1.44e+08,0.00012035526626295
144040000,0.00012086674051725
144080000,0.00012128147559756
144120000,0.000119239710926026
144160000,0.000119760159303196
144200000,0.00011971780823938
144240000,0.000120556653027749
144280000,0.000121131427081563
144320000,0.000118524742691877
144360000,0.00011958083549946
144400000,0.000122295300193485
144440000,0.000119392181569976
144480000,0.000118784654556952
144520000,0.000118953012249234
144560000,0.000120988134112147
144600000,0.000120571504124009
144640000,0.000119792125803298
144680000,0.000120211769710083
144720000,0.000118268967253757
144760000,0.000120709042624248
144800000,0.000120732903385798
144840000,0.000118767780786515
144880000,0.000119338090205766
144920000,0.000121161589245455
144960000,0.000121366112289069
1.45e+08,0.000121209621650822
145040000,0.000120422206713514
145080000,0.00012098837586595
145120000,0.000118602042916507
145160000,0.000119584914141866
145200000,0.000120370359266744
145240000,0.000119424604333996
145280000,0.000122106820530194
145320000,0.000120788334141568
145360000,0.000120861284427194
145400000,0.000119787800956016
145440000,0.000119927515202213
145480000,0.00011916000672214
145520000,0.000122481287106545
145560000,0.000117651524650398
145600000,0.000120338624258657
145640000,0.000119011494311282
145680000,0.000118936472541718
145720000,0.000119883849956064
145760000,0.000119995208374814
145800000,0.00012026818358754
145840000,0.000120879244594868
145880000,0.00011962589387303
145920000,0.000118625619445074
145960000,0.000119628796852506
1.46e+08,0.000118333491896903
146040000,0.000118921932286004
146080000,0.000121910040735736
146120000,0.000119396170388439
146160000,0.00011768892906347
146200000,0.000118376765516637
146240000,0.000118587861910375
146280000,0.000121379881378496
146320000,0.000118345553371196
146360000,0.000119186007737291
146400000,0.000119903407480586
146440000,0.000119883962299119
146480000,0.000116948717289485
146520000,0.000118568507285067
146560000,0.000117415757408298
146600000,0.000120510290448657
146640000,0.000117200604369448
146680000,0.000119528405189837
146720000,0.00011674492549565
146760000,0.000118708065563896
146800000,0.000118207495509946
146840000,0.000120046571205005
146880000,0.000118654073415113
146920000,0.000118166294792274
146960000,0.000118687363772986
1.47e+08,0.000119878963078526
147040000,0.000117146514134477
147080000,0.000119284034330629
147120000,0.000119048453940736
147160000,0.000119162304005652
147200000,0.000117485880384758
147240000,0.000120126807890443
147280000,0.000117242797281276
147320000,0.000117062771028417
147360000,0.000118225975768042
147400000,0.000117484290158575
147440000,0.000118900108679153
147480000,0.000119050750399554
147520000,0.000117767829501933
147560000,0.000118510190707258
147600000,0.000118617379095148
147640000,0.000116971574689675
147680000,0.000118874918522443
147720000,0.000120587557970371
147760000,0.000117661869744262
147800000,0.000117724931080332
147840000,0.000117336777668293
147880000,0.000118762350157454
147920000,0.000117012440688597
147960000,0.000117258041806648
1.48e+08,0.000114623358220357
148040000,0.000120246930557235
148080000,0.000117111408676658
148120000,0.000118969564922208
148160000,0.000115505895434576
148200000,0.000120702340015028
148240000,0.0001177885187049
148280000,0.000118470204657975
148320000,0.00011838132573318
148360000,0.000117300232669415
148400000,0.000117006842471676
148440000,0.000117709640845743
148480000,0.000119658629747844
148520000,0.000119420192304526
148560000,0.000118865713607539
148600000,0.000118186681994522
148640000,0.000118568807706986
148680000,0.000119018872611208
148720000,0.000117827341370819
148760000,0.000120139847063309
148800000,0.000118797278912541
148840000,0.000119606632424496
148880000,0.000119197972082537
148920000,0.000119201870816682
148960000,0.000118348936460507
1.49e+08,0.00011674965574504
149040000,0.000116784991668138
149080000,0.000116299411118202
149120000,0.000116978227198648
149160000,0.000118600170784189
149200000,0.000120270580484468
149240000,0.000117975670617466
149280000,0.000118453075723281
149320000,0.000119293169103453
149360000,0.000117777169051838
149400000,0.000119337263370384
149440000,0.000117349688877047
149480000,0.00011969452317804
149520000,0.000119795487978
149560000,0.000117120040640723
149600000,0.000115993404125239
149640000,0.000116405099630873
149680000,0.000118040718537251
149720000,0.000119213456198874
149760000,0.000117683285037309
149800000,0.00011661719642137
149840000,0.000118113666941243
149880000,0.000116878572277072
149920000,0.000117205765662784
149960000,0.000119358719638648
1.5e+08,0.000116924557490113
150040000,0.00011851765314668
150080000,0.000117873442669046
150120000,0.000116785127763296
150160000,0.000117249080866551
150200000,0.000117447913083359
150240000,0.000114470005598694
150280000,0.000117737644057232
150320000,0.000119327295140669
150360000,0.00011647407281213
150400000,0.000116334088821735
150440000,0.000117281411807532
150480000,0.000116247772139272
150520000,0.000119185990218379
150560000,0.000118334191433468
150600000,0.000115953495926507
150640000,0.000115384723052553
150680000,0.000118661782129102
150720000,0.000118246305387678
150760000,0.000117442519042333
150800000,0.000116988852286722
150840000,0.000115823159769902
150880000,0.000116022661932156
150920000,0.000117164221279628
150960000,0.000115492214945483
1.51e+08,0.000116278676101219
151040000,0.000115452490018139
151080000,0.000115088892224129
151120000,0.000114941371881081
151160000,0.00011745718667922
151200000,0.000115950159782833
151240000,0.000117968033137486
151280000,0.000118392038456385
151320000,0.000119014130712797
151360000,0.000115740194466618
151400000,0.00011443745893966
151440000,0.000115630223965878
151480000,0.000115564724100383
151520000,0.0001167949553099
151560000,0.000115919041783906
151600000,0.000116304853534387
151640000,0.00011655720787024
151680000,0.000116698478667783
151720000,0.000115952851518885
151760000,0.000117094700647186
151800000,0.000116280228529072
151840000,0.000115606577738058
151880000,0.000116961641613731
151920000,0.000117520155393949
151960000,0.000117156712430327
1.52e+08,0.000114666425139837
152040000,0.000118803159868802
152080000,0.00011544475931745
152120000,0.000117751127959599
152160000,0.00011736872742499
152200000,0.000116293060308829
152240000,0.000114605759009455
152280000,0.000117172968746763
152320000,0.000117659190963383
152360000,0.0001157717579165
152400000,0.000118718797270709
152440000,0.000115834429545544
152480000,0.00011747541065811
152520000,0.000116819441782705
152560000,0.000115865401271994
152600000,0.000115528253201912
152640000,0.000115719753043813
152680000,0.000118636316247794
152720000,0.00011911676979314
152760000,0.000115572560002575
152800000,0.000116492623365513
152840000,0.000116349100029631
152880000,0.000115070428396348
152920000,0.000115246793983192
152960000,0.000116904373784544
1.53e+08,0.00011677734064831
153040000,0.000115077771251655
153080000,0.000118015688743125
153120000,0.000115978236385185
153160000,0.000116516446366315
153200000,0.000117346932072001
153240000,0.000116854460975111
153280000,0.000116386186988708
153320000,0.0001192606611285
153360000,0.00011594009690252
153400000,0.000116450242510314
153440000,0.00011877226745488
153480000,0.000117080110897711
153520000,0.000116862190739724
153560000,0.000118606091260694
153600000,0.000115419218575629
153640000,0.000117300833179854
153680000,0.000119645694244882
153720000,0.000119316648760426
153760000,0.000116546028126929
153800000,0.000117040709276398
153840000,0.000116895331808138
153880000,0.000116126413130895
153920000,0.000115900597914982
153960000,0.000118704180520777
1.54e+08,0.00011726538362894
154040000,0.000118317970598046
154080000,0.000115928001897991
154120000,0.000116368681646503
154160000,0.000117549664275025
154200000,0.000118230052975601
154240000,0.000118226294321527
154280000,0.000117317456711598
154320000,0.000115913355936405
154360000,0.000116260130362282
154400000,0.000118346210996133
154440000,0.000118208584942083
154480000,0.000118072257258205
154520000,0.000116952177247755
154560000,0.000114173505488263
154600000,0.000118174377472937
154640000,0.000117284090694746
154680000,0.000118485686260066
154720000,0.000117114477586447
154760000,0.000115290804169817
154800000,0.000117802460466038
154840000,0.000118145438532026
154880000,0.000117332790330724
154920000,0.000118195557707857
154960000,0.000116569538095297
1.55e+08,0.000115454329507316
155040000,0.000116390414203209
155080000,0.000115990984954788
155120000,0.000115567610691687
155160000,0.000118906629959733
155200000,0.000114905284033291
155240000,0.000116984026573709
155280000,0.000115806594676849
155320000,0.000115177637423279
155360000,0.000117102595659561
155400000,0.000117129905092282
155440000,0.000117212428928639
155480000,0.000114540738633379
155520000,0.000115583980551909
155560000,0.000117278155029522
155600000,0.000116714356736881
155640000,0.000116010443749316
155680000,0.000117296542152991
155720000,0.000115318791995799
155760000,0.000117217398965404
155800000,0.000116988085892172
155840000,0.000115648349024117
155880000,0.000117083256019658
155920000,0.000115054305790317
155960000,0.000116205806069228
1.56e+08,0.000116165709505842
156040000,0.000113567548860731
156080000,0.000119078138337283
156120000,0.000115114517333372
156160000,0.000116831762827839
156200000,0.000115966426760988
156240000,0.000117603340078092
156280000,0.000113639668014776
156320000,0.000118067241588686
156360000,0.000116439516353081
156400000,0.000117596453642349
156440000,0.000116303272873097
156480000,0.000114219699711037
156520000,0.000115815658182894
156560000,0.000116328432656058
156600000,0.000114952637334288
156640000,0.000114492938449558
156680000,0.000115481687194326
156720000,0.000115289931696625
156760000,0.000116679696239928
156800000,0.000117229615557448
156840000,0.000114759086056124
156880000,0.000115993844676608
156920000,0.000113046934366996
156960000,0.000117019419502121
1.57e+08,0.000114818762192259
157040000,0.000116128523891318
157080000,0.000116437397304642
157120000,0.000116800826376747
157160000,0.000115543500486038
157200000,0.000115376269349725
157240000,0.000116284130336275
157280000,0.000117168005448803
157320000,0.000115852525788906
157360000,0.000116427852415824
157400000,0.000115511351967285
157440000,0.000115608072284617
157480000,0.000115197121057592
157520000,0.000117566500371516
157560000,0.000114105828040196
157600000,0.000115529795051699
157640000,0.000116244916343209
157680000,0.000117882199409334
157720000,0.000115924612551358
157760000,0.000117070679782651
157800000,0.000117739141056541
157840000,0.000115272176645414
157880000,0.00011946829994694
157920000,0.000113251655819127
157960000,0.000115599630644108
1.58e+08,0.000118170066118825
158040000,0.000115307918345752
158080000,0.000114313382301269
158120000,0.000113826374833436
158160000,0.000115845189176262
158200000,0.000118004967734529
158240000,0.000117756350997042
158280000,0.000115128897251164
158320000,0.000117148005690262
158360000,0.000115655068324859
158400000,0.000114837225773012
158440000,0.000114904817928696
158480000,0.000114631952001556
158520000,0.000113664175189885
158560000,0.000114171175192603
158600000,0.000117213805534059
158640000,0.000118454032487047
158680000,0.000114474792491077
158720000,0.000115445710815766
158760000,0.000115249589546066
158800000,0.000117316735057198
158840000,0.000115686524416715
158880000,0.00011685264483929
158920000,0.000113911049744691
158960000,0.000113495538967998
1.59e+08,0.000115694392265865
159040000,0.000114713987826829
159080000,0.000112844022613355
159120000,0.000113220733743895
159160000,0.000115961621287717
159200000,0.000115357326619909
159240000,0.00011290883434537
159280000,0.000114910868297904
159320000,0.000113850345982382
159360000,0.000112313069446304
159400000,0.000116516400989125
159440000,0.000115877405289423
159480000,0.00011397851906984
159520000,0.000113248676305751
159560000,0.000114683806053103
159600000,0.000115476048529205
159640000,0.000115100920027902
159680000,0.00011415756958148
159720000,0.000115913582722457
159760000,0.000113669678315429
159800000,0.000114841557741139
159840000,0.000115887190037446
159880000,0.000116630501351742
159920000,0.000114884942626811
159960000,0.000114379146445559
1.6e+08,0.000115518038846646
160040000,0.000117035347788412
160080000,0.000116383066365792
160120000,0.000114953207358021
160160000,0.000115290741004908
160200000,0.000116049478681914
160240000,0.000114154220092764
160280000,0.000113408245708208
160320000,0.00011327761006417
160360000,0.000114596668315249
160400000,0.000115632035551059
160440000,0.000114923270524772
160480000,0.000112937538717309
160520000,0.000115120248502601
160560000,0.000115200994091014
160600000,0.00011477824082744
160640000,0.000112497466084874
160680000,0.000115779969486611
160720000,0.000113668364120637
160760000,0.000112507837380846
160800000,0.000114719905335451
160840000,0.000113059167731752
160880000,0.000114572892116152
160920000,0.000115733237511849
160960000,0.0001158543608063
1.61e+08,0.000114130625283482
161040000,0.000113676276400531
161080000,0.000114186403781688
161120000,0.000114628907946255
161160000,0.000114060966695974
161200000,0.000115982062683399
161240000,0.000116528874993831
161280000,0.000112476636801244
161320000,0.000115535225667918
161360000,0.00011250038087986
161400000,0.000113014457480089
161440000,0.000114601325825016
161480000,0.000112334762501903
161520000,0.000113396263982291
161560000,0.000112573064390724
161600000,0.000114307196533923
161640000,0.000114930492986378
161680000,0.000115266842679369
161720000,0.000115386103682364
161760000,0.000112139685079708
161800000,0.000114158168329739
161840000,0.000114992096756453
161880000,0.000114521955894074
161920000,0.000113158115546085
161960000,0.000114351039977118
1.62e+08,0.000115131304573943
162040000,0.000116253356063298
162080000,0.000116241241199061
162120000,0.000114651028707981
162160000,0.000113462752459237
162200000,0.000114739538759947
162240000,0.000113582507598819
162280000,0.000113653406323211
162320000,0.000114170850382312
162360000,0.000117797757144007
162400000,0.000112986278478635
162440000,0.000113176883099936
162480000,0.000115740757316731
162520000,0.000114388332255592
162560000,0.000112729561841952
162600000,0.000113705633683586
162640000,0.000112239351392618
162680000,0.000111672702461613
162720000,0.000115001781036232
162760000,0.000116274734420002
162800000,0.000114169984570484
162840000,0.000114658477317074
162880000,0.000114945923638554
162920000,0.000115188059847207
162960000,0.000114711529586336
1.63e+08,0.000114901112341467
163040000,0.000113240621376483
163080000,0.000113233746521344
163120000,0.00011131137953491
163160000,0.000115299165906912
163200000,0.000113967901562403
163240000,0.000114922992241502
163280000,0.000114868404088564
163320000,0.000115540399029298
163360000,0.00011367378975268
163400000,0.000110434042763622
163440000,0.000111812002039831
163480000,0.000113209364806188
163520000,0.000113071659773155
163560000,0.000116412034912706
163600000,0.000114276197727889
163640000,0.000113616550921218
163680000,0.000113309582113101
163720000,0.000116165041814416
163760000,0.000116137824431414
163800000,0.000114400020019118
163840000,0.000114663145354913
163880000,0.000114739153075372
163920000,0.000112989415573186
163960000,0.000111739902426077
1.64e+08,0.000114135752881611
164040000,0.000111207965422364
164080000,0.000114060408281493
164120000,0.000117662461604091
164160000,0.000112864626565035
164200000,0.000112690247990345
164240000,0.000113235207850671
164280000,0.00011355329944201
164320000,0.000114106685150586
164360000,0.000114201682817961
164400000,0.00011090114834443
164440000,0.000114763654827133
164480000,0.000115378225455386
164520000,0.000111996099916022
164560000,0.000113562254971226
164600000,0.000112470978194369
164640000,0.000114878632411387
164680000,0.000114999984818507
164720000,0.000114044238054247
164760000,0.000114607210964606
164800000,0.000113972233078532
164840000,0.000114625835276036
164880000,0.000113985308049027
164920000,0.000114979767588759
164960000,0.000113700888000252
1.65e+08,0.000113598499240403
165040000,0.000114935640859779
165080000,0.000113665660546637
165120000,0.000112200424546034
165160000,0.00011280200942322
165200000,0.000114007946207758
165240000,0.000113480421530101
165280000,0.000114558757965605
165320000,0.000114160763049474
165360000,0.000112495126050497
165400000,0.000115639017545716
165440000,0.000112772975720493
165480000,0.000115768594978895
165520000,0.000113441812618375
165560000,0.000114411925781463
165600000,0.000114635997888949
165640000,0.000113499027121196
165680000,0.00011555879288012
165720000,0.000115317594517815
165760000,0.000114676499975124
165800000,0.000116162249371248
165840000,0.000113325208144834
165880000,0.000113223433024951
165920000,0.000113797144833493
165960000,0.000113149447892159
1.66e+08,0.000112262064706993
166040000,0.000114076926217204
166080000,0.000113554024837365
166120000,0.000114677584690358
166160000,0.000114406871292074
166200000,0.000114463016209718
166240000,0.000117647337222239
166280000,0.000111281055980271
166320000,0.00011353281299595
166360000,0.000114306854699163
166400000,0.000115836313100487
166440000,0.000114337291588786
166480000,0.000114373199140201
166520000,0.000115977232355507
166560000,0.00011550457429851
166600000,0.000115166971510818
166640000,0.000114396621295277
166680000,0.000114727078899639
166720000,0.000116738273255338
166760000,0.000116245775490414
166800000,0.000113329504914922
166840000,0.000114433219321689
166880000,0.000113843619262957
166920000,0.000114191513258253
166960000,0.000116013207100206
1.67e+08,0.000113495859788332
167040000,0.000115967149315297
167080000,0.000113358889770886
167120000,0.000112892254206295
167160000,0.000117112680663316
167200000,0.000113383889850862
167240000,0.000115915653419447
167280000,0.000113129638389356
167320000,0.000114870875128087
167360000,0.000114997312131491
167400000,0.000116189137805003
167440000,0.000114958064267544
167480000,0.00011370656387673
167520000,0.000115757144162185
167560000,0.000115855144535309
167600000,0.00011526834668954
167640000,0.000115717737636609
167680000,0.000115943206762041
167720000,0.000115950355239949
167760000,0.000116203788056469
167800000,0.000117497948214564
167840000,0.000116796556691452
167880000,0.000115825167563686
167920000,0.000116952581244968
167960000,0.000114876343532065
1.68e+08,0.000114273128363323
168040000,0.000115461548292241
168080000,0.000116051855634291
168120000,0.000117112430431656
168160000,0.00011565843322758
168200000,0.000114659745464167
168240000,0.000116385409260715
168280000,0.00011358732258083
168320000,0.00011434011136922
168360000,0.000117763482616187
168400000,0.000116152788488759
168440000,0.000114947386873732
168480000,0.000113709943813994
168520000,0.000113380781124583
168560000,0.000112738216406192
168600000,0.000113804013636976
168640000,0.00011604800710157
168680000,0.000119609199787344
168720000,0.000116316238389427
168760000,0.000116688088690696
168800000,0.000116129019978342
168840000,0.000116608732169221
168880000,0.000116793500414606
168920000,0.000115730298517147
168960000,0.000115877696541528
1.69e+08,0.000114545829326478
169040000,0.000112984059610912
169080000,0.000115599167833159
169120000,0.00011519700713452
169160000,0.000116178915745823
169200000,0.000117718919280009
169240000,0.000115771841854307
169280000,0.000114623438369331
169320000,0.000114285653050573
169360000,0.000113311257964527
169400000,0.000116394028643574
169440000,0.000117517512233856
169480000,0.00011370233226057
169520000,0.000113413569484946
169560000,0.0001171052156398
169600000,0.000114254710510387
169640000,0.000116110955652887
169680000,0.000117095930737894
169720000,0.00011654845856197
169760000,0.000116485888641883
169800000,0.000116269434028766
169840000,0.000115358848493127
169880000,0.000114807039073026
169920000,0.000115262711947623
169960000,0.000114260031754204
1.7e+08,0.000113140924323717
170040000,0.000112509317887631
170080000,0.000112944303850514
170120000,0.000116114754459868
170160000,0.00011449582136217
170200000,0.000113547763392445
170240000,0.000116708134520726
170280000,0.000113983583127205
170320000,0.000116263381494411
170360000,0.000115269628750695
170400000,0.000116164419997106
170440000,0.000116208968860284
170480000,0.000114172080223479
170520000,0.000112566415452307
170560000,0.000112280695102515
170600000,0.000112115941252581
170640000,0.000115654054810901
170680000,0.000112479073636937
170720000,0.000116165208403571
170760000,0.000113506891164862
170800000,0.000112909173308317
170840000,0.000114036764069743
170880000,0.000114252997729326
170920000,0.000115015429324266
170960000,0.00011604684905532
1.71e+08,0.000112730738730474
171040000,0.000114241521182447
171080000,0.000113777308457589
171120000,0.000114400861418382
171160000,0.000115070203552833
171200000,0.000112323695600708
171240000,0.000114212649127533
171280000,0.000115029539098125
171320000,0.000113432093405065
171360000,0.000115186251773458
171400000,0.000114979437211297
171440000,0.000113227322982786
171480000,0.000113824354484275
171520000,0.00011466579263834
171560000,0.000113449626626634
171600000,0.000114866452781636
171640000,0.000110819257749234
171680000,0.000114454957585855
171720000,0.000112798874549151
171760000,0.000115597445661292
171800000,0.000115001353555321
171840000,0.000113659369525286
171880000,0.000113116437611553
171920000,0.000115390536207236
171960000,0.000115065122038654
1.72e+08,0.000113477303954776
172040000,0.000113975273851176
172080000,0.000112833393267427
172120000,0.000113613912556388
172160000,0.000112263462713025
172200000,0.00011587977645514
172240000,0.000114473489316201
172280000,0.000113135995210605
172320000,0.000114683192146091
172360000,0.000116806734591968
172400000,0.000113018060224788
172440000,0.000113591491594054
172480000,0.00011200567880847
172520000,0.000115260725279809
172560000,0.000114937969956631
172600000,0.000113240542851738
172640000,0.000114139964259681
172680000,0.000116527837486832
172720000,0.000112824709293054
172760000,0.000112304550933759
172800000,0.00011261114623789
172840000,0.000113487507831481
172880000,0.000114128805353237
172920000,0.000112717117912735
172960000,0.000111661070329053
1.73e+08,0.000113710451282171
173040000,0.000111028404732608
173080000,0.000111466017768277
173120000,0.000112334220827318
173160000,0.000111193126787207
173200000,0.000112334387924285
173240000,0.000112335275301302
173280000,0.000116586998692265
173320000,0.000111352349684079
173360000,0.000112539943594421
173400000,0.000113479810132599
173440000,0.000109926291222431
173480000,0.000113454058669286
173520000,0.000115782093222335
173560000,0.000111420878151697
173600000,0.000113695693571518
173640000,0.000114093600385864
173680000,0.00011347675527004
173720000,0.000112154074464678
173760000,0.000113816379636997
173800000,0.000111860621506791
173840000,0.000115138311207035
173880000,0.00011204014651547
173920000,0.000113392272881467
173960000,0.000115221799679051
1.74e+08,0.000114381009665209
174040000,0.000111218740814123
174080000,0.000114948595540342
174120000,0.000112226091491141
174160000,0.000112900603249323
174200000,0.000112913429672681
174240000,0.000112216339549298
174280000,0.000114228473547803
174320000,0.000113496831352513
174360000,0.000114800715670867
174400000,0.000115159648871718
174440000,0.000115384026355416
174480000,0.000112519768490167
174520000,0.000112679464805329
174560000,0.000112423084297173
174600000,0.000113185732745211
174640000,0.000112589449854145
174680000,0.000110790461489608
174720000,0.000115157197482062
174760000,0.000114243376264743
174800000,0.000113343710268913
174840000,0.000111786486615697
174880000,0.000113768963702152
174920000,0.000114012828926382
174960000,0.000115416547036082
1.75e+08,0.000118275646791641
175040000,0.000111701396205494
175080000,0.000114917496687863
175120000,0.000112793835351422
175160000,0.000114991572301567
175200000,0.000112278983076611
175240000,0.000113215946113212
175280000,0.000109829496511271
175320000,0.000112577234944583
175360000,0.00011063915094548
175400000,0.000112896678527037
175440000,0.000114516689257429
175480000,0.000112754052189788
175520000,0.000111869206696151
175560000,0.000111836065645894
175600000,0.000114421379148601
175640000,0.000113371963582484
175680000,0.000115015539281156
175720000,0.000115119172844869
175760000,0.00011259899176109
175800000,0.000113989266231991
175840000,0.000110555899102024
175880000,0.000114757982112881
175920000,0.00011441980473127
175960000,0.000113048336377652
1.76e+08,0.000112789351532716
176040000,0.000111549623237933
176080000,0.000112742030896411
176120000,0.000115962722053244
176160000,0.000114084535797962
176200000,0.000111770936755634
176240000,0.000111656234724256
176280000,0.000116397454955786
176320000,0.000114273883594357
176360000,0.000112640007248758
176400000,0.000112758126743266
176440000,0.000114609059712052
176480000,0.00011250314585942
176520000,0.000113806672724158
176560000,0.000113998047307283
176600000,0.000114476740433965
176640000,0.000113881372554788
176680000,0.000113847938269481
176720000,0.000113173944741701
176760000,0.000111735387624802
176800000,0.000112846598093868
176840000,0.000111918361057178
176880000,0.000112895691327349
176920000,0.000113519181995882
176960000,0.000112196443553598
1.77e+08,0.000112701088782765
177040000,0.000113131915343351
177080000,0.000113527835173488
177120000,0.000113821558806498
177160000,0.000117108006184012
177200000,0.000113150644212435
177240000,0.00011206337902376
177280000,0.0001132566525131
177320000,0.0001147540586143
177360000,0.000115907759833846
177400000,0.000115597495864058
177440000,0.000112866451074124
177480000,0.000111865006030759
177520000,0.000114578847092446
177560000,0.000114210671455868
177600000,0.0001101610909593
177640000,0.000111813112127284
177680000,0.000111659463605456
177720000,0.000115891915534639
177760000,0.000115871574698304
177800000,0.000113379739017448
177840000,0.000113597023160651
177880000,0.000115887420472173
177920000,0.0001144139981799
177960000,0.000113683440931991
1.78e+08,0.000111368505796652
178040000,0.000112726368529844
178080000,0.000111901378592606
178120000,0.000111890210264164
178160000,0.000113734933210744
178200000,0.000112212492430798
178240000,0.00011320324831878
178280000,0.000113505662335661
178320000,0.00011323583893806
178360000,0.000111146755106145
178400000,0.000110375159251843
178440000,0.000116997548329254
178480000,0.00011403127629237
178520000,0.000111292354833173
178560000,0.00011272940064815
178600000,0.000111858392379687
178640000,0.000113320548123419
178680000,0.000112587503981117
178720000,0.000116619243611405
178760000,0.000114031112578536
178800000,0.000111394347202201
178840000,0.000115161739872928
178880000,0.000112138536026912
178920000,0.000114986413114765
178960000,0.000114153221420133
1.79e+08,0.000111347287554038
179040000,0.000112796272356834
179080000,0.000112985284545739
179120000,0.000112649952549077
179160000,0.000110605974298935
179200000,0.000111933066112727
179240000,0.000115383431322557
179280000,0.000113085198786746
179320000,0.000113981241845249
179360000,0.00011621556959235
179400000,0.000113801286302386
179440000,0.000116627718515632
179480000,0.000114061815320802
179520000,0.000112567909914474
179560000,0.000113154479864847
179600000,0.000113841121865942
179640000,0.000117518995498648
179680000,0.000111748162316636
179720000,0.000115765448187029
179760000,0.000112942314017448
179800000,0.000114918219303048
179840000,0.000112753802138958
179880000,0.000116494533134738
179920000,0.000114640047576251
179960000,0.000116586283091755
1.8e+08,0.000118361023593092
180040000,0.000113732831618292
180080000,0.000114116282015012
180120000,0.000117062698293808
180160000,0.000113405433763405
180200000,0.000114427801349786
180240000,0.000113838112723115
180280000,0.000110378801390017
180320000,0.000113568329046534
180360000,0.000116070410866029
180400000,0.000113349395438748
180440000,0.000112725791533517
180480000,0.000113003675282525
180520000,0.000116486505308433
180560000,0.000113599745584735
180600000,0.000112729396117709
180640000,0.000113839308045398
180680000,0.000111869834742367
180720000,0.000109317207126274
180760000,0.000110531957865305
180800000,0.000109972851267767
180840000,0.000114030697353334
180880000,0.000110526901889603
180920000,0.000113054176182423
180960000,0.000109552406853196
1.81e+08,0.000109587644608924
181040000,0.000109719790634537
181080000,0.000113992484521171
181120000,0.000111862203671062
181160000,0.000111026943011755
181200000,0.000111758744879579
181240000,0.000110312139190236
181280000,0.000107907962017371
181320000,0.000110826934641519
181360000,0.000114381260644452
181400000,0.000111475790576809
181440000,0.000115144546510618
181480000,0.000109028519439225
181520000,0.000110322449402925
181560000,0.000111736899508574
181600000,0.000108781283054559
181640000,0.000111935977664006
181680000,0.000115686935425388
181720000,0.000110708867959767
181760000,0.000109531759859419
181800000,0.000108858294646469
181840000,0.000112898490723241
181880000,0.000110733103267984
181920000,0.000111650768345768
181960000,0.000110598376151983
1.82e+08,0.00011633908096908
182040000,0.00010974350601326
182080000,0.000108547907862447
182120000,0.000109754457743728
182160000,0.000109936110795887
182200000,0.000110871326246953
182240000,0.000111910564818904
182280000,0.000110324871624148
182320000,0.000112588486461453
182360000,0.000111387103674629
182400000,0.000110597807184248
182440000,0.000109838355492539
182480000,0.000110466532056867
182520000,0.000111990344176096
182560000,0.000108793833086747
182600000,0.00011335201626803
182640000,0.000108456771390412
182680000,0.000112555019997024
182720000,0.000108339056044976
182760000,0.000110050211733894
182800000,0.00011123416397097
182840000,0.00010968181653164
182880000,0.000109160520897928
182920000,0.00010954515614845
182960000,0.000106477321481892
1.83e+08,0.000109755101292357
183040000,0.000110189797829472
183080000,0.000110873027876534
183120000,0.000108091713726855
183160000,0.000111454921259606
183200000,0.000110226551012033
183240000,0.000110993831225566
183280000,0.000111447507061363
183320000,0.000109552691642639
183360000,0.000110247854282277
183400000,0.000110008096101996
183440000,0.000110863868725582
183480000,0.000110211297189711
183520000,0.000111639365278202
183560000,0.000109912586593101
183600000,0.000110159372221913
183640000,0.000112244647466195
183680000,0.000110118515822121
183720000,0.000111876465226317
183760000,0.000113318072533736
183800000,0.000108977682139371
183840000,0.000109325076441225
183880000,0.00010742796651121
183920000,0.000110109166457849
183960000,0.000112477566278382
1.84e+08,0.000112108877358796
184040000,0.00010902721616311
184080000,0.000109907979430789
184120000,0.00010943384532603
184160000,0.000109257881967238
184200000,0.000111226455160281
184240000,0.000113227345438148
184280000,0.00010909626949858
184320000,0.000110430813276434
184360000,0.000111320784189185
184400000,0.000112275920402903
184440000,0.000111568075866829
184480000,0.000109620266824229
184520000,0.000111894299945687
184560000,0.000111932268695634
184600000,0.000112450095767184
184640000,0.000111047302831518
184680000,0.000111477720046899
184720000,0.000113511658997958
184760000,0.000114636295209787
184800000,0.000111829869934046
184840000,0.000110164229889538
184880000,0.000114208089243114
184920000,0.000110382015247726
184960000,0.000113597104458869
1.85e+08,0.000114042384955884
185040000,0.000110015280352009
185080000,0.000112083763961108
185120000,0.000112398491376418
185160000,0.000111523226223394
185200000,0.000111510269920107
185240000,0.000107625460726378
185280000,0.000112951459849052
185320000,0.000112965297965975
185360000,0.000109806695629073
185400000,0.000107874348766853
185440000,0.000109576780487083
185480000,0.000110686612766393
185520000,0.000113225512198595
185560000,0.000111300682188531
185600000,0.000111202776364463
185640000,0.000108592819870249
185680000,0.000111801464795379
185720000,0.000110838508686999
185760000,0.000109221862976206
185800000,0.000110372156270759
185840000,0.000110741856286816
185880000,0.000109283249221614
185920000,0.000113009974857394
185960000,0.000110242220162015
1.86e+08,0.000110352847868725
186040000,0.000111248570988938
186080000,0.000108340663132545
186120000,0.000107990146943436
186160000,0.000111146538649222
186200000,0.000108182424807551
186240000,0.000114041803501835
186280000,0.000107597710684186
186320000,0.00011199854170957
186360000,0.000110125515564732
186400000,0.000110715704338223
186440000,0.000107553789548881
186480000,0.000110916798905219
186520000,0.000105984051112221
186560000,0.000114738447649839
186600000,0.000108377210543218
186640000,0.000107951146103981
186680000,0.000109391052752273
186720000,0.00010606488735145
186760000,0.000110145018192108
186800000,0.000108230413491145
186840000,0.000111412237337983
186880000,0.000108140884723636
186920000,0.000112294791901759
186960000,0.000109971986215861
1.87e+08,0.000110059724060468
187040000,0.000109530031984121
187080000,0.000107529376036458
187120000,0.000108534291252262
187160000,0.000110318857400114
187200000,0.000110482112250988
187240000,0.000109368919360027
187280000,0.000109251686320332
187320000,0.000109567233624735
187360000,0.000107952045343831
187400000,0.000110614687348096
187440000,0.000108837526837776
187480000,0.000110566401531417
187520000,0.000109712095052534
187560000,0.000108363279062464
187600000,0.000110848730703076
187640000,0.000109648292837296
187680000,0.000111517057158091
187720000,0.000110867738923271
187760000,0.000104883202514168
187800000,0.000108641674012056
187840000,0.000111145078027161
187880000,0.000109879084951628
187920000,0.000111163355868925
187960000,0.000108632571335804
1.88e+08,0.000108063903587905
188040000,0.000107137953643924
188080000,0.000110654928639808
188120000,0.000109625915041412
188160000,0.000109116605453274
188200000,0.000111128646809667
188240000,0.000111675567772693
188280000,0.000113072605259893
188320000,0.000110414893538182
188360000,0.000110076938055189
188400000,0.000112435239879417
188440000,0.000110568647523943
188480000,0.000108897029595753
188520000,0.000107530806746332
188560000,0.000110055275248234
188600000,0.000107927402262951
188640000,0.000107703272822097
188680000,0.000112514532092432
188720000,0.000111345747458836
188760000,0.000108781850931388
188800000,0.000109097424941048
188840000,0.000111928705765935
188880000,0.000111137060729039
188920000,0.000110643321879807
188960000,0.000107505752518984
1.89e+08,0.000110685150170013
189040000,0.000110974225087501
189080000,0.000110590778637381
189120000,0.000108400178469575
189160000,0.000109471127068318
189200000,0.000108037513405344
189240000,0.000112647166547165
189280000,0.000111833408520629
189320000,0.000109692508647402
189360000,0.000108930550333894
189400000,0.000107223619403489
189440000,0.000110210858919189
189480000,0.000111552951588367
189520000,0.000110784626000566
189560000,0.000106138570680137
189600000,0.00011335956092319
189640000,0.000108091126363525
189680000,0.000108472049280932
189720000,0.000111311144189165
189760000,0.000110404137895611
189800000,0.000111369750943562
189840000,0.000109240945907165
189880000,0.000109376249645241
189920000,0.000110936266150673
189960000,0.00011066072149186
1.9e+08,0.000110542502612127
190040000,0.000111677993250054
190080000,0.000113007534280317
190120000,0.000109072802670812
190160000,0.00010834705483988
190200000,0.000106004695003056
190240000,0.000112511130030492
190280000,0.000112192254377148
190320000,0.000109745100757238
190360000,0.000111942212826437
190400000,0.00011102238871243
190440000,0.000112720687542113
190480000,0.000109859589737669
190520000,0.000106636569737737
190560000,0.000110770358867098
190600000,0.000110137793802138
190640000,0.000110024195332649
190680000,0.000113498092838384
190720000,0.000112255007428618
190760000,0.000108769582845332
190800000,0.000108612175336201
190840000,0.000113741131970728
190880000,0.00010874340941645
190920000,0.000112164146701519
190960000,0.000128254585048166
1.91e+08,0.000167759292432793
191040000,0.000107789408589535
191080000,0.000109258195622521
191120000,0.000107411809434873
191160000,0.000113069627012454
191200000,0.000107981737068156
191240000,0.00010813924557414
191280000,0.000109513301500119
191320000,0.000108888876517634
191360000,0.000113564952615156
191400000,0.000107031220341143
191440000,0.00010949086640419
191480000,0.000108661034073529
191520000,0.000107937619846183
191560000,0.000107319516563024
191600000,0.000111964213273057
191640000,0.000109019484274238
191680000,0.000111163920605574
191720000,0.000113349682536644
191760000,0.000107454153889659
191800000,0.000110187469695906
191840000,0.00010777131484635
191880000,0.000108221754546077
191920000,0.000111800009016936
191960000,0.000111367153304155
1.92e+08,0.000107901411960266
192040000,0.000108687569584252
192080000,0.000107973850833023
192120000,0.000107253836563517
192160000,0.000110333456339244
192200000,0.000106035806409566
192240000,0.000108738248846212
192280000,0.000111428410051743
192320000,0.000106559846726511
192360000,0.000109707325356587
192400000,0.000107435033974679
192440000,0.000109702266910159
192480000,0.000108669104911022
192520000,0.000109165933494792
192560000,0.000110548251137277
192600000,0.00010885158542675
192640000,0.000109646907612101
192680000,0.000107916770371404
192720000,0.000111100969054185
192760000,0.000111243612282967
192800000,0.000112032584197679
192840000,0.000109731309430458
192880000,0.000106988430586693
192920000,0.000109756407660073
192960000,0.000107611259868004
1.93e+08,0.000110589186350266
193040000,0.000106655931588128
193080000,0.000107073117254725
193120000,0.000105839836393347
193160000,0.000105835987599075
193200000,0.000109498436945856
193240000,0.000109325651806009
193280000,0.000106414922786466
193320000,0.000103877658489203
193360000,0.000108118715063945
193400000,0.000107942317952489
193440000,0.000110469811171614
193480000,0.00010842144301395
193520000,0.000110199782714363
193560000,0.000110925951798567
193600000,0.000108091885072154
193640000,0.000110217439376073
193680000,0.00011064433105084
193720000,0.000110954081998616
193760000,0.000111244631761282
193800000,0.000107851914438131
193840000,0.000105751442676702
193880000,0.000109332932530223
193920000,0.000105415774439805
193960000,0.000106154497276747
1.94e+08,0.000108252051548361
194040000,0.000107758513064121
194080000,0.000107933164414438
194120000,0.000108898570954565
194160000,0.00010813950295917
194200000,0.000106644404391686
194240000,0.000108637770226463
194280000,0.000111786221895794
194320000,0.000110071795734448
194360000,0.000109747893843691
194400000,0.000108531259704455
194440000,0.000109090011166798
194480000,0.000109058467205532
194520000,0.000108392152184003
194560000,0.000109487810076442
194600000,0.000108735601074019
194640000,0.000107361557766579
194680000,0.00011101619595428
194720000,0.000112223943138367
194760000,0.000109402345699939
194800000,0.000113777066174717
194840000,0.000109441615087818
194880000,0.000112315742497318
194920000,0.00011196047577593
194960000,0.000108576138460607
1.95e+08,0.000109946922863373
195040000,0.000105990718063819
195080000,0.000106610460098875
195120000,0.000108675751087208
195160000,0.000108701615320168
195200000,0.000110544824450287
195240000,0.000109193596592229
195280000,0.000110665530234634
195320000,0.000110499273206482
195360000,0.000111505875586849
195400000,0.000107982167659699
195440000,0.000105466239030174
195480000,0.000109808347659998
195520000,0.000107419810590336
195560000,0.000106845515428968
195600000,0.000110580351241582
195640000,0.00010744268851591
195680000,0.000109180388986966
195720000,0.000108541170781154
195760000,0.000107353551796487
195800000,0.000107102331731502
195840000,0.000108600158259846
195880000,0.000109095252377685
195920000,0.000108733540613458
195960000,0.000104851709950794
1.96e+08,0.00010714462748238
196040000,0.000110483327211789
196080000,0.000106901477162843
196120000,0.000103680723420773
196160000,0.000110112815847913
196200000,0.000110559338920116
196240000,0.000107417552562154
196280000,0.000110363709501528
196320000,0.000106961140888699
196360000,0.000106374505215265
196400000,0.000109604414519811
196440000,0.000108542465266877
196480000,0.000103457241916463
196520000,0.000112210634219057
196560000,0.000105705574607323
196600000,0.000106403900956747
196640000,0.000109519954681507
196680000,0.00010961227445294
196720000,0.000106251866926868
196760000,0.000109372092183929
196800000,0.000110595146628419
196840000,0.00010846388211935
196880000,0.000108550583488165
196920000,0.000106453509819949
196960000,0.000105519234564189
1.97e+08,0.000107929339976528
197040000,0.00010800109617636
197080000,0.000107783901694645
197120000,0.000108198557090962
197160000,0.000108690948321391
197200000,0.000107812780482515
197240000,0.000107694683675465
197280000,0.000109292017256998
197320000,0.000109317675229662
197360000,0.000106738611859565
197400000,0.000108350426499683
197440000,0.00011015821838856
197480000,0.000110196271230732
197520000,0.00010951297858474
197560000,0.000109584004669222
197600000,0.000109222578274881
197640000,0.000108683189435489
197680000,0.000110070040627131
197720000,0.000108939520751687
197760000,0.000110244085061091
197800000,0.000108522459118297
197840000,0.000111801299052036
197880000,0.000110725393283713
197920000,0.000109323621732628
197960000,0.000107760842210931
1.98e+08,0.000107841867325486
198040000,0.000107026451862006
198080000,0.000104993289552002
198120000,0.00010809753046493
198160000,0.00011245085101691
198200000,0.000109470683779803
198240000,0.000111577526251143
198280000,0.000109847923776227
198320000,0.000106817986953064
198360000,0.000107881140646188
198400000,0.000112898250288823
198440000,0.000110476705191826
198480000,0.000110051809656662
198520000,0.000110083996822121
198560000,0.00011547372873885
198600000,0.000107533490110152
198640000,0.000105338689135939
198680000,0.000110730737613818
198720000,0.000110199341237141
198760000,0.00010807489338877
198800000,0.000110285266683387
198840000,0.000109136303325286
198880000,0.000108615669784167
198920000,0.000106705663035937
198960000,0.000108497327513019
1.99e+08,0.000104715184425137
199040000,0.000105743145392503
199080000,0.000110936520087418
199120000,0.000109669108077253
199160000,0.000110878506828482
199200000,0.000109901496543307
199240000,0.000112200427802447
199280000,0.00010865329886619
199320000,0.000107546781689794
199360000,0.000111507424427695
199400000,0.000107485870498771
199440000,0.000108437583402199
199480000,0.000112139927925943
199520000,0.00010710519312874
199560000,0.000107663317700386
199600000,0.000109498632554954
199640000,0.0001105370275932
199680000,0.000109806742580136
199720000,0.000109515528188718
199760000,0.000105915397237437
199800000,0.000111169736512331
199840000,0.000107169822563623
199880000,0.000109354403364298
199920000,0.000106909530133171
199960000,0.00010915175831575
2e+08,0.000107768566219348
200040000,0.000110012079759374
200080000,0.000108041206813098
200120000,0.000111306338924871
200160000,0.000107434377798482
200200000,0.000106797839705762
200240000,0.000106972927560766
200280000,0.000107264184640215
200320000,0.000108629778605207
200360000,0.000109836614614633
200400000,0.000106469846123556
200440000,0.000108304259603897
200480000,0.000110851113557355
200520000,0.000106729382587655
200560000,0.000108869161605367
200600000,0.000108918644458938
200640000,0.000109754084104308
200680000,0.000104860541072578
200720000,0.000107439734600278
200760000,0.000108289299059568
200800000,0.000106253080394293
200840000,0.000106560326398805
200880000,0.000106105380667541
200920000,0.000107204848703775
200960000,0.000113737949810398
2.01e+08,0.000107565687842366
201040000,0.000105532214953452
201080000,0.00010611953006126
201120000,0.000108498386342496
201160000,0.00010902272313026
201200000,0.00010793581593512
201240000,0.000108285458434035
201280000,0.000106250581784518
201320000,0.00011028897898316
201360000,0.000106439884486783
201400000,0.000103836274273174
201440000,0.000109966190951924
201480000,0.00010893157540591
201520000,0.000105219499286078
201560000,0.000109910219130166
201600000,0.000107124898547081
201640000,0.000107766717219747
201680000,0.000107068540196166
201720000,0.00011104651904068
201760000,0.000108408537570296
201800000,0.000107949607005471
201840000,0.000107773178449384
201880000,0.000109534736191339
201920000,0.000108805923436053
201960000,0.000108797311147308
2.02e+08,0.000107265298011187
202040000,0.000107490637259362
202080000,0.000111328969258524
202120000,0.00010657475336689
202160000,0.000112425708377036
202200000,0.000104749332197232
202240000,0.000106196129327449
202280000,0.000107485083856392
202320000,0.000106133942576266
202360000,0.000107736293068113
202400000,0.000107440946868358
202440000,0.000108213760902795
202480000,0.000106206090776961
202520000,0.000102941675110246
202560000,0.000102318668106542
202600000,0.000108058585294079
202640000,0.000107591030034659
202680000,0.000104530130244572
202720000,0.000106456663718879
202760000,0.000107564203111445
202800000,0.000107772688219825
202840000,0.000109118643261056
202880000,0.000106954867274903
202920000,0.000110189519349473
202960000,0.000108381103055014
2.03e+08,0.000108646009986527
203040000,0.000108614512562106
203080000,0.00010877892700269
203120000,0.00010829334913699
203160000,0.000109965994333972
203200000,0.000108340606393568
203240000,0.000105675690076833
203280000,0.000108322281628346
203320000,0.000109198638886572
203360000,0.000109913415701734
203400000,0.000109045985278922
203440000,0.000107808182257963
203480000,0.00010696635839725
203520000,0.00010819048454271
203560000,0.000107630977844604
203600000,0.00011049142312981
203640000,0.000104734321879293
203680000,0.000110634768311448
203720000,0.000109636234282201
203760000,0.000112295635243652
203800000,0.000106016309353214
203840000,0.00010922590040398
203880000,0.000106014587922988
203920000,0.000110145962550634
203960000,0.000109519175308285
2.04e+08,0.000108825831391635
204040000,0.0001072032884052
204080000,0.000108766621057754
204120000,0.000113436972342396
204160000,0.000108955434981674
204200000,0.000105556184888362
204240000,0.000107617442265579
204280000,0.00010577988168784
204320000,0.000105005251534543
204360000,0.000106974934251939
204400000,0.000114726453075939
204440000,0.000109055416217284
204480000,0.000112205060264736
204520000,0.000107480209958511
204560000,0.000107293433755081
204600000,0.00010911811278185
204640000,0.000110324366815591
204680000,0.000108068764341735
204720000,0.000112622046303516
204760000,0.000115260118162093
204800000,0.00010742024408547
204840000,0.000111840201591248
204880000,0.000107118540348323
204920000,0.000112398913204624
204960000,0.000107168788929166
2.05e+08,0.000105979507171393
205040000,0.000106993322131809
205080000,0.000107833433424209
205120000,0.000109093083968535
205160000,0.000110402184350887
205200000,0.000107362801905864
205240000,0.000106235743515494
205280000,0.00011351143528524
205320000,0.000111083943278943
205360000,0.000110569509785552
205400000,0.000107697347400329
205440000,0.0001137998432902
205480000,0.000114852314118122
205520000,0.000111739254199391
205560000,0.000110457751694854
205600000,0.00010722951088062
205640000,0.000109027516613367
205680000,0.000108147738426213
205720000,0.00010834096781351
205760000,0.000106131959134397
205800000,0.000110487370667513
205840000,0.000114856223409196
205880000,0.000110758694221042
205920000,0.000110756758605373
205960000,0.00011088251709199
2.06e+08,0.000110981431294417
206040000,0.000110855405069276
206080000,0.000106012482531693
206120000,0.000108180437152936
206160000,0.000109449238633724
206200000,0.000111920681361146
206240000,0.000112138321799081
206280000,0.000111983847545429
206320000,0.000112800040068551
206360000,0.000114968202456549
206400000,0.000113850002839846
206440000,0.000109543372011287
206480000,0.000110573506040226
206520000,0.000115656778466656
206560000,0.000110051112805056
206600000,0.000106807915831794
206640000,0.000109351927921801
206680000,0.000106533653916172
206720000,0.000109344077543884
206760000,0.000108377125070742
206800000,0.000109992604043264
206840000,0.000110142485552362
206880000,0.000108766452172111
206920000,0.000116183111438754
206960000,0.000109159573570613
2.07e+08,0.000111896438209798
207040000,0.00011069823551852
207080000,0.000111319533118069
207120000,0.00011153823761669
207160000,0.00011638596042738
207200000,0.000105660587696069
207240000,0.000111852933069548
207280000,0.000111457436376635
207320000,0.000108683458802689
207360000,0.000115544283614014
207400000,0.000112509715716444
207440000,0.000107747864784265
207480000,0.000106961327318684
207520000,0.000109702972386646
207560000,0.000109414492202615
207600000,0.000112255174480204
207640000,0.000114348375812
207680000,0.000110745688860197
207720000,0.000111082961390299
207760000,0.000110003672485283
207800000,0.000111578229216214
207840000,0.000112863178872151
207880000,0.000111550244924203
207920000,0.000112346855710688
207960000,0.000112496193609102
2.08e+08,0.000109129924766323
208040000,0.000113113610256969
208080000,0.000114662760453242
208120000,0.000109578784664307
208160000,0.000111115479913264
208200000,0.000109563026958165
208240000,0.000109702165351501
208280000,0.000110588079456868
208320000,0.000112026341397239
208360000,0.000108192340455064
208400000,0.000111220753163211
208440000,0.000112095617030961
208480000,0.000114206486514155
208520000,0.000110517052689902
208560000,0.00011340318197154
208600000,0.000108112639456497
208640000,0.000110674980919602
208680000,0.00010865251012284
208720000,0.000108005764817625
208760000,0.00010385397854352
208800000,0.000112670513061283
208840000,0.000109450781186449
208880000,0.000112710400552922
208920000,0.000106556023737768
208960000,0.000109786957491834
2.09e+08,0.000107600032054897
209040000,0.000108783357349196
209080000,0.000108380668519981
209120000,0.000111951656102558
209160000,0.000109817164280857
209200000,0.000108528205207012
209240000,0.000111115879466192
209280000,0.000109948054578196
209320000,0.000105616667523872
209360000,0.000111560299062707
209400000,0.000109986789048047
209440000,0.000112946668917992
209480000,0.000111979911306008
209520000,0.000110667535184801
209560000,0.000110133264415253
209600000,0.000113239981364808
209640000,0.000111578375445845
209680000,0.00011009183635701
209720000,0.000111199413691023
209760000,0.000112952240929282
209800000,0.000109590141543131
209840000,0.000111042704700294
209880000,0.000112639634299452
209920000,0.000107557656178326
209960000,0.000109038976183917
2.1e+08,0.000109569688642231
210040000,0.000109440528823781
210080000,0.000109613524503766
210120000,0.000112157896195386
210160000,0.000107034146576303
210200000,0.000112429034649832
210240000,0.000111858714806412
210280000,0.000111343813499008
210320000,0.000104508548058527
210360000,0.000108356844043384
210400000,0.000109522219755874
210440000,0.000108995344823366
210480000,0.000109654631505371
210520000,0.000112303926877033
210560000,0.000108954285579343
210600000,0.000109436672377657
210640000,0.000110473822900786
210680000,0.000109014687527356
210720000,0.00010888955491766
210760000,0.000108178571328226
210800000,0.000104717455921554
210840000,0.000107125437148309
210880000,0.00010886294837208
210920000,0.000113186621457304
210960000,0.000105546534735952
2.11e+08,0.000104601842478638
211040000,0.000111770880630755
211080000,0.000112195619436573
211120000,0.000110257902833683
211160000,0.000108374430074709
211200000,0.00010586186712843
211240000,0.000114472044713241
211280000,0.000111390338479729
211320000,0.000106056525814069
211360000,0.000112697822874174
211400000,0.000109575202411425
211440000,0.000112314359185466
211480000,0.000115657360260636
211520000,0.000110006683911211
211560000,0.00011050657168587
211600000,0.000111197875930317
211640000,0.000111365490334435
211680000,0.000105196494930132
211720000,0.000109124847492312
211760000,0.000114674066446763
211800000,0.000109503376373718
211840000,0.00010914245160891
211880000,0.000109609699287395
211920000,0.000111275034068769
211960000,0.000110099311189104
2.12e+08,0.000113223191326856
212040000,0.000108929698186143
212080000,0.000109713567930065
212120000,0.000109542161481276
212160000,0.000107951827958422
212200000,0.000113841501287961
212240000,0.000113084380349809
212280000,0.000108289176293867
212320000,0.000118864569802054
212360000,0.000108707280760033
212400000,0.000115903717264747
212440000,0.000108128428158039
212480000,0.000116378069213695
212520000,0.000111970939484148
212560000,0.000109439796976168
212600000,0.000111682669097092
212640000,0.000109347344585912
212680000,0.000117435007870541
212720000,0.000115083545377913
212760000,0.000109860659834874
212800000,0.000108430614751325
212840000,0.000111816142592207
212880000,0.000109643275297588
212920000,0.000110237535236315
212960000,0.000113608321223294
2.13e+08,0.000114601934851476
213040000,0.000109818597355006
213080000,0.00011596223089784
213120000,0.000112423408799972
213160000,0.000111769009081632
213200000,0.00011093242237683
213240000,0.000109959788370934
213280000,0.000112029015680821
213320000,0.000115795148472019
213360000,0.000108102501645399
213400000,0.000105414619852358
213440000,0.000107573922886668
213480000,0.000112811127321577
213520000,0.000109865990466387
213560000,0.000112896951257496
213600000,0.000110383235034324
213640000,0.000110122827641097
213680000,0.000105907411203513
213720000,0.000113400093537062
213760000,0.00011469454661159
213800000,0.000115907428850742
213840000,0.000112175252910441
213880000,0.000109340198016469
213920000,0.000116194584188565
213960000,0.000115059177722084
2.14e+08,0.000116105299489734
214040000,0.000111907894977216
214080000,0.000115643314619141
214120000,0.000116817120882376
214160000,0.000114892017846049
214200000,0.000114036452674805
214240000,0.000114595302280614
214280000,0.000114255327176098
214320000,0.000119483652300908
214360000,0.00011495407863127
214400000,0.000113020366085424
214440000,0.00011374466820483
214480000,0.000110068666448169
214520000,0.00011618106553311
214560000,0.000105581463352384
214600000,0.000111143266063859
214640000,0.000106572587812193
214680000,0.000115117210151741
214720000,0.000116098614800625
214760000,0.000116898425394612
214800000,0.000112956040542596
214840000,0.000117476475040299
214880000,0.000118343784005877
214920000,0.000115358118295497
214960000,0.000114852562472539
2.15e+08,0.000115123413393169
215040000,0.000116134184093656
215080000,0.000113130894608199
215120000,0.000113362747001556
215160000,0.000113563320981912
215200000,0.000119217294601267
215240000,0.000112528866214979
215280000,0.000112994934773506
215320000,0.000106310780418325
215360000,0.000114176598120311
215400000,0.000108717881744807
215440000,0.000111507997206754
215480000,0.000107936939029093
215520000,0.000115238318789307
215560000,0.000111271983628383
215600000,0.000118612024950854
215640000,0.000111521467502964
215680000,0.000118623635366421
215720000,0.000113181923992103
215760000,0.000110497886019917
215800000,0.00011407425414253
215840000,0.000110037596898442
215880000,0.00011730001413877
215920000,0.000113981789319156
215960000,0.000110545571908038
2.16e+08,0.000108523407567612
216040000,0.000117263464999618
216080000,0.000116287302726035
216120000,0.000113174925479775
216160000,0.000110590241134367
216200000,0.000114282647997293
216240000,0.000113838552992541
216280000,0.000117377902296031
216320000,0.000115998350382746
216360000,0.000109606937113648
216400000,0.00011022512001785
216440000,0.000112786729600176
216480000,0.000113149215663245
216520000,0.000110923966527693
216560000,0.000109654955001365
216600000,0.000108243290175967
216640000,0.000108885104615387
216680000,0.000108557239393695
216720000,0.000112723213495476
216760000,0.000115980593611464
216800000,0.000108961560570839
216840000,0.00010980798061209
216880000,0.000106496516435966
216920000,0.000112396556650267
216960000,0.00011300825085739
2.17e+08,0.000106583254250115
217040000,0.000114831542943175
217080000,0.000118516125486049
217120000,0.000114891470000878
217160000,0.000110576747402408
217200000,0.000113222779154804
217240000,0.000116180229830163
217280000,0.00011452992655522
217320000,0.000113931620808048
217360000,0.0001139047042457
217400000,0.000113886092075474
217440000,0.00011190025287861
217480000,0.000111122479562303
217520000,0.000115587984117926
217560000,0.000116950463360767
217600000,0.000111440293533703
217640000,0.00011964597755876
217680000,0.000116727686171707
217720000,0.000128656579767977
217760000,0.000123591094398227
217800000,0.00015188732509566
217840000,0.000230059520402388
217880000,0.000149119471734711
217920000,0.000136000926443648
217960000,0.000137070139407808
2.18e+08,0.000127361630891116
218040000,0.000125600052861376
218080000,0.000119063332569213
218120000,0.000119996269079444
218160000,0.000118537637372218
218200000,0.000114476960690749
218240000,0.000115310330836436
218280000,0.000108978338934876
218320000,0.000111296574621901
218360000,0.000111220300334763
218400000,0.000114292239206418
218440000,0.000104942070664401
218480000,0.000113230183451758
218520000,0.000114621594319852
218560000,0.000115031921384705
218600000,0.000114055951354208
218640000,0.000111167859138634
218680000,0.000106774215426169
218720000,0.000111214056200884
218760000,0.000112548929758435
218800000,0.00011014379507799
218840000,0.000111844471044854
218880000,0.000117234085936112
218920000,0.000110587226149654
218960000,0.000108803893872596
2.19e+08,0.000111566372981695
219040000,0.000111774623051425
219080000,0.000111993744406117
219120000,0.000111633702261749
219160000,0.00011221399299824
219200000,0.000108898437388787
219240000,0.000108205683567638
219280000,0.000116795729478907
219320000,0.000109513586242676
219360000,0.000115009353547527
219400000,0.00011240126079979
219440000,0.000114111221101583
219480000,0.000107540945224783
219520000,0.000110739451690145
219560000,0.00011405718696914
219600000,0.000113183380763193
219640000,0.000111377728774393
219680000,0.000110588546411917
219720000,0.00011960598789043
219760000,0.000106435407650408
219800000,0.000108722366146592
219840000,0.000111614793148873
219880000,0.000107554087130335
219920000,0.000109172139514936
219960000,0.000113508398550508
2.2e+08,0.000108397521939322
220040000,0.000108234310894169
220080000,0.000111317889904257
220120000,0.000112067082907919
220160000,0.000108887789619204
220200000,0.000107917251013326
220240000,0.000110833671816829
220280000,0.000111629017533425
220320000,0.000110232749913875
220360000,0.00011513773524635
220400000,0.000107992026697033
220440000,0.000114729043636524
220480000,0.000106088370770484
220520000,0.000108053300813229
220560000,0.000109859146759476
220600000,0.000109579309087611
220640000,0.000107985026795117
220680000,0.000110905379642689
220720000,0.000110514194225056
220760000,0.000103369229783502
220800000,0.00010889067400425
220840000,0.000112830998382313
220880000,0.000116760596247107
220920000,0.000114578028370681
220960000,0.000108030135115788
2.21e+08,0.000113725941073311
221040000,0.000109533414340639
221080000,0.000108196041683539
221120000,0.000112045061641831
221160000,0.000112479930761046
221200000,0.00010703365392509
221240000,0.000109872377167497
221280000,0.000111037293013276
221320000,0.000107926810172497
221360000,0.000113643984736389
221400000,0.000107491940374696
221440000,0.00011317962410637
221480000,0.000114288017343977
221520000,0.00012046743816822
221560000,0.00011225224297777
221600000,0.000106194381873516
221640000,0.000107644268409703
221680000,0.000112696931804138
221720000,0.000113368169444783
221760000,0.000118556918529393
221800000,0.000111146449956461
221840000,0.000114244975853652
221880000,0.000109402843088475
221920000,0.000109855923539556
221960000,0.000105518603064228
2.22e+08,0.000109180247557861
222040000,0.000111033900035144
222080000,0.000109081324301097
222120000,0.000117823197749047
222160000,0.000112518276394309
222200000,0.000108459915832812
222240000,0.000118457077484782
222280000,0.000110841474066568
222320000,0.000109798285396062
222360000,0.000115118152267801
222400000,0.00010919122961839
222440000,0.000108474613169596
222480000,0.000111062341601371
222520000,0.000116114357037796
222560000,0.000112295816857111
222600000,0.000116512973137716
222640000,0.000112476731116994
222680000,0.000112524803079926
222720000,0.000111478769531787
222760000,0.000114234705970517
222800000,0.00011414954855278
222840000,0.000111825896672624
222880000,0.000109121067814801
222920000,0.000110899387991343
222960000,0.000111346250027994
2.23e+08,0.000116121962490216
223040000,0.000112551040539292
223080000,0.000111249804633647
223120000,0.000113698582832144
223160000,0.000115717150568378
223200000,0.000110729309690091
223240000,0.000113074430792893
223280000,0.000117410034647636
223320000,0.00011424323420442
223360000,0.000111934334408373
223400000,0.00011249022428764
223440000,0.000120635320584046
223480000,0.000147127405668296
223520000,0.000121126806370976
223560000,0.000117175883135126
223600000,0.000108175061548778
223640000,0.000109808691564893
223680000,0.000115012558837346
223720000,0.000116808308000178
223760000,0.000114377641558963
223800000,0.000114957227660365
223840000,0.000121502599105161
223880000,0.000116633894636169
223920000,0.000110653654044096
223960000,0.000111650616902123
2.24e+08,0.000119146118387743
224040000,0.000111654218002269
224080000,0.000117961872329039
224120000,0.000110005788696487
224160000,0.000120378560979926
224200000,0.00011251399374627
224240000,0.000106972143545453
224280000,0.000117826024245591
224320000,0.000109058467385208
224360000,0.000110439075999026
224400000,0.000110530250091505
224440000,0.000108082275612842
224480000,0.000119109766872764
224520000,0.000111588868575177
224560000,0.000115118506097861
224600000,0.000111815559213907
224640000,0.000113913412243156
224680000,0.00011058347479183
224720000,0.000120300590622564
224760000,0.000118053319138942
224800000,0.000110985909063599
224840000,0.000112749821489399
224880000,0.000113845591529477
224920000,0.000118796396001368
224960000,0.000118247952761708
2.25e+08,0.000114622083486971
225040000,0.000114950949616968
225080000,0.000112509166789426
225120000,0.000116408778835954
225160000,0.000114352046805853
225200000,0.000110329368392575
225240000,0.000111924425664719
225280000,0.000109913469010233
225320000,0.000117501409008244
225360000,0.000108989409348947
225400000,0.000120326617915139
225440000,0.000116069337116516
225480000,0.000112036520725126
225520000,0.00011430082008662
225560000,0.00011540727173309
225600000,0.000109383433448103
225640000,0.000112160021901378
225680000,0.000116608549642286
225720000,0.000111541614090375
225760000,0.000115010945639766
225800000,0.000109685978771259
225840000,0.000111112649959567
225880000,0.000122672548213739
225920000,0.000116236615859227
225960000,0.000109484558828998
2.26e+08,0.000112131865837573
226040000,0.000108642486220559
226080000,0.000109959358941003
226120000,0.000107715493096431
226160000,0.000108820645312684
226200000,0.000114488949220004
226240000,0.000113614536905321
226280000,0.000113119865733058
226320000,0.000112637585497551
226360000,0.000106765825590712
226400000,0.000110110413548525
226440000,0.000112054300334661
226480000,0.000104785867459322
226520000,0.000107098921619296
226560000,0.000118615146686451
226600000,0.000113193136938396
226640000,0.000110948404165536
226680000,0.000114068702458501
226720000,0.000117053717462211
226760000,0.000113592900840877
226800000,0.000115260762704614
226840000,0.000111877618836999
226880000,0.000112457331897547
226920000,0.000113494559951558
226960000,0.000108457576487473
2.27e+08,0.000116874050278508
227040000,0.000114099435976223
227080000,0.00011098791591631
227120000,0.000120803013041682
227160000,0.000115700318735407
227200000,0.000110290281339476
227240000,0.000111548526236654
227280000,0.000114135640517828
227320000,0.000111616738088912
227360000,0.00011639744492227
227400000,0.000128490567801837
227440000,0.000119149869832994
227480000,0.00011184167242741
227520000,0.000110950210066755
227560000,0.000112065704840286
227600000,0.000116842492310945
227640000,0.000118293792495246
227680000,0.000116228806722906
227720000,0.000109402823248037
227760000,0.000112959070342623
227800000,0.000109684591146474
227840000,0.000114112255546866
227880000,0.000115924218712194
227920000,0.000116130019353519
227960000,0.000114306515398003
2.28e+08,0.000115191993928679
228040000,0.000114316333768923
228080000,0.000110544796661212
228120000,0.000111072912089734
228160000,0.000111751935368602
228200000,0.000108966983488032
228240000,0.000121503038410268
228280000,0.000123181393387547
228320000,0.00011250696180765
228360000,0.00011647059174306
228400000,0.000113444632597817
228440000,0.000114264854504864
228480000,0.000106342491636078
228520000,0.000119761683074583
228560000,0.000115596190500622
228600000,0.000118114901480429
228640000,0.000111900036014297
228680000,0.000117070557434438
228720000,0.000116368726232542
228760000,0.000107850602241787
228800000,0.000122418835526761
228840000,0.000118385417102686
228880000,0.000112130000662895
228920000,0.000115274622594742
228960000,0.000119218613508435
2.29e+08,0.000117258807997426
229040000,0.000115258190675642
229080000,0.000108863452453697
229120000,0.000113783132477015
229160000,0.000113059345427337
229200000,0.000123343194521666
229240000,0.000108818624871093
229280000,0.000107570221136207
229320000,0.000113351675033665
229360000,0.000111610295303301
229400000,0.000117883735058633
229440000,0.000107826769677427
229480000,0.000114455050416536
229520000,0.000112159375410403
229560000,0.000112763301314833
229600000,0.000113414828533043
229640000,0.00011348912239011
229680000,0.000117134732198333
229720000,0.000113959801507714
229760000,0.000106408828800989
229800000,0.000119032281939236
229840000,0.000112192630790371
229880000,0.000114009723180503
229920000,0.000121237127535059
229960000,0.000110158546106457
2.3e+08,0.000116305251724431
230040000,0.000112610957686124
230080000,0.000119796566173049
230120000,0.000112670147235359
230160000,0.000114153731909281
230200000,0.000126292335010069
230240000,0.000128279283679626
230280000,0.000111124087143711
230320000,0.000111856596960388
230360000,0.000116846162403495
230400000,0.000114943574584236
230440000,0.000115021238066532
230480000,0.000107588592449836
230520000,0.00011752131304657
230560000,0.000119037998513198
230600000,0.000120072858539778
230640000,0.000113176742356452
230680000,0.000108467181771737
230720000,0.000116718523770841
230760000,0.000112784662932189
230800000,0.000114453284731788
230840000,0.000118157877118938
230880000,0.000112192170620671
230920000,0.000109516280542127
230960000,0.000105824511818328
2.31e+08,0.000113387924025466
231040000,0.000116054913691948
231080000,0.000118754503524132
231120000,0.000109309974661137
231160000,0.000112176285508164
231200000,0.000119510152426163
231240000,0.000112861568221929
231280000,0.000116687402828051
231320000,0.000120573216672749
231360000,0.000116018782929285
231400000,0.000119629527214389
231440000,0.000109300659568051
231480000,0.000119452689720623
231520000,0.000127149680922756
231560000,0.000104997709546232
231600000,0.000123530690696973
231640000,0.000112750430955064
231680000,0.000124094944344487
231720000,0.000119689525688585
231760000,0.000119530827731368
231800000,0.00011731247848018
231840000,0.000113870603671903
231880000,0.000120670591817865
231920000,0.000122845932855169
231960000,0.00011755908129153
2.32e+08,0.000114402381047746
232040000,0.000114762367863583
232080000,0.000113197337236263
232120000,0.000115293369483312
232160000,0.000112252821206528
232200000,0.000120133082740624
232240000,0.00011647236853137
232280000,0.00011832082033226
232320000,0.000129200036544194
232360000,0.000109154267218711
232400000,0.000112166183834043
232440000,0.000113903798224381
232480000,0.000122062991004728
232520000,0.000117187152766686
232560000,0.000115915846729441
232600000,0.00012099164398408
232640000,0.000119638999217724
232680000,0.000124469343747945
232720000,0.000112861251773563
232760000,0.000117966428322854
232800000,0.00010919136121727
232840000,0.000113051249460408
232880000,0.000117099699661033
232920000,0.000115792566492199
232960000,0.000116619144757883
2.33e+08,0.000128113496094965
233040000,0.000124662792883428
233080000,0.000116979146422574
233120000,0.000121656426283357
233160000,0.000120495440962828
233200000,0.0001169049299696
233240000,0.000121492651758796
233280000,0.000123097044417815
233320000,0.000119115790878665
233360000,0.00011986233227541
233400000,0.000124577400744709
233440000,0.00012261379810997
233480000,0.000122500820716395
233520000,0.000115319632297706
233560000,0.000114554262296195
233600000,0.000115517887760358
233640000,0.00012221219455302
233680000,0.000119730573943643
233720000,0.000119282854310687
233760000,0.000116973740197606
233800000,0.000123794450324661
233840000,0.000115824607551805
233880000,0.000118600116014328
233920000,0.000123289575315169
233960000,0.00011967309426409
2.34e+08,0.000120485442303784
234040000,0.000128012762149244
234080000,0.000126998926496449
234120000,0.000124073112086049
234160000,0.000118603406363011
234200000,0.000117832501326661
234240000,0.000133115219832318
234280000,0.000131508196487083
234320000,0.000131042107059717
234360000,0.00012667657994244
234400000,0.000125204554677393
234440000,0.000124197125375127
234480000,0.000113547235448116
234520000,0.000120221913063047
234560000,0.000118022585877246
234600000,0.00012869280265899
234640000,0.000113860190194519
234680000,0.000124394183819018
234720000,0.00011865713481527
234760000,0.000132717629294239
234800000,0.000119456885351025
234840000,0.000122797421842413
234880000,0.000117431832206669
234920000,0.000119789114790668
234960000,0.000118965369277719
2.35e+08,0.000133980250234824
235040000,0.00013184456654166
235080000,0.000118442622949764
235120000,0.000112818506376229
235160000,0.000113791331380978
235200000,0.000129857164655472
235240000,0.000118947614888934
235280000,0.000124099781303966
235320000,0.000122945166630139
235360000,0.000119049825887902
235400000,0.000116826972474678
235440000,0.000129507184629397
235480000,0.00011812944194995
235520000,0.000114677823727383
235560000,0.00012511263210866
235600000,0.000120090193430431
235640000,0.000123914280812294
235680000,0.000127056386414469
235720000,0.000114952660277994
235760000,0.00012692263599019
235800000,0.000122509523017315
235840000,0.000120541686341407
235880000,0.000115369076244973
235920000,0.000115946466690182
235960000,0.000129186347357525
2.36e+08,0.00013548746478195
236040000,0.000140538882469609
236080000,0.000128887634814287
236120000,0.000131144721055965
236160000,0.000123265711642148
236200000,0.000118017251624389
236240000,0.000112771203220145
236280000,0.000117056966988233
236320000,0.000114711950596177
236360000,0.000107375988916472
236400000,0.000132230154544091
236440000,0.000116788518621405
236480000,0.000130205212058645
236520000,0.000126123912451037
236560000,0.000116505413829527
236600000,0.000123564556883028
236640000,0.000112201876479097
236680000,0.000125468629716579
236720000,0.000127575581559948
236760000,0.000120783777882432
236800000,0.000113499904772041
236840000,0.000124295550354023
236880000,0.000125785077625872
236920000,0.000131172100153167
236960000,0.000118977259613934
2.37e+08,0.000111382836466939
237040000,0.000118176633367976
237080000,0.000123538544336704
237120000,0.000123300294872623
237160000,0.000120615722777704
237200000,0.000127356074991519
237240000,0.000113853730097477
237280000,0.000140288928115556
237320000,0.000116678920894774
237360000,0.000113224198409993
237400000,0.000124872739005746
237440000,0.000124927635130866
237480000,0.000126404942260558
237520000,0.000118495179872747
237560000,0.000134610372373
237600000,0.000108631157794577
237640000,0.000122949939173863
237680000,0.000120694914506735
237720000,0.000118573067670716
237760000,0.000125267133657465
237800000,0.000114002804349056
237840000,0.000113332059741318
237880000,0.000123690514744727
237920000,0.0001468400428546
237960000,0.000112170319914748
2.38e+08,0.00012946207770613
238040000,0.000120789795025975
238080000,0.000130286275943383
238120000,0.000117887543889871
238160000,0.000119127409986869
238200000,0.00013117282523583
238240000,0.000122828314912768
238280000,0.000125346317731482
238320000,0.000119290468871726
238360000,0.000115831055186521
238400000,0.000139586531809591
238440000,0.000128743070340764
238480000,0.000119046031257883
238520000,0.000129732906737863
238560000,0.000125073190404379
238600000,0.000118108721552987
238640000,0.00013641332281745
238680000,0.00011830197250387
238720000,0.000131371988993496
238760000,0.000124285885137883
238800000,0.000128412183406299
238840000,0.000125556897346937
238880000,0.000127346806196789
238920000,0.000125237598251879
238960000,0.000127213158572479
2.39e+08,0.000117915196115787
239040000,0.000121210820334019
239080000,0.000120678043645606
239120000,0.000130892568231517
239160000,0.000139620009616375
239200000,0.000120741734097259
239240000,0.000119610249998912
239280000,0.000127852910409518
239320000,0.000146652230855978
239360000,0.000112732283526843
239400000,0.000118423835175529
239440000,0.000131003336682835
239480000,0.000127891400566568
239520000,0.000134487035959474
239560000,0.000131928774874534
239600000,0.000132891023753935
239640000,0.000127952642453321
239680000,0.000138699289738391
239720000,0.00012395661913109
239760000,0.000133139853665761
239800000,0.000123357736939732
239840000,0.000126231595344838
239880000,0.000128022494010655
239920000,0.000132163349743487
239960000,0.0001277004994771
2.4e+08,0.000124244370099853
240040000,0.000118890796944349
240080000,0.000132211264327217
240120000,0.000133281326550021
240160000,0.0001213166129918
240200000,0.000149618451248692
240240000,0.000146212916158974
240280000,0.000117881970127608
240320000,0.000120180012401971
240360000,0.000121339306713808
240400000,0.000134636225764046
240440000,0.000124970588784017
240480000,0.000119610056886802
240520000,0.000120750372312992
240560000,0.000134006676657061
240600000,0.000119666387100721
240640000,0.000125203665684103
240680000,0.0001340375202691
240720000,0.000116810096532932
240760000,0.000115063180577831
240800000,0.000127646736926947
240840000,0.000128295896037046
240880000,0.000135531579366103
240920000,0.000136555659988819
240960000,0.000122709685635696
2.41e+08,0.000120793477324799
241040000,0.0001557175900117
241080000,0.000144772654558286
241120000,0.000148691402428239
241160000,0.000128463696772981
241200000,0.000143932995068029
241240000,0.000149450063259597
241280000,0.000163022323033798
241320000,0.000153143388865002
241360000,0.000127580494948851
241400000,0.000130927599116659
241440000,0.000164337112372694
241480000,0.000146339565767885
241520000,0.000127623712567781
241560000,0.000139961280301323
241600000,0.000156727427814901
241640000,0.000126659047595704
241680000,0.000122661106170475
241720000,0.00016405697622213
241760000,0.000126394372283103
241800000,0.000132526314374483
241840000,0.000135878212347869
241880000,0.000119663381116554
241920000,0.000121222677841036
241960000,0.000157451690847163
2.42e+08,0.000131108106668119
242040000,0.000134754745263723
242080000,0.000136859393584007
242120000,0.000131469189094085
242160000,0.000137819840387464
242200000,0.000118589430073427
242240000,0.000136684981502546
242280000,0.0001411955291646
242320000,0.000157439674711536
242360000,0.000151699006017993
242400000,0.000147536133649498
242440000,0.000152491279491481
242480000,0.000145097844121165
242520000,0.000166954567321432
242560000,0.000172787058520883
242600000,0.000195041149464164
242640000,0.000186416274403326
242680000,0.000163249179730391
242720000,0.000169804047486147
242760000,0.00016825581800311
242800000,0.000148795959835689
242840000,0.000207011958817977
242880000,0.000200842530919637
242920000,0.000166609064957828
242960000,0.000191406799742412
2.43e+08,0.00015907675985315
243040000,0.000182947193917508
243080000,0.000146560669566069
243120000,0.000148685873514948
243160000,0.000122494995280688
243200000,0.000146430210462922
243240000,0.000155969091034033
243280000,0.000141283689004916
243320000,0.000131297785157221
243360000,0.000142071095434477
243400000,0.000121741812752046
243440000,0.000126611386877956
243480000,0.000131002992116977
243520000,0.0001295646921003
243560000,0.000152339518979024
243600000,0.000118696030168957
243640000,0.000121649473220335
243680000,0.000145850698553239
243720000,0.000133426149380126
243760000,0.000140518481596176
243800000,0.00012472982683975
243840000,0.000144748045433737
243880000,0.000133680952293645
243920000,0.000161327666809553
243960000,0.000172802403942131
2.44e+08,0.00014602388311927
244040000,0.000148557066789273
244080000,0.000135777129629101
244120000,0.000149002054910325
244160000,0.000132542929351511
244200000,0.000124255678769626
244240000,0.000149065801577006
244280000,0.000143770232276945
244320000,0.000119656069127031
244360000,0.000155005630326494
244400000,0.000138723948596329
244440000,0.000216242104604917
244480000,0.000117933753115054
244520000,0.000141106271392404
244560000,0.000155366766233382
244600000,0.000213252734957322
244640000,0.000156473256949411
244680000,0.000121772163238519
244720000,0.000132816437081372
244760000,0.000132183730083207
244800000,0.000126450683404648
244840000,0.000145015687822163
244880000,0.000136122286694701
244920000,0.000146373484764129
244960000,0.000159135359214596
2.45e+08,0.000202541978466246
245040000,0.000148196890221458
245080000,0.0001307398791909
245120000,0.000216156092180939
245160000,0.000151987290377741
245200000,0.000165672341188122
245240000,0.000298032414861078
245280000,0.000155171461454429
245320000,0.000159562514489045
245360000,0.000152468142176276
245400000,0.000144283651650302
245440000,0.000138780464718545
245480000,0.000159794076816747
245520000,0.000136625787559078
245560000,0.000141312512076241
245600000,0.000159885827429121
245640000,0.000155731522484133
245680000,0.000109114944284123
245720000,0.000162114862575758
245760000,0.00015890352507797
245800000,0.000184434586393987
245840000,0.000134577148597745
245880000,0.000169353660853961
245920000,0.000128354223212056
245960000,0.000142260592928825
2.46e+08,0.00014200965288991
246040000,0.000223389507509908
246080000,0.000155108759162441
246120000,0.000143434271413276
246160000,0.000260127432223618
246200000,0.000143561062726115
246240000,0.000141352785098493
246280000,0.000140804591045074
246320000,0.000138166591813744
246360000,0.000170476337413907
246400000,0.000165440465525133
246440000,0.00013778732776167
246480000,0.000220585722955481
246520000,0.000154448044519723
246560000,0.000179920572538962
246600000,0.000165075859020965
246640000,0.00012369964488199
246680000,0.000148685672678354
246720000,0.000380797333765789
246760000,0.00021216964434707
246800000,0.000139592003113139
246840000,0.000163322696494108
246880000,0.000168293424844076
246920000,0.000140644545420423
246960000,0.00013843364106156
2.47e+08,0.000230573221067058
247040000,0.000158430422769979
247080000,0.00016950375978204
247120000,0.000188601487669206
247160000,0.000170798310184983
247200000,0.000231444302226572
247240000,0.000109507491738988
247280000,0.000158487872606183
247320000,0.000202477323176803
247360000,0.000271318293877605
247400000,8.70445881656858e-05
247440000,0.000120486840748549
247600000,0.000251082562427273
247640000,0.000316441467020836
247680000,7.61770029589101e-05
247720000,0.000212920561801346
247760000,0.000123205639712711
247800000,0.000210187651423874
247840000,0.000198353513683048
247880000,0.000434088848293672
247920000,0.000177580984775139
247960000,0.000282223615223341
2.48e+08,0.000382028902517572
248040000,0.00155649205906499
248080000,0.000158591409155516
248160000,0.000251331247458817
248200000,0.000121148967287622
248240000,0.000138360874792483
248280000,0.000130554109745846
248320000,0.000131889814033295
248360000,0.000201988233218902
248400000,0.000213719098669071
248440000,0.000452786206669158
248480000,0.000443069626552416
